Workbook

Sheet Slot Map
A1: SLOT MAP — JADWAL KELAS PER LANE | Z1: helper: jam 15-menit per lane — jangan diubah
A2: Baris = jam, kolom = hari. Tiap sel: age group · terisi/kapasitas (%) · coach · assist coach. Warna = status keterisian. Ganti center di B4. | Z2: 06:00 | AA2: =IF(COUNTIFS('Reguler Class Availability'!$L:$L,$B$4&"|- Lane 1 - *|"&Z2)>0,1,0) -> 0 | AB2: =AA2 -> 0
Z3: 06:15 | AA3: =IF(COUNTIFS('Reguler Class Availability'!$L:$L,$B$4&"|- Lane 1 - *|"&Z3)>0,1,0) -> 0 | AB3: =AA3+AB2 -> 0
A4: Center | B4: KLM | C4: ← pilih center | Z4: 06:30 | AA4: =IF(COUNTIFS('Reguler Class Availability'!$L:$L,$B$4&"|- Lane 1 - *|"&Z4)>0,1,0) -> 0 | AB4: =AA4+AB3 -> 0
Z5: 06:45 | AA5: =IF(COUNTIFS('Reguler Class Availability'!$L:$L,$B$4&"|- Lane 1 - *|"&Z5)>0,1,0) -> 0 | AB5: =AA5+AB4 -> 0
A6: Ringkasan | B6: Utilisasi center | C6: Kursi terisi / kapasitas | D6: Belum terisi | E6: Slot kosong | F6: Penuh | G6: Lebih kapasitas | H6: Tutup | Z6: 07:00 | AA6: =IF(COUNTIFS('Reguler Class Availability'!$L:$L,$B$4&"|- Lane 1 - *|"&Z6)>0,1,0) -> 0 | AB6: =AA6+AB5 -> 0
B7: =IFERROR(SUMIFS('Reguler Class Availability'!$G:$G,'Reguler Class Availability'!$A:$A,$B$4,'Reguler Class Availability'!$F:$F,">0")/SUMIFS('Reguler Class Availability'!$F:$F,'Reguler Class Availability'!$A:$A,$B$4,'Reguler Class Availability'!$F:$F,">0"),"–") -> 0.52839821 | C7: =SUMIFS('Reguler Class Availability'!$G:$G,'Reguler Class Availability'!$A:$A,$B$4,'Reguler Class Availability'!$F:$F,">0")&" / "&SUMIFS('Reguler Class Availability'!$F:$F,'Reguler Class Availability'!$A:$A,$B$4,'Reguler Class Availability'!$F:$F,">0") -> 828 / 1567 | D7: =COUNTIF($R$1:$X$1000,"Belum terisi") -> 62 | E7: =COUNTIF($R$1:$X$1000,"Kosong") -> 56 | F7: =COUNTIF($R$1:$X$1000,"Penuh") -> 131 | G7: =COUNTIF($R$1:$X$1000,"Lebih") -> 24 | H7: =COUNTIF($R$1:$X$1000,"Tutup") -> 46 | Z7: 07:15 | AA7: =IF(COUNTIFS('Reguler Class Availability'!$L:$L,$B$4&"|- Lane 1 - *|"&Z7)>0,1,0) -> 0 | AB7: =AA7+AB6 -> 0
Z8: 07:30 | AA8: =IF(COUNTIFS('Reguler Class Availability'!$L:$L,$B$4&"|- Lane 1 - *|"&Z8)>0,1,0) -> 1 | AB8: =AA8+AB7 -> 1
A9: Warna | B9: Belum terisi (kelas ada, 0 murid) | C9: Slot kosong (belum ada kelas) | D9: Terisi < 60% | E9: Terisi 60–99% | F9: Penuh | G9: Lebih kapasitas | H9: Tutup (kapasitas 0) | Z9: 07:45 | AA9: =IF(COUNTIFS('Reguler Class Availability'!$L:$L,$B$4&"|- Lane 1 - *|"&Z9)>0,1,0) -> 0 | AB9: =AA9+AB8 -> 1
A10: Age group | B10: Baby · 6–17 bulan | C10: Tiny · 18–36 bulan | D10: Little · 3–5 tahun | E10: Kids · 5–8+ tahun | F10: Star · 9–12 tahun | Z10: 08:00 | AA10: =IF(COUNTIFS('Reguler Class Availability'!$L:$L,$B$4&"|- Lane 1 - *|"&Z10)>0,1,0) -> 0 | AB10: =AA10+AB9 -> 1
Z11: 08:15 | AA11: =IF(COUNTIFS('Reguler Class Availability'!$L:$L,$B$4&"|- Lane 1 - *|"&Z11)>0,1,0) -> 1 | AB11: =AA11+AB10 -> 2
A12: LANE 1 | C12: ="Utilisasi lane: "&IFERROR(TEXT(SUMIFS('Reguler Class Availability'!$G:$G,'Reguler Class Availability'!$A:$A,$B$4,'Reguler Class Availability'!$C:$C,"- Lane 1 - *",'Reguler Class Availability'!$F:$F,">0")/SUMIFS('Reguler Class Availability'!$F:$F,'Reguler Class Availability'!$A:$A,$B$4,'Reguler Class Availability'!$C:$C,"- Lane 1 - *",'Reguler Class Availability'!$F:$F,">0"),"0%"),"–")&" · Belum terisi: "&COUNTIF($R$14:$X$29,"Belum terisi")&" · Slot kosong: "&COUNTIF($R$14:$X$29,"Kosong") -> Utilisasi lane: 30% · Belum terisi: 15 · Slot kosong: 27 | Z12: 08:30 | AA12: =IF(COUNTIFS('Reguler Class Availability'!$L:$L,$B$4&"|- Lane 1 - *|"&Z12)>0,1,0) -> 0 | AB12: =AA12+AB11 -> 2
A13: Jam | B13: Senin | C13: Selasa | D13: Rabu | E13: Kamis | F13: Jumat | G13: Sabtu | H13: Minggu | Z13: 08:45 | AA13: =IF(COUNTIFS('Reguler Class Availability'!$L:$L,$B$4&"|- Lane 1 - *|"&Z13)>0,1,0) -> 0 | AB13: =AA13+AB12 -> 2
A14: =IFERROR(INDEX($Z$2:$Z$61,MATCH(1,$AB$2:$AB$61,0)),"") -> 07:30 | B14: =IF(J14="","",IF(R14="Tidak dibuka","–",IF(INDEX('Reguler Class Availability'!$B:$B,J14)&""="","Kosong",PROPER(INDEX('Reguler Class Availability'!$B:$B,J14)&""))&" "&IFERROR(--(INDEX('Reguler Class Availability'!$G:$G,J14)&""),0)&"/"&IFERROR(--(INDEX('Reguler Class Availability'!$F:$F,J14)&""),0)&IF(IFERROR(--(INDEX('Reguler Class Availability'!$F:$F,J14)&""),0)>0," ("&TEXT(IFERROR(--(INDEX('Reguler Class Availability'!$G:$G,J14)&""),0)/IFERROR(--(INDEX('Reguler Class Availability'!$F:$F,J14)&""),0),"0%")&")","")&CHAR(10)&IF(INDEX('Reguler Class Availability'!$I:$I,J14)&""="","coach: –",PROPER(INDEX('Reguler Class Availability'!$I:$I,J14)&""))&IF(INDEX('Reguler Class Availability'!$J:$J,J14)&""="","",CHAR(10)&"asst: "&PROPER(INDEX('Reguler Class Availability'!$J:$J,J14)&"")))) -> Star 0/8 (0%) coach: – | C14: =IF(K14="","",IF(S14="Tidak dibuka","–",IF(INDEX('Reguler Class Availability'!$B:$B,K14)&""="","Kosong",PROPER(INDEX('Reguler Class Availability'!$B:$B,K14)&""))&" "&IFERROR(--(INDEX('Reguler Class Availability'!$G:$G,K14)&""),0)&"/"&IFERROR(--(INDEX('Reguler Class Availability'!$F:$F,K14)&""),0)&IF(IFERROR(--(INDEX('Reguler Class Availability'!$F:$F,K14)&""),0)>0," ("&TEXT(IFERROR(--(INDEX('Reguler Class Availability'!$G:$G,K14)&""),0)/IFERROR(--(INDEX('Reguler Class Availability'!$F:$F,K14)&""),0),"0%")&")","")&CHAR(10)&IF(INDEX('Reguler Class Availability'!$I:$I,K14)&""="","coach: –",PROPER(INDEX('Reguler Class Availability'!$I:$I,K14)&""))&IF(INDEX('Reguler Class Availability'!$J:$J,K14)&""="","",CHAR(10)&"asst: "&PROPER(INDEX('Reguler Class Availability'!$J:$J,K14)&"")))) -> Star 0/8 (0%) coach: – | D14: =IF(L14="","",IF(T14="Tidak dibuka","–",IF(INDEX('Reguler Class Availability'!$B:$B,L14)&""="","Kosong",PROPER(INDEX('Reguler Class Availability'!$B:$B,L14)&""))&" "&IFERROR(--(INDEX('Reguler Class Availability'!$G:$G,L14)&""),0)&"/"&IFERROR(--(INDEX('Reguler Class Availability'!$F:$F,L14)&""),0)&IF(IFERROR(--(INDEX('Reguler Class Availability'!$F:$F,L14)&""),0)>0," ("&TEXT(IFERROR(--(INDEX('Reguler Class Availability'!$G:$G,L14)&""),0)/IFERROR(--(INDEX('Reguler Class Availability'!$F:$F,L14)&""),0),"0%")&")","")&CHAR(10)&IF(INDEX('Reguler Class Availability'!$I:$I,L14)&""="","coach: –",PROPER(INDEX('Reguler Class Availability'!$I:$I,L14)&""))&IF(INDEX('Reguler Class Availability'!$J:$J,L14)&""="","",CHAR(10)&"asst: "&PROPER(INDEX('Reguler Class Availability'!$J:$J,L14)&"")))) -> Star 0/8 (0%) coach: – | E14: =IF(M14="","",IF(U14="Tidak dibuka","–",IF(INDEX('Reguler Class Availability'!$B:$B,M14)&""="","Kosong",PROPER(INDEX('Reguler Class Availability'!$B:$B,M14)&""))&" "&IFERROR(--(INDEX('Reguler Class Availability'!$G:$G,M14)&""),0)&"/"&IFERROR(--(INDEX('Reguler Class Availability'!$F:$F,M14)&""),0)&IF(IFERROR(--(INDEX('Reguler Class Availability'!$F:$F,M14)&""),0)>0," ("&TEXT(IFERROR(--(INDEX('Reguler Class Availability'!$G:$G,M14)&""),0)/IFERROR(--(INDEX('Reguler Class Availability'!$F:$F,M14)&""),0),"0%")&")","")&CHAR(10)&IF(INDEX('Reguler Class Availability'!$I:$I,M14)&""="","coach: –",PROPER(INDEX('Reguler Class Availability'!$I:$I,M14)&""))&IF(INDEX('Reguler Class Availability'!$J:$J,M14)&""="","",CHAR(10)&"asst: "&PROPER(INDEX('Reguler Class Availability'!$J:$J,M14)&"")))) -> Star 0/8 (0%) coach: – | F14: =IF(N14="","",IF(V14="Tidak dibuka","–",IF(INDEX('Reguler Class Availability'!$B:$B,N14)&""="","Kosong",PROPER(INDEX('Reguler Class Availability'!$B:$B,N14)&""))&" "&IFERROR(--(INDEX('Reguler Class Availability'!$G:$G,N14)&""),0)&"/"&IFERROR(--(INDEX('Reguler Class Availability'!$F:$F,N14)&""),0)&IF(IFERROR(--(INDEX('Reguler Class Availability'!$F:$F,N14)&""),0)>0," ("&TEXT(IFERROR(--(INDEX('Reguler Class Availability'!$G:$G,N14)&""),0)/IFERROR(--(INDEX('Reguler Class Availability'!$F:$F,N14)&""),0),"0%")&")","")&CHAR(10)&IF(INDEX('Reguler Class Availability'!$I:$I,N14)&""="","coach: –",PROPER(INDEX('Reguler Class Availability'!$I:$I,N14)&""))&IF(INDEX('Reguler Class Availability'!$J:$J,N14)&""="","",CHAR(10)&"asst: "&PROPER(INDEX('Reguler Class Availability'!$J:$J,N14)&"")))) -> Star 0/8 (0%) coach: – | G14: =IF(O14="","",IF(W14="Tidak dibuka","–",IF(INDEX('Reguler Class Availability'!$B:$B,O14)&""="","Kosong",PROPER(INDEX('Reguler Class Availability'!$B:$B,O14)&""))&" "&IFERROR(--(INDEX('Reguler Class Availability'!$G:$G,O14)&""),0)&"/"&IFERROR(--(INDEX('Reguler Class Availability'!$F:$F,O14)&""),0)&IF(IFERROR(--(INDEX('Reguler Class Availability'!$F:$F,O14)&""),0)>0," ("&TEXT(IFERROR(--(INDEX('Reguler Class Availability'!$G:$G,O14)&""),0)/IFERROR(--(INDEX('Reguler Class Availability'!$F:$F,O14)&""),0),"0%")&")","")&CHAR(10)&IF(INDEX('Reguler Class Availability'!$I:$I,O14)&""="","coach: –",PROPER(INDEX('Reguler Class Availability'!$I:$I,O14)&""))&IF(INDEX('Reguler Class Availability'!$J:$J,O14)&""="","",CHAR(10)&"asst: "&PROPER(INDEX('Reguler Class Availability'!$J:$J,O14)&"")))) -> Star 0/8 (0%) coach: – | H14: =IF(P14="","",IF(X14="Tidak dibuka","–",IF(INDEX('Reguler Class Availability'!$B:$B,P14)&""="","Kosong",PROPER(INDEX('Reguler Class Availability'!$B:$B,P14)&""))&" "&IFERROR(--(INDEX('Reguler Class Availability'!$G:$G,P14)&""),0)&"/"&IFERROR(--(INDEX('Reguler Class Availability'!$F:$F,P14)&""),0)&IF(IFERROR(--(INDEX('Reguler Class Availability'!$F:$F,P14)&""),0)>0," ("&TEXT(IFERROR(--(INDEX('Reguler Class Availability'!$G:$G,P14)&""),0)/IFERROR(--(INDEX('Reguler Class Availability'!$F:$F,P14)&""),0),"0%")&")","")&CHAR(10)&IF(INDEX('Reguler Class Availability'!$I:$I,P14)&""="","coach: –",PROPER(INDEX('Reguler Class Availability'!$I:$I,P14)&""))&IF(INDEX('Reguler Class Availability'!$J:$J,P14)&""="","",CHAR(10)&"asst: "&PROPER(INDEX('Reguler Class Availability'!$J:$J,P14)&"")))) -> Star 0/8 (0%) coach: – | J14: =IF($A14="","",IFERROR(MATCH($B$4&"|- Lane 1 - "&B$13&"|"&$A14,'Reguler Class Availability'!$L:$L,0),"")) -> 86 | K14: =IF($A14="","",IFERROR(MATCH($B$4&"|- Lane 1 - "&C$13&"|"&$A14,'Reguler Class Availability'!$L:$L,0),"")) -> 87 | L14: =IF($A14="","",IFERROR(MATCH($B$4&"|- Lane 1 - "&D$13&"|"&$A14,'Reguler Class Availability'!$L:$L,0),"")) -> 88 | M14: =IF($A14="","",IFERROR(MATCH($B$4&"|- Lane 1 - "&E$13&"|"&$A14,'Reguler Class Availability'!$L:$L,0),"")) -> 89 | N14: =IF($A14="","",IFERROR(MATCH($B$4&"|- Lane 1 - "&F$13&"|"&$A14,'Reguler Class Availability'!$L:$L,0),"")) -> 90 | O14: =IF($A14="","",IFERROR(MATCH($B$4&"|- Lane 1 - "&G$13&"|"&$A14,'Reguler Class Availability'!$L:$L,0),"")) -> 91 | P14: =IF($A14="","",IFERROR(MATCH($B$4&"|- Lane 1 - "&H$13&"|"&$A14,'Reguler Class Availability'!$L:$L,0),"")) -> 92 | R14: =IF(J14="","",IF(AND(IFERROR(--(INDEX('Reguler Class Availability'!$F:$F,J14)&""),0)=0,IFERROR(--(INDEX('Reguler Class Availability'!$G:$G,J14)&""),0)=0),IF(OR(INDEX('Reguler Class Availability'!$B:$B,J14)&""<>"",INDEX('Reguler Class Availability'!$I:$I,J14)&""<>""),"Tutup","Tidak dibuka"),IF(IFERROR(--(INDEX('Reguler Class Availability'!$G:$G,J14)&""),0)>IFERROR(--(INDEX('Reguler Class Availability'!$F:$F,J14)&""),0),"Lebih",IF(IFERROR(--(INDEX('Reguler Class Availability'!$G:$G,J14)&""),0)=IFERROR(--(INDEX('Reguler Class Availability'!$F:$F,J14)&""),0),"Penuh",IF(IFERROR(--(INDEX('Reguler Class Availability'!$G:$G,J14)&""),0)=0,IF(INDEX('Reguler Class Availability'!$B:$B,J14)&""="","Kosong","Belum terisi"),IF(IFERROR(--(INDEX('Reguler Class Availability'!$G:$G,J14)&""),0)/IFERROR(--(INDEX('Reguler Class Availability'!$F:$F,J14)&""),0)>=0.6,"Tinggi","Sebagian")))))) -> Belum terisi | S14: =IF(K14="","",IF(AND(IFERROR(--(INDEX('Reguler Class Availability'!$F:$F,K14)&""),0)=0,IFERROR(--(INDEX('Reguler Class Availability'!$G:$G,K14)&""),0)=0),IF(OR(INDEX('Reguler Class Availability'!$B:$B,K14)&""<>"",INDEX('Reguler Class Availability'!$I:$I,K14)&""<>""),"Tutup","Tidak dibuka"),IF(IFERROR(--(INDEX('Reguler Class Availability'!$G:$G,K14)&""),0)>IFERROR(--(INDEX('Reguler Class Availability'!$F:$F,K14)&""),0),"Lebih",IF(IFERROR(--(INDEX('Reguler Class Availability'!$G:$G,K14)&""),0)=IFERROR(--(INDEX('Reguler Class Availability'!$F:$F,K14)&""),0),"Penuh",IF(IFERROR(--(INDEX('Reguler Class Availability'!$G:$G,K14)&""),0)=0,IF(INDEX('Reguler Class Availability'!$B:$B,K14)&""="","Kosong","Belum terisi"),IF(IFERROR(--(INDEX('Reguler Class Availability'!$G:$G,K14)&""),0)/IFERROR(--(INDEX('Reguler Class Availability'!$F:$F,K14)&""),0)>=0.6,"Tinggi","Sebagian")))))) -> Belum terisi | T14: =IF(L14="","",IF(AND(IFERROR(--(INDEX('Reguler Class Availability'!$F:$F,L14)&""),0)=0,IFERROR(--(INDEX('Reguler Class Availability'!$G:$G,L14)&""),0)=0),IF(OR(INDEX('Reguler Class Availability'!$B:$B,L14)&""<>"",INDEX('Reguler Class Availability'!$I:$I,L14)&""<>""),"Tutup","Tidak dibuka"),IF(IFERROR(--(INDEX('Reguler Class Availability'!$G:$G,L14)&""),0)>IFERROR(--(INDEX('Reguler Class Availability'!$F:$F,L14)&""),0),"Lebih",IF(IFERROR(--(INDEX('Reguler Class Availability'!$G:$G,L14)&""),0)=IFERROR(--(INDEX('Reguler Class Availability'!$F:$F,L14)&""),0),"Penuh",IF(IFERROR(--(INDEX('Reguler Class Availability'!$G:$G,L14)&""),0)=0,IF(INDEX('Reguler Class Availability'!$B:$B,L14)&""="","Kosong","Belum terisi"),IF(IFERROR(--(INDEX('Reguler Class Availability'!$G:$G,L14)&""),0)/IFERROR(--(INDEX('Reguler Class Availability'!$F:$F,L14)&""),0)>=0.6,"Tinggi","Sebagian")))))) -> Belum terisi | U14: =IF(M14="","",IF(AND(IFERROR(--(INDEX('Reguler Class Availability'!$F:$F,M14)&""),0)=0,IFERROR(--(INDEX('Reguler Class Availability'!$G:$G,M14)&""),0)=0),IF(OR(INDEX('Reguler Class Availability'!$B:$B,M14)&""<>"",INDEX('Reguler Class Availability'!$I:$I,M14)&""<>""),"Tutup","Tidak dibuka"),IF(IFERROR(--(INDEX('Reguler Class Availability'!$G:$G,M14)&""),0)>IFERROR(--(INDEX('Reguler Class Availability'!$F:$F,M14)&""),0),"Lebih",IF(IFERROR(--(INDEX('Reguler Class Availability'!$G:$G,M14)&""),0)=IFERROR(--(INDEX('Reguler Class Availability'!$F:$F,M14)&""),0),"Penuh",IF(IFERROR(--(INDEX('Reguler Class Availability'!$G:$G,M14)&""),0)=0,IF(INDEX('Reguler Class Availability'!$B:$B,M14)&""="","Kosong","Belum terisi"),IF(IFERROR(--(INDEX('Reguler Class Availability'!$G:$G,M14)&""),0)/IFERROR(--(INDEX('Reguler Class Availability'!$F:$F,M14)&""),0)>=0.6,"Tinggi","Sebagian")))))) -> Belum terisi | V14: =IF(N14="","",IF(AND(IFERROR(--(INDEX('Reguler Class Availability'!$F:$F,N14)&""),0)=0,IFERROR(--(INDEX('Reguler Class Availability'!$G:$G,N14)&""),0)=0),IF(OR(INDEX('Reguler Class Availability'!$B:$B,N14)&""<>"",INDEX('Reguler Class Availability'!$I:$I,N14)&""<>""),"Tutup","Tidak dibuka"),IF(IFERROR(--(INDEX('Reguler Class Availability'!$G:$G,N14)&""),0)>IFERROR(--(INDEX('Reguler Class Availability'!$F:$F,N14)&""),0),"Lebih",IF(IFERROR(--(INDEX('Reguler Class Availability'!$G:$G,N14)&""),0)=IFERROR(--(INDEX('Reguler Class Availability'!$F:$F,N14)&""),0),"Penuh",IF(IFERROR(--(INDEX('Reguler Class Availability'!$G:$G,N14)&""),0)=0,IF(INDEX('Reguler Class Availability'!$B:$B,N14)&""="","Kosong","Belum terisi"),IF(IFERROR(--(INDEX('Reguler Class Availability'!$G:$G,N14)&""),0)/IFERROR(--(INDEX('Reguler Class Availability'!$F:$F,N14)&""),0)>=0.6,"Tinggi","Sebagian")))))) -> Belum terisi | W14: =IF(O14="","",IF(AND(IFERROR(--(INDEX('Reguler Class Availability'!$F:$F,O14)&""),0)=0,IFERROR(--(INDEX('Reguler Class Availability'!$G:$G,O14)&""),0)=0),IF(OR(INDEX('Reguler Class Availability'!$B:$B,O14)&""<>"",INDEX('Reguler Class Availability'!$I:$I,O14)&""<>""),"Tutup","Tidak dibuka"),IF(IFERROR(--(INDEX('Reguler Class Availability'!$G:$G,O14)&""),0)>IFERROR(--(INDEX('Reguler Class Availability'!$F:$F,O14)&""),0),"Lebih",IF(IFERROR(--(INDEX('Reguler Class Availability'!$G:$G,O14)&""),0)=IFERROR(--(INDEX('Reguler Class Availability'!$F:$F,O14)&""),0),"Penuh",IF(IFERROR(--(INDEX('Reguler Class Availability'!$G:$G,O14)&""),0)=0,IF(INDEX('Reguler Class Availability'!$B:$B,O14)&""="","Kosong","Belum terisi"),IF(IFERROR(--(INDEX('Reguler Class Availability'!$G:$G,O14)&""),0)/IFERROR(--(INDEX('Reguler Class Availability'!$F:$F,O14)&""),0)>=0.6,"Tinggi","Sebagian")))))) -> Belum terisi | X14: =IF(P14="","",IF(AND(IFERROR(--(INDEX('Reguler Class Availability'!$F:$F,P14)&""),0)=0,IFERROR(--(INDEX('Reguler Class Availability'!$G:$G,P14)&""),0)=0),IF(OR(INDEX('Reguler Class Availability'!$B:$B,P14)&""<>"",INDEX('Reguler Class Availability'!$I:$I,P14)&""<>""),"Tutup","Tidak dibuka"),IF(IFERROR(--(INDEX('Reguler Class Availability'!$G:$G,P14)&""),0)>IFERROR(--(INDEX('Reguler Class Availability'!$F:$F,P14)&""),0),"Lebih",IF(IFERROR(--(INDEX('Reguler Class Availability'!$G:$G,P14)&""),0)=IFERROR(--(INDEX('Reguler Class Availability'!$F:$F,P14)&""),0),"Penuh",IF(IFERROR(--(INDEX('Reguler Class Availability'!$G:$G,P14)&""),0)=0,IF(INDEX('Reguler Class Availability'!$B:$B,P14)&""="","Kosong","Belum terisi"),IF(IFERROR(--(INDEX('Reguler Class Availability'!$G:$G,P14)&""),0)/IFERROR(--(INDEX('Reguler Class Availability'!$F:$F,P14)&""),0)>=0.6,"Tinggi","Sebagian")))))) -> Belum terisi | Z14: 09:00 | AA14: =IF(COUNTIFS('Reguler Class Availability'!$L:$L,$B$4&"|- Lane 1 - *|"&Z14)>0,1,0) -> 1 | AB14: =AA14+AB13 -> 3
A15: =IFERROR(INDEX($Z$2:$Z$61,MATCH(2,$AB$2:$AB$61,0)),"") -> 08:15 | B15: =IF(J15="","",IF(R15="Tidak dibuka","–",IF(INDEX('Reguler Class Availability'!$B:$B,J15)&""="","Kosong",PROPER(INDEX('Reguler Class Availability'!$B:$B,J15)&""))&" "&IFERROR(--(INDEX('Reguler Class Availability'!$G:$G,J15)&""),0)&"/"&IFERROR(--(INDEX('Reguler Class Availability'!$F:$F,J15)&""),0)&IF(IFERROR(--(INDEX('Reguler Class Availability'!$F:$F,J15)&""),0)>0," ("&TEXT(IFERROR(--(INDEX('Reguler Class Availability'!$G:$G,J15)&""),0)/IFERROR(--(INDEX('Reguler Class Availability'!$F:$F,J15)&""),0),"0%")&")","")&CHAR(10)&IF(INDEX('Reguler Class Availability'!$I:$I,J15)&""="","coach: –",PROPER(INDEX('Reguler Class Availability'!$I:$I,J15)&""))&IF(INDEX('Reguler Class Availability'!$J:$J,J15)&""="","",CHAR(10)&"asst: "&PROPER(INDEX('Reguler Class Availability'!$J:$J,J15)&"")))) -> – | C15: =IF(K15="","",IF(S15="Tidak dibuka","–",IF(INDEX('Reguler Class Availability'!$B:$B,K15)&""="","Kosong",PROPER(INDEX('Reguler Class Availability'!$B:$B,K15)&""))&" "&IFERROR(--(INDEX('Reguler Class Availability'!$G:$G,K15)&""),0)&"/"&IFERROR(--(INDEX('Reguler Class Availability'!$F:$F,K15)&""),0)&IF(IFERROR(--(INDEX('Reguler Class Availability'!$F:$F,K15)&""),0)>0," ("&TEXT(IFERROR(--(INDEX('Reguler Class Availability'!$G:$G,K15)&""),0)/IFERROR(--(INDEX('Reguler Class Availability'!$F:$F,K15)&""),0),"0%")&")","")&CHAR(10)&IF(INDEX('Reguler Class Availability'!$I:$I,K15)&""="","coach: –",PROPER(INDEX('Reguler Class Availability'!$I:$I,K15)&""))&IF(INDEX('Reguler Class Availability'!$J:$J,K15)&""="","",CHAR(10)&"asst: "&PROPER(INDEX('Reguler Class Availability'!$J:$J,K15)&"")))) -> – | D15: =IF(L15="","",IF(T15="Tidak dibuka","–",IF(INDEX('Reguler Class Availability'!$B:$B,L15)&""="","Kosong",PROPER(INDEX('Reguler Class Availability'!$B:$B,L15)&""))&" "&IFERROR(--(INDEX('Reguler Class Availability'!$G:$G,L15)&""),0)&"/"&IFERROR(--(INDEX('Reguler Class Availability'!$F:$F,L15)&""),0)&IF(IFERROR(--(INDEX('Reguler Class Availability'!$F:$F,L15)&""),0)>0," ("&TEXT(IFERROR(--(INDEX('Reguler Class Availability'!$G:$G,L15)&""),0)/IFERROR(--(INDEX('Reguler Class Availability'!$F:$F,L15)&""),0),"0%")&")","")&CHAR(10)&IF(INDEX('Reguler Class Availability'!$I:$I,L15)&""="","coach: –",PROPER(INDEX('Reguler Class Availability'!$I:$I,L15)&""))&IF(INDEX('Reguler Class Availability'!$J:$J,L15)&""="","",CHAR(10)&"asst: "&PROPER(INDEX('Reguler Class Availability'!$J:$J,L15)&"")))) -> – | E15: =IF(M15="","",IF(U15="Tidak dibuka","–",IF(INDEX('Reguler Class Availability'!$B:$B,M15)&""="","Kosong",PROPER(INDEX('Reguler Class Availability'!$B:$B,M15)&""))&" "&IFERROR(--(INDEX('Reguler Class Availability'!$G:$G,M15)&""),0)&"/"&IFERROR(--(INDEX('Reguler Class Availability'!$F:$F,M15)&""),0)&IF(IFERROR(--(INDEX('Reguler Class Availability'!$F:$F,M15)&""),0)>0," ("&TEXT(IFERROR(--(INDEX('Reguler Class Availability'!$G:$G,M15)&""),0)/IFERROR(--(INDEX('Reguler Class Availability'!$F:$F,M15)&""),0),"0%")&")","")&CHAR(10)&IF(INDEX('Reguler Class Availability'!$I:$I,M15)&""="","coach: –",PROPER(INDEX('Reguler Class Availability'!$I:$I,M15)&""))&IF(INDEX('Reguler Class Availability'!$J:$J,M15)&""="","",CHAR(10)&"asst: "&PROPER(INDEX('Reguler Class Availability'!$J:$J,M15)&"")))) -> – | F15: =IF(N15="","",IF(V15="Tidak dibuka","–",IF(INDEX('Reguler Class Availability'!$B:$B,N15)&""="","Kosong",PROPER(INDEX('Reguler Class Availability'!$B:$B,N15)&""))&" "&IFERROR(--(INDEX('Reguler Class Availability'!$G:$G,N15)&""),0)&"/"&IFERROR(--(INDEX('Reguler Class Availability'!$F:$F,N15)&""),0)&IF(IFERROR(--(INDEX('Reguler Class Availability'!$F:$F,N15)&""),0)>0," ("&TEXT(IFERROR(--(INDEX('Reguler Class Availability'!$G:$G,N15)&""),0)/IFERROR(--(INDEX('Reguler Class Availability'!$F:$F,N15)&""),0),"0%")&")","")&CHAR(10)&IF(INDEX('Reguler Class Availability'!$I:$I,N15)&""="","coach: –",PROPER(INDEX('Reguler Class Availability'!$I:$I,N15)&""))&IF(INDEX('Reguler Class Availability'!$J:$J,N15)&""="","",CHAR(10)&"asst: "&PROPER(INDEX('Reguler Class Availability'!$J:$J,N15)&"")))) -> – | G15: =IF(O15="","",IF(W15="Tidak dibuka","–",IF(INDEX('Reguler Class Availability'!$B:$B,O15)&""="","Kosong",PROPER(INDEX('Reguler Class Availability'!$B:$B,O15)&""))&" "&IFERROR(--(INDEX('Reguler Class Availability'!$G:$G,O15)&""),0)&"/"&IFERROR(--(INDEX('Reguler Class Availability'!$F:$F,O15)&""),0)&IF(IFERROR(--(INDEX('Reguler Class Availability'!$F:$F,O15)&""),0)>0," ("&TEXT(IFERROR(--(INDEX('Reguler Class Availability'!$G:$G,O15)&""),0)/IFERROR(--(INDEX('Reguler Class Availability'!$F:$F,O15)&""),0),"0%")&")","")&CHAR(10)&IF(INDEX('Reguler Class Availability'!$I:$I,O15)&""="","coach: –",PROPER(INDEX('Reguler Class Availability'!$I:$I,O15)&""))&IF(INDEX('Reguler Class Availability'!$J:$J,O15)&""="","",CHAR(10)&"asst: "&PROPER(INDEX('Reguler Class Availability'!$J:$J,O15)&"")))) -> – | H15: =IF(P15="","",IF(X15="Tidak dibuka","–",IF(INDEX('Reguler Class Availability'!$B:$B,P15)&""="","Kosong",PROPER(INDEX('Reguler Class Availability'!$B:$B,P15)&""))&" "&IFERROR(--(INDEX('Reguler Class Availability'!$G:$G,P15)&""),0)&"/"&IFERROR(--(INDEX('Reguler Class Availability'!$F:$F,P15)&""),0)&IF(IFERROR(--(INDEX('Reguler Class Availability'!$F:$F,P15)&""),0)>0," ("&TEXT(IFERROR(--(INDEX('Reguler Class Availability'!$G:$G,P15)&""),0)/IFERROR(--(INDEX('Reguler Class Availability'!$F:$F,P15)&""),0),"0%")&")","")&CHAR(10)&IF(INDEX('Reguler Class Availability'!$I:$I,P15)&""="","coach: –",PROPER(INDEX('Reguler Class Availability'!$I:$I,P15)&""))&IF(INDEX('Reguler Class Availability'!$J:$J,P15)&""="","",CHAR(10)&"asst: "&PROPER(INDEX('Reguler Class Availability'!$J:$J,P15)&"")))) -> – | J15: =IF($A15="","",IFERROR(MATCH($B$4&"|- Lane 1 - "&B$13&"|"&$A15,'Reguler Class Availability'!$L:$L,0),"")) -> 2 | K15: =IF($A15="","",IFERROR(MATCH($B$4&"|- Lane 1 - "&C$13&"|"&$A15,'Reguler Class Availability'!$L:$L,0),"")) -> 14 | L15: =IF($A15="","",IFERROR(MATCH($B$4&"|- Lane 1 - "&D$13&"|"&$A15,'Reguler Class Availability'!$L:$L,0),"")) -> 26 | M15: =IF($A15="","",IFERROR(MATCH($B$4&"|- Lane 1 - "&E$13&"|"&$A15,'Reguler Class Availability'!$L:$L,0),"")) -> 38 | N15: =IF($A15="","",IFERROR(MATCH($B$4&"|- Lane 1 - "&F$13&"|"&$A15,'Reguler Class Availability'!$L:$L,0),"")) -> 50 | O15: =IF($A15="","",IFERROR(MATCH($B$4&"|- Lane 1 - "&G$13&"|"&$A15,'Reguler Class Availability'!$L:$L,0),"")) -> 62 | P15: =IF($A15="","",IFERROR(MATCH($B$4&"|- Lane 1 - "&H$13&"|"&$A15,'Reguler Class Availability'!$L:$L,0),"")) -> 74 | R15: =IF(J15="","",IF(AND(IFERROR(--(INDEX('Reguler Class Availability'!$F:$F,J15)&""),0)=0,IFERROR(--(INDEX('Reguler Class Availability'!$G:$G,J15)&""),0)=0),IF(OR(INDEX('Reguler Class Availability'!$B:$B,J15)&""<>"",INDEX('Reguler Class Availability'!$I:$I,J15)&""<>""),"Tutup","Tidak dibuka"),IF(IFERROR(--(INDEX('Reguler Class Availability'!$G:$G,J15)&""),0)>IFERROR(--(INDEX('Reguler Class Availability'!$F:$F,J15)&""),0),"Lebih",IF(IFERROR(--(INDEX('Reguler Class Availability'!$G:$G,J15)&""),0)=IFERROR(--(INDEX('Reguler Class Availability'!$F:$F,J15)&""),0),"Penuh",IF(IFERROR(--(INDEX('Reguler Class Availability'!$G:$G,J15)&""),0)=0,IF(INDEX('Reguler Class Availability'!$B:$B,J15)&""="","Kosong","Belum terisi"),IF(IFERROR(--(INDEX('Reguler Class Availability'!$G:$G,J15)&""),0)/IFERROR(--(INDEX('Reguler Class Availability'!$F:$F,J15)&""),0)>=0.6,"Tinggi","Sebagian")))))) -> Tidak dibuka | S15: =IF(K15="","",IF(AND(IFERROR(--(INDEX('Reguler Class Availability'!$F:$F,K15)&""),0)=0,IFERROR(--(INDEX('Reguler Class Availability'!$G:$G,K15)&""),0)=0),IF(OR(INDEX('Reguler Class Availability'!$B:$B,K15)&""<>"",INDEX('Reguler Class Availability'!$I:$I,K15)&""<>""),"Tutup","Tidak dibuka"),IF(IFERROR(--(INDEX('Reguler Class Availability'!$G:$G,K15)&""),0)>IFERROR(--(INDEX('Reguler Class Availability'!$F:$F,K15)&""),0),"Lebih",IF(IFERROR(--(INDEX('Reguler Class Availability'!$G:$G,K15)&""),0)=IFERROR(--(INDEX('Reguler Class Availability'!$F:$F,K15)&""),0),"Penuh",IF(IFERROR(--(INDEX('Reguler Class Availability'!$G:$G,K15)&""),0)=0,IF(INDEX('Reguler Class Availability'!$B:$B,K15)&""="","Kosong","Belum terisi"),IF(IFERROR(--(INDEX('Reguler Class Availability'!$G:$G,K15)&""),0)/IFERROR(--(INDEX('Reguler Class Availability'!$F:$F,K15)&""),0)>=0.6,"Tinggi","Sebagian")))))) -> Tidak dibuka | T15: =IF(L15="","",IF(AND(IFERROR(--(INDEX('Reguler Class Availability'!$F:$F,L15)&""),0)=0,IFERROR(--(INDEX('Reguler Class Availability'!$G:$G,L15)&""),0)=0),IF(OR(INDEX('Reguler Class Availability'!$B:$B,L15)&""<>"",INDEX('Reguler Class Availability'!$I:$I,L15)&""<>""),"Tutup","Tidak dibuka"),IF(IFERROR(--(INDEX('Reguler Class Availability'!$G:$G,L15)&""),0)>IFERROR(--(INDEX('Reguler Class Availability'!$F:$F,L15)&""),0),"Lebih",IF(IFERROR(--(INDEX('Reguler Class Availability'!$G:$G,L15)&""),0)=IFERROR(--(INDEX('Reguler Class Availability'!$F:$F,L15)&""),0),"Penuh",IF(IFERROR(--(INDEX('Reguler Class Availability'!$G:$G,L15)&""),0)=0,IF(INDEX('Reguler Class Availability'!$B:$B,L15)&""="","Kosong","Belum terisi"),IF(IFERROR(--(INDEX('Reguler Class Availability'!$G:$G,L15)&""),0)/IFERROR(--(INDEX('Reguler Class Availability'!$F:$F,L15)&""),0)>=0.6,"Tinggi","Sebagian")))))) -> Tidak dibuka | U15: =IF(M15="","",IF(AND(IFERROR(--(INDEX('Reguler Class Availability'!$F:$F,M15)&""),0)=0,IFERROR(--(INDEX('Reguler Class Availability'!$G:$G,M15)&""),0)=0),IF(OR(INDEX('Reguler Class Availability'!$B:$B,M15)&""<>"",INDEX('Reguler Class Availability'!$I:$I,M15)&""<>""),"Tutup","Tidak dibuka"),IF(IFERROR(--(INDEX('Reguler Class Availability'!$G:$G,M15)&""),0)>IFERROR(--(INDEX('Reguler Class Availability'!$F:$F,M15)&""),0),"Lebih",IF(IFERROR(--(INDEX('Reguler Class Availability'!$G:$G,M15)&""),0)=IFERROR(--(INDEX('Reguler Class Availability'!$F:$F,M15)&""),0),"Penuh",IF(IFERROR(--(INDEX('Reguler Class Availability'!$G:$G,M15)&""),0)=0,IF(INDEX('Reguler Class Availability'!$B:$B,M15)&""="","Kosong","Belum terisi"),IF(IFERROR(--(INDEX('Reguler Class Availability'!$G:$G,M15)&""),0)/IFERROR(--(INDEX('Reguler Class Availability'!$F:$F,M15)&""),0)>=0.6,"Tinggi","Sebagian")))))) -> Tidak dibuka | V15: =IF(N15="","",IF(AND(IFERROR(--(INDEX('Reguler Class Availability'!$F:$F,N15)&""),0)=0,IFERROR(--(INDEX('Reguler Class Availability'!$G:$G,N15)&""),0)=0),IF(OR(INDEX('Reguler Class Availability'!$B:$B,N15)&""<>"",INDEX('Reguler Class Availability'!$I:$I,N15)&""<>""),"Tutup","Tidak dibuka"),IF(IFERROR(--(INDEX('Reguler Class Availability'!$G:$G,N15)&""),0)>IFERROR(--(INDEX('Reguler Class Availability'!$F:$F,N15)&""),0),"Lebih",IF(IFERROR(--(INDEX('Reguler Class Availability'!$G:$G,N15)&""),0)=IFERROR(--(INDEX('Reguler Class Availability'!$F:$F,N15)&""),0),"Penuh",IF(IFERROR(--(INDEX('Reguler Class Availability'!$G:$G,N15)&""),0)=0,IF(INDEX('Reguler Class Availability'!$B:$B,N15)&""="","Kosong","Belum terisi"),IF(IFERROR(--(INDEX('Reguler Class Availability'!$G:$G,N15)&""),0)/IFERROR(--(INDEX('Reguler Class Availability'!$F:$F,N15)&""),0)>=0.6,"Tinggi","Sebagian")))))) -> Tidak dibuka | W15: =IF(O15="","",IF(AND(IFERROR(--(INDEX('Reguler Class Availability'!$F:$F,O15)&""),0)=0,IFERROR(--(INDEX('Reguler Class Availability'!$G:$G,O15)&""),0)=0),IF(OR(INDEX('Reguler Class Availability'!$B:$B,O15)&""<>"",INDEX('Reguler Class Availability'!$I:$I,O15)&""<>""),"Tutup","Tidak dibuka"),IF(IFERROR(--(INDEX('Reguler Class Availability'!$G:$G,O15)&""),0)>IFERROR(--(INDEX('Reguler Class Availability'!$F:$F,O15)&""),0),"Lebih",IF(IFERROR(--(INDEX('Reguler Class Availability'!$G:$G,O15)&""),0)=IFERROR(--(INDEX('Reguler Class Availability'!$F:$F,O15)&""),0),"Penuh",IF(IFERROR(--(INDEX('Reguler Class Availability'!$G:$G,O15)&""),0)=0,IF(INDEX('Reguler Class Availability'!$B:$B,O15)&""="","Kosong","Belum terisi"),IF(IFERROR(--(INDEX('Reguler Class Availability'!$G:$G,O15)&""),0)/IFERROR(--(INDEX('Reguler Class Availability'!$F:$F,O15)&""),0)>=0.6,"Tinggi","Sebagian")))))) -> Tidak dibuka | X15: =IF(P15="","",IF(AND(IFERROR(--(INDEX('Reguler Class Availability'!$F:$F,P15)&""),0)=0,IFERROR(--(INDEX('Reguler Class Availability'!$G:$G,P15)&""),0)=0),IF(OR(INDEX('Reguler Class Availability'!$B:$B,P15)&""<>"",INDEX('Reguler Class Availability'!$I:$I,P15)&""<>""),"Tutup","Tidak dibuka"),IF(IFERROR(--(INDEX('Reguler Class Availability'!$G:$G,P15)&""),0)>IFERROR(--(INDEX('Reguler Class Availability'!$F:$F,P15)&""),0),"Lebih",IF(IFERROR(--(INDEX('Reguler Class Availability'!$G:$G,P15)&""),0)=IFERROR(--(INDEX('Reguler Class Availability'!$F:$F,P15)&""),0),"Penuh",IF(IFERROR(--(INDEX('Reguler Class Availability'!$G:$G,P15)&""),0)=0,IF(INDEX('Reguler Class Availability'!$B:$B,P15)&""="","Kosong","Belum terisi"),IF(IFERROR(--(INDEX('Reguler Class Availability'!$G:$G,P15)&""),0)/IFERROR(--(INDEX('Reguler Class Availability'!$F:$F,P15)&""),0)>=0.6,"Tinggi","Sebagian")))))) -> Tidak dibuka | Z15: 09:15 | AA15: =IF(COUNTIFS('Reguler Class Availability'!$L:$L,$B$4&"|- Lane 1 - *|"&Z15)>0,1,0) -> 0 | AB15: =AA15+AB14 -> 3
A16: =IFERROR(INDEX($Z$2:$Z$61,MATCH(3,$AB$2:$AB$61,0)),"") -> 09:00 | B16: =IF(J16="","",IF(R16="Tidak dibuka","–",IF(INDEX('Reguler Class Availability'!$B:$B,J16)&""="","Kosong",PROPER(INDEX('Reguler Class Availability'!$B:$B,J16)&""))&" "&IFERROR(--(INDEX('Reguler Class Availability'!$G:$G,J16)&""),0)&"/"&IFERROR(--(INDEX('Reguler Class Availability'!$F:$F,J16)&""),0)&IF(IFERROR(--(INDEX('Reguler Class Availability'!$F:$F,J16)&""),0)>0," ("&TEXT(IFERROR(--(INDEX('Reguler Class Availability'!$G:$G,J16)&""),0)/IFERROR(--(INDEX('Reguler Class Availability'!$F:$F,J16)&""),0),"0%")&")","")&CHAR(10)&IF(INDEX('Reguler Class Availability'!$I:$I,J16)&""="","coach: –",PROPER(INDEX('Reguler Class Availability'!$I:$I,J16)&""))&IF(INDEX('Reguler Class Availability'!$J:$J,J16)&""="","",CHAR(10)&"asst: "&PROPER(INDEX('Reguler Class Availability'!$J:$J,J16)&"")))) -> Kosong 0/5 (0%) coach: – | C16: =IF(K16="","",IF(S16="Tidak dibuka","–",IF(INDEX('Reguler Class Availability'!$B:$B,K16)&""="","Kosong",PROPER(INDEX('Reguler Class Availability'!$B:$B,K16)&""))&" "&IFERROR(--(INDEX('Reguler Class Availability'!$G:$G,K16)&""),0)&"/"&IFERROR(--(INDEX('Reguler Class Availability'!$F:$F,K16)&""),0)&IF(IFERROR(--(INDEX('Reguler Class Availability'!$F:$F,K16)&""),0)>0," ("&TEXT(IFERROR(--(INDEX('Reguler Class Availability'!$G:$G,K16)&""),0)/IFERROR(--(INDEX('Reguler Class Availability'!$F:$F,K16)&""),0),"0%")&")","")&CHAR(10)&IF(INDEX('Reguler Class Availability'!$I:$I,K16)&""="","coach: –",PROPER(INDEX('Reguler Class Availability'!$I:$I,K16)&""))&IF(INDEX('Reguler Class Availability'!$J:$J,K16)&""="","",CHAR(10)&"asst: "&PROPER(INDEX('Reguler Class Availability'!$J:$J,K16)&"")))) -> Kosong 0/5 (0%) coach: – | D16: =IF(L16="","",IF(T16="Tidak dibuka","–",IF(INDEX('Reguler Class Availability'!$B:$B,L16)&""="","Kosong",PROPER(INDEX('Reguler Class Availability'!$B:$B,L16)&""))&" "&IFERROR(--(INDEX('Reguler Class Availability'!$G:$G,L16)&""),0)&"/"&IFERROR(--(INDEX('Reguler Class Availability'!$F:$F,L16)&""),0)&IF(IFERROR(--(INDEX('Reguler Class Availability'!$F:$F,L16)&""),0)>0," ("&TEXT(IFERROR(--(INDEX('Reguler Class Availability'!$G:$G,L16)&""),0)/IFERROR(--(INDEX('Reguler Class Availability'!$F:$F,L16)&""),0),"0%")&")","")&CHAR(10)&IF(INDEX('Reguler Class Availability'!$I:$I,L16)&""="","coach: –",PROPER(INDEX('Reguler Class Availability'!$I:$I,L16)&""))&IF(INDEX('Reguler Class Availability'!$J:$J,L16)&""="","",CHAR(10)&"asst: "&PROPER(INDEX('Reguler Class Availability'!$J:$J,L16)&"")))) -> Baby 5/5 (100%) Nuky | E16: =IF(M16="","",IF(U16="Tidak dibuka","–",IF(INDEX('Reguler Class Availability'!$B:$B,M16)&""="","Kosong",PROPER(INDEX('Reguler Class Availability'!$B:$B,M16)&""))&" "&IFERROR(--(INDEX('Reguler Class Availability'!$G:$G,M16)&""),0)&"/"&IFERROR(--(INDEX('Reguler Class Availability'!$F:$F,M16)&""),0)&IF(IFERROR(--(INDEX('Reguler Class Availability'!$F:$F,M16)&""),0)>0," ("&TEXT(IFERROR(--(INDEX('Reguler Class Availability'!$G:$G,M16)&""),0)/IFERROR(--(INDEX('Reguler Class Availability'!$F:$F,M16)&""),0),"0%")&")","")&CHAR(10)&IF(INDEX('Reguler Class Availability'!$I:$I,M16)&""="","coach: –",PROPER(INDEX('Reguler Class Availability'!$I:$I,M16)&""))&IF(INDEX('Reguler Class Availability'!$J:$J,M16)&""="","",CHAR(10)&"asst: "&PROPER(INDEX('Reguler Class Availability'!$J:$J,M16)&"")))) -> Kosong 0/5 (0%) coach: – | F16: =IF(N16="","",IF(V16="Tidak dibuka","–",IF(INDEX('Reguler Class Availability'!$B:$B,N16)&""="","Kosong",PROPER(INDEX('Reguler Class Availability'!$B:$B,N16)&""))&" "&IFERROR(--(INDEX('Reguler Class Availability'!$G:$G,N16)&""),0)&"/"&IFERROR(--(INDEX('Reguler Class Availability'!$F:$F,N16)&""),0)&IF(IFERROR(--(INDEX('Reguler Class Availability'!$F:$F,N16)&""),0)>0," ("&TEXT(IFERROR(--(INDEX('Reguler Class Availability'!$G:$G,N16)&""),0)/IFERROR(--(INDEX('Reguler Class Availability'!$F:$F,N16)&""),0),"0%")&")","")&CHAR(10)&IF(INDEX('Reguler Class Availability'!$I:$I,N16)&""="","coach: –",PROPER(INDEX('Reguler Class Availability'!$I:$I,N16)&""))&IF(INDEX('Reguler Class Availability'!$J:$J,N16)&""="","",CHAR(10)&"asst: "&PROPER(INDEX('Reguler Class Availability'!$J:$J,N16)&"")))) -> Baby 5/5 (100%) Surya | G16: =IF(O16="","",IF(W16="Tidak dibuka","–",IF(INDEX('Reguler Class Availability'!$B:$B,O16)&""="","Kosong",PROPER(INDEX('Reguler Class Availability'!$B:$B,O16)&""))&" "&IFERROR(--(INDEX('Reguler Class Availability'!$G:$G,O16)&""),0)&"/"&IFERROR(--(INDEX('Reguler Class Availability'!$F:$F,O16)&""),0)&IF(IFERROR(--(INDEX('Reguler Class Availability'!$F:$F,O16)&""),0)>0," ("&TEXT(IFERROR(--(INDEX('Reguler Class Availability'!$G:$G,O16)&""),0)/IFERROR(--(INDEX('Reguler Class Availability'!$F:$F,O16)&""),0),"0%")&")","")&CHAR(10)&IF(INDEX('Reguler Class Availability'!$I:$I,O16)&""="","coach: –",PROPER(INDEX('Reguler Class Availability'!$I:$I,O16)&""))&IF(INDEX('Reguler Class Availability'!$J:$J,O16)&""="","",CHAR(10)&"asst: "&PROPER(INDEX('Reguler Class Availability'!$J:$J,O16)&"")))) -> Baby 5/5 (100%) Eka | H16: =IF(P16="","",IF(X16="Tidak dibuka","–",IF(INDEX('Reguler Class Availability'!$B:$B,P16)&""="","Kosong",PROPER(INDEX('Reguler Class Availability'!$B:$B,P16)&""))&" "&IFERROR(--(INDEX('Reguler Class Availability'!$G:$G,P16)&""),0)&"/"&IFERROR(--(INDEX('Reguler Class Availability'!$F:$F,P16)&""),0)&IF(IFERROR(--(INDEX('Reguler Class Availability'!$F:$F,P16)&""),0)>0," ("&TEXT(IFERROR(--(INDEX('Reguler Class Availability'!$G:$G,P16)&""),0)/IFERROR(--(INDEX('Reguler Class Availability'!$F:$F,P16)&""),0),"0%")&")","")&CHAR(10)&IF(INDEX('Reguler Class Availability'!$I:$I,P16)&""="","coach: –",PROPER(INDEX('Reguler Class Availability'!$I:$I,P16)&""))&IF(INDEX('Reguler Class Availability'!$J:$J,P16)&""="","",CHAR(10)&"asst: "&PROPER(INDEX('Reguler Class Availability'!$J:$J,P16)&"")))) -> Baby 5/5 (100%) Rischa | J16: =IF($A16="","",IFERROR(MATCH($B$4&"|- Lane 1 - "&B$13&"|"&$A16,'Reguler Class Availability'!$L:$L,0),"")) -> 3 | K16: =IF($A16="","",IFERROR(MATCH($B$4&"|- Lane 1 - "&C$13&"|"&$A16,'Reguler Class Availability'!$L:$L,0),"")) -> 15 | L16: =IF($A16="","",IFERROR(MATCH($B$4&"|- Lane 1 - "&D$13&"|"&$A16,'Reguler Class Availability'!$L:$L,0),"")) -> 27 | M16: =IF($A16="","",IFERROR(MATCH($B$4&"|- Lane 1 - "&E$13&"|"&$A16,'Reguler Class Availability'!$L:$L,0),"")) -> 39 | N16: =IF($A16="","",IFERROR(MATCH($B$4&"|- Lane 1 - "&F$13&"|"&$A16,'Reguler Class Availability'!$L:$L,0),"")) -> 51 | O16: =IF($A16="","",IFERROR(MATCH($B$4&"|- Lane 1 - "&G$13&"|"&$A16,'Reguler Class Availability'!$L:$L,0),"")) -> 63 | P16: =IF($A16="","",IFERROR(MATCH($B$4&"|- Lane 1 - "&H$13&"|"&$A16,'Reguler Class Availability'!$L:$L,0),"")) -> 75 | R16: =IF(J16="","",IF(AND(IFERROR(--(INDEX('Reguler Class Availability'!$F:$F,J16)&""),0)=0,IFERROR(--(INDEX('Reguler Class Availability'!$G:$G,J16)&""),0)=0),IF(OR(INDEX('Reguler Class Availability'!$B:$B,J16)&""<>"",INDEX('Reguler Class Availability'!$I:$I,J16)&""<>""),"Tutup","Tidak dibuka"),IF(IFERROR(--(INDEX('Reguler Class Availability'!$G:$G,J16)&""),0)>IFERROR(--(INDEX('Reguler Class Availability'!$F:$F,J16)&""),0),"Lebih",IF(IFERROR(--(INDEX('Reguler Class Availability'!$G:$G,J16)&""),0)=IFERROR(--(INDEX('Reguler Class Availability'!$F:$F,J16)&""),0),"Penuh",IF(IFERROR(--(INDEX('Reguler Class Availability'!$G:$G,J16)&""),0)=0,IF(INDEX('Reguler Class Availability'!$B:$B,J16)&""="","Kosong","Belum terisi"),IF(IFERROR(--(INDEX('Reguler Class Availability'!$G:$G,J16)&""),0)/IFERROR(--(INDEX('Reguler Class Availability'!$F:$F,J16)&""),0)>=0.6,"Tinggi","Sebagian")))))) -> Kosong | S16: =IF(K16="","",IF(AND(IFERROR(--(INDEX('Reguler Class Availability'!$F:$F,K16)&""),0)=0,IFERROR(--(INDEX('Reguler Class Availability'!$G:$G,K16)&""),0)=0),IF(OR(INDEX('Reguler Class Availability'!$B:$B,K16)&""<>"",INDEX('Reguler Class Availability'!$I:$I,K16)&""<>""),"Tutup","Tidak dibuka"),IF(IFERROR(--(INDEX('Reguler Class Availability'!$G:$G,K16)&""),0)>IFERROR(--(INDEX('Reguler Class Availability'!$F:$F,K16)&""),0),"Lebih",IF(IFERROR(--(INDEX('Reguler Class Availability'!$G:$G,K16)&""),0)=IFERROR(--(INDEX('Reguler Class Availability'!$F:$F,K16)&""),0),"Penuh",IF(IFERROR(--(INDEX('Reguler Class Availability'!$G:$G,K16)&""),0)=0,IF(INDEX('Reguler Class Availability'!$B:$B,K16)&""="","Kosong","Belum terisi"),IF(IFERROR(--(INDEX('Reguler Class Availability'!$G:$G,K16)&""),0)/IFERROR(--(INDEX('Reguler Class Availability'!$F:$F,K16)&""),0)>=0.6,"Tinggi","Sebagian")))))) -> Kosong | T16: =IF(L16="","",IF(AND(IFERROR(--(INDEX('Reguler Class Availability'!$F:$F,L16)&""),0)=0,IFERROR(--(INDEX('Reguler Class Availability'!$G:$G,L16)&""),0)=0),IF(OR(INDEX('Reguler Class Availability'!$B:$B,L16)&""<>"",INDEX('Reguler Class Availability'!$I:$I,L16)&""<>""),"Tutup","Tidak dibuka"),IF(IFERROR(--(INDEX('Reguler Class Availability'!$G:$G,L16)&""),0)>IFERROR(--(INDEX('Reguler Class Availability'!$F:$F,L16)&""),0),"Lebih",IF(IFERROR(--(INDEX('Reguler Class Availability'!$G:$G,L16)&""),0)=IFERROR(--(INDEX('Reguler Class Availability'!$F:$F,L16)&""),0),"Penuh",IF(IFERROR(--(INDEX('Reguler Class Availability'!$G:$G,L16)&""),0)=0,IF(INDEX('Reguler Class Availability'!$B:$B,L16)&""="","Kosong","Belum terisi"),IF(IFERROR(--(INDEX('Reguler Class Availability'!$G:$G,L16)&""),0)/IFERROR(--(INDEX('Reguler Class Availability'!$F:$F,L16)&""),0)>=0.6,"Tinggi","Sebagian")))))) -> Penuh | U16: =IF(M16="","",IF(AND(IFERROR(--(INDEX('Reguler Class Availability'!$F:$F,M16)&""),0)=0,IFERROR(--(INDEX('Reguler Class Availability'!$G:$G,M16)&""),0)=0),IF(OR(INDEX('Reguler Class Availability'!$B:$B,M16)&""<>"",INDEX('Reguler Class Availability'!$I:$I,M16)&""<>""),"Tutup","Tidak dibuka"),IF(IFERROR(--(INDEX('Reguler Class Availability'!$G:$G,M16)&""),0)>IFERROR(--(INDEX('Reguler Class Availability'!$F:$F,M16)&""),0),"Lebih",IF(IFERROR(--(INDEX('Reguler Class Availability'!$G:$G,M16)&""),0)=IFERROR(--(INDEX('Reguler Class Availability'!$F:$F,M16)&""),0),"Penuh",IF(IFERROR(--(INDEX('Reguler Class Availability'!$G:$G,M16)&""),0)=0,IF(INDEX('Reguler Class Availability'!$B:$B,M16)&""="","Kosong","Belum terisi"),IF(IFERROR(--(INDEX('Reguler Class Availability'!$G:$G,M16)&""),0)/IFERROR(--(INDEX('Reguler Class Availability'!$F:$F,M16)&""),0)>=0.6,"Tinggi","Sebagian")))))) -> Kosong | V16: =IF(N16="","",IF(AND(IFERROR(--(INDEX('Reguler Class Availability'!$F:$F,N16)&""),0)=0,IFERROR(--(INDEX('Reguler Class Availability'!$G:$G,N16)&""),0)=0),IF(OR(INDEX('Reguler Class Availability'!$B:$B,N16)&""<>"",INDEX('Reguler Class Availability'!$I:$I,N16)&""<>""),"Tutup","Tidak dibuka"),IF(IFERROR(--(INDEX('Reguler Class Availability'!$G:$G,N16)&""),0)>IFERROR(--(INDEX('Reguler Class Availability'!$F:$F,N16)&""),0),"Lebih",IF(IFERROR(--(INDEX('Reguler Class Availability'!$G:$G,N16)&""),0)=IFERROR(--(INDEX('Reguler Class Availability'!$F:$F,N16)&""),0),"Penuh",IF(IFERROR(--(INDEX('Reguler Class Availability'!$G:$G,N16)&""),0)=0,IF(INDEX('Reguler Class Availability'!$B:$B,N16)&""="","Kosong","Belum terisi"),IF(IFERROR(--(INDEX('Reguler Class Availability'!$G:$G,N16)&""),0)/IFERROR(--(INDEX('Reguler Class Availability'!$F:$F,N16)&""),0)>=0.6,"Tinggi","Sebagian")))))) -> Penuh | W16: =IF(O16="","",IF(AND(IFERROR(--(INDEX('Reguler Class Availability'!$F:$F,O16)&""),0)=0,IFERROR(--(INDEX('Reguler Class Availability'!$G:$G,O16)&""),0)=0),IF(OR(INDEX('Reguler Class Availability'!$B:$B,O16)&""<>"",INDEX('Reguler Class Availability'!$I:$I,O16)&""<>""),"Tutup","Tidak dibuka"),IF(IFERROR(--(INDEX('Reguler Class Availability'!$G:$G,O16)&""),0)>IFERROR(--(INDEX('Reguler Class Availability'!$F:$F,O16)&""),0),"Lebih",IF(IFERROR(--(INDEX('Reguler Class Availability'!$G:$G,O16)&""),0)=IFERROR(--(INDEX('Reguler Class Availability'!$F:$F,O16)&""),0),"Penuh",IF(IFERROR(--(INDEX('Reguler Class Availability'!$G:$G,O16)&""),0)=0,IF(INDEX('Reguler Class Availability'!$B:$B,O16)&""="","Kosong","Belum terisi"),IF(IFERROR(--(INDEX('Reguler Class Availability'!$G:$G,O16)&""),0)/IFERROR(--(INDEX('Reguler Class Availability'!$F:$F,O16)&""),0)>=0.6,"Tinggi","Sebagian")))))) -> Penuh | X16: =IF(P16="","",IF(AND(IFERROR(--(INDEX('Reguler Class Availability'!$F:$F,P16)&""),0)=0,IFERROR(--(INDEX('Reguler Class Availability'!$G:$G,P16)&""),0)=0),IF(OR(INDEX('Reguler Class Availability'!$B:$B,P16)&""<>"",INDEX('Reguler Class Availability'!$I:$I,P16)&""<>""),"Tutup","Tidak dibuka"),IF(IFERROR(--(INDEX('Reguler Class Availability'!$G:$G,P16)&""),0)>IFERROR(--(INDEX('Reguler Class Availability'!$F:$F,P16)&""),0),"Lebih",IF(IFERROR(--(INDEX('Reguler Class Availability'!$G:$G,P16)&""),0)=IFERROR(--(INDEX('Reguler Class Availability'!$F:$F,P16)&""),0),"Penuh",IF(IFERROR(--(INDEX('Reguler Class Availability'!$G:$G,P16)&""),0)=0,IF(INDEX('Reguler Class Availability'!$B:$B,P16)&""="","Kosong","Belum terisi"),IF(IFERROR(--(INDEX('Reguler Class Availability'!$G:$G,P16)&""),0)/IFERROR(--(INDEX('Reguler Class Availability'!$F:$F,P16)&""),0)>=0.6,"Tinggi","Sebagian")))))) -> Penuh | Z16: 09:30 | AA16: =IF(COUNTIFS('Reguler Class Availability'!$L:$L,$B$4&"|- Lane 1 - *|"&Z16)>0,1,0) -> 0 | AB16: =AA16+AB15 -> 3
A17: =IFERROR(INDEX($Z$2:$Z$61,MATCH(4,$AB$2:$AB$61,0)),"") -> 09:45 | B17: =IF(J17="","",IF(R17="Tidak dibuka","–",IF(INDEX('Reguler Class Availability'!$B:$B,J17)&""="","Kosong",PROPER(INDEX('Reguler Class Availability'!$B:$B,J17)&""))&" "&IFERROR(--(INDEX('Reguler Class Availability'!$G:$G,J17)&""),0)&"/"&IFERROR(--(INDEX('Reguler Class Availability'!$F:$F,J17)&""),0)&IF(IFERROR(--(INDEX('Reguler Class Availability'!$F:$F,J17)&""),0)>0," ("&TEXT(IFERROR(--(INDEX('Reguler Class Availability'!$G:$G,J17)&""),0)/IFERROR(--(INDEX('Reguler Class Availability'!$F:$F,J17)&""),0),"0%")&")","")&CHAR(10)&IF(INDEX('Reguler Class Availability'!$I:$I,J17)&""="","coach: –",PROPER(INDEX('Reguler Class Availability'!$I:$I,J17)&""))&IF(INDEX('Reguler Class Availability'!$J:$J,J17)&""="","",CHAR(10)&"asst: "&PROPER(INDEX('Reguler Class Availability'!$J:$J,J17)&"")))) -> Kosong 0/5 (0%) coach: – | C17: =IF(K17="","",IF(S17="Tidak dibuka","–",IF(INDEX('Reguler Class Availability'!$B:$B,K17)&""="","Kosong",PROPER(INDEX('Reguler Class Availability'!$B:$B,K17)&""))&" "&IFERROR(--(INDEX('Reguler Class Availability'!$G:$G,K17)&""),0)&"/"&IFERROR(--(INDEX('Reguler Class Availability'!$F:$F,K17)&""),0)&IF(IFERROR(--(INDEX('Reguler Class Availability'!$F:$F,K17)&""),0)>0," ("&TEXT(IFERROR(--(INDEX('Reguler Class Availability'!$G:$G,K17)&""),0)/IFERROR(--(INDEX('Reguler Class Availability'!$F:$F,K17)&""),0),"0%")&")","")&CHAR(10)&IF(INDEX('Reguler Class Availability'!$I:$I,K17)&""="","coach: –",PROPER(INDEX('Reguler Class Availability'!$I:$I,K17)&""))&IF(INDEX('Reguler Class Availability'!$J:$J,K17)&""="","",CHAR(10)&"asst: "&PROPER(INDEX('Reguler Class Availability'!$J:$J,K17)&"")))) -> Kosong 0/5 (0%) coach: – | D17: =IF(L17="","",IF(T17="Tidak dibuka","–",IF(INDEX('Reguler Class Availability'!$B:$B,L17)&""="","Kosong",PROPER(INDEX('Reguler Class Availability'!$B:$B,L17)&""))&" "&IFERROR(--(INDEX('Reguler Class Availability'!$G:$G,L17)&""),0)&"/"&IFERROR(--(INDEX('Reguler Class Availability'!$F:$F,L17)&""),0)&IF(IFERROR(--(INDEX('Reguler Class Availability'!$F:$F,L17)&""),0)>0," ("&TEXT(IFERROR(--(INDEX('Reguler Class Availability'!$G:$G,L17)&""),0)/IFERROR(--(INDEX('Reguler Class Availability'!$F:$F,L17)&""),0),"0%")&")","")&CHAR(10)&IF(INDEX('Reguler Class Availability'!$I:$I,L17)&""="","coach: –",PROPER(INDEX('Reguler Class Availability'!$I:$I,L17)&""))&IF(INDEX('Reguler Class Availability'!$J:$J,L17)&""="","",CHAR(10)&"asst: "&PROPER(INDEX('Reguler Class Availability'!$J:$J,L17)&"")))) -> Kosong 0/5 (0%) coach: – | E17: =IF(M17="","",IF(U17="Tidak dibuka","–",IF(INDEX('Reguler Class Availability'!$B:$B,M17)&""="","Kosong",PROPER(INDEX('Reguler Class Availability'!$B:$B,M17)&""))&" "&IFERROR(--(INDEX('Reguler Class Availability'!$G:$G,M17)&""),0)&"/"&IFERROR(--(INDEX('Reguler Class Availability'!$F:$F,M17)&""),0)&IF(IFERROR(--(INDEX('Reguler Class Availability'!$F:$F,M17)&""),0)>0," ("&TEXT(IFERROR(--(INDEX('Reguler Class Availability'!$G:$G,M17)&""),0)/IFERROR(--(INDEX('Reguler Class Availability'!$F:$F,M17)&""),0),"0%")&")","")&CHAR(10)&IF(INDEX('Reguler Class Availability'!$I:$I,M17)&""="","coach: –",PROPER(INDEX('Reguler Class Availability'!$I:$I,M17)&""))&IF(INDEX('Reguler Class Availability'!$J:$J,M17)&""="","",CHAR(10)&"asst: "&PROPER(INDEX('Reguler Class Availability'!$J:$J,M17)&"")))) -> Kosong 0/5 (0%) coach: – | F17: =IF(N17="","",IF(V17="Tidak dibuka","–",IF(INDEX('Reguler Class Availability'!$B:$B,N17)&""="","Kosong",PROPER(INDEX('Reguler Class Availability'!$B:$B,N17)&""))&" "&IFERROR(--(INDEX('Reguler Class Availability'!$G:$G,N17)&""),0)&"/"&IFERROR(--(INDEX('Reguler Class Availability'!$F:$F,N17)&""),0)&IF(IFERROR(--(INDEX('Reguler Class Availability'!$F:$F,N17)&""),0)>0," ("&TEXT(IFERROR(--(INDEX('Reguler Class Availability'!$G:$G,N17)&""),0)/IFERROR(--(INDEX('Reguler Class Availability'!$F:$F,N17)&""),0),"0%")&")","")&CHAR(10)&IF(INDEX('Reguler Class Availability'!$I:$I,N17)&""="","coach: –",PROPER(INDEX('Reguler Class Availability'!$I:$I,N17)&""))&IF(INDEX('Reguler Class Availability'!$J:$J,N17)&""="","",CHAR(10)&"asst: "&PROPER(INDEX('Reguler Class Availability'!$J:$J,N17)&"")))) -> Kosong 0/5 (0%) coach: – | G17: =IF(O17="","",IF(W17="Tidak dibuka","–",IF(INDEX('Reguler Class Availability'!$B:$B,O17)&""="","Kosong",PROPER(INDEX('Reguler Class Availability'!$B:$B,O17)&""))&" "&IFERROR(--(INDEX('Reguler Class Availability'!$G:$G,O17)&""),0)&"/"&IFERROR(--(INDEX('Reguler Class Availability'!$F:$F,O17)&""),0)&IF(IFERROR(--(INDEX('Reguler Class Availability'!$F:$F,O17)&""),0)>0," ("&TEXT(IFERROR(--(INDEX('Reguler Class Availability'!$G:$G,O17)&""),0)/IFERROR(--(INDEX('Reguler Class Availability'!$F:$F,O17)&""),0),"0%")&")","")&CHAR(10)&IF(INDEX('Reguler Class Availability'!$I:$I,O17)&""="","coach: –",PROPER(INDEX('Reguler Class Availability'!$I:$I,O17)&""))&IF(INDEX('Reguler Class Availability'!$J:$J,O17)&""="","",CHAR(10)&"asst: "&PROPER(INDEX('Reguler Class Availability'!$J:$J,O17)&"")))) -> Baby 5/5 (100%) Rischa | H17: =IF(P17="","",IF(X17="Tidak dibuka","–",IF(INDEX('Reguler Class Availability'!$B:$B,P17)&""="","Kosong",PROPER(INDEX('Reguler Class Availability'!$B:$B,P17)&""))&" "&IFERROR(--(INDEX('Reguler Class Availability'!$G:$G,P17)&""),0)&"/"&IFERROR(--(INDEX('Reguler Class Availability'!$F:$F,P17)&""),0)&IF(IFERROR(--(INDEX('Reguler Class Availability'!$F:$F,P17)&""),0)>0," ("&TEXT(IFERROR(--(INDEX('Reguler Class Availability'!$G:$G,P17)&""),0)/IFERROR(--(INDEX('Reguler Class Availability'!$F:$F,P17)&""),0),"0%")&")","")&CHAR(10)&IF(INDEX('Reguler Class Availability'!$I:$I,P17)&""="","coach: –",PROPER(INDEX('Reguler Class Availability'!$I:$I,P17)&""))&IF(INDEX('Reguler Class Availability'!$J:$J,P17)&""="","",CHAR(10)&"asst: "&PROPER(INDEX('Reguler Class Availability'!$J:$J,P17)&"")))) -> Baby 5/5 (100%) Zidane | J17: =IF($A17="","",IFERROR(MATCH($B$4&"|- Lane 1 - "&B$13&"|"&$A17,'Reguler Class Availability'!$L:$L,0),"")) -> 4 | K17: =IF($A17="","",IFERROR(MATCH($B$4&"|- Lane 1 - "&C$13&"|"&$A17,'Reguler Class Availability'!$L:$L,0),"")) -> 16 | L17: =IF($A17="","",IFERROR(MATCH($B$4&"|- Lane 1 - "&D$13&"|"&$A17,'Reguler Class Availability'!$L:$L,0),"")) -> 28 | M17: =IF($A17="","",IFERROR(MATCH($B$4&"|- Lane 1 - "&E$13&"|"&$A17,'Reguler Class Availability'!$L:$L,0),"")) -> 40 | N17: =IF($A17="","",IFERROR(MATCH($B$4&"|- Lane 1 - "&F$13&"|"&$A17,'Reguler Class Availability'!$L:$L,0),"")) -> 52 | O17: =IF($A17="","",IFERROR(MATCH($B$4&"|- Lane 1 - "&G$13&"|"&$A17,'Reguler Class Availability'!$L:$L,0),"")) -> 64 | P17: =IF($A17="","",IFERROR(MATCH($B$4&"|- Lane 1 - "&H$13&"|"&$A17,'Reguler Class Availability'!$L:$L,0),"")) -> 76 | R17: =IF(J17="","",IF(AND(IFERROR(--(INDEX('Reguler Class Availability'!$F:$F,J17)&""),0)=0,IFERROR(--(INDEX('Reguler Class Availability'!$G:$G,J17)&""),0)=0),IF(OR(INDEX('Reguler Class Availability'!$B:$B,J17)&""<>"",INDEX('Reguler Class Availability'!$I:$I,J17)&""<>""),"Tutup","Tidak dibuka"),IF(IFERROR(--(INDEX('Reguler Class Availability'!$G:$G,J17)&""),0)>IFERROR(--(INDEX('Reguler Class Availability'!$F:$F,J17)&""),0),"Lebih",IF(IFERROR(--(INDEX('Reguler Class Availability'!$G:$G,J17)&""),0)=IFERROR(--(INDEX('Reguler Class Availability'!$F:$F,J17)&""),0),"Penuh",IF(IFERROR(--(INDEX('Reguler Class Availability'!$G:$G,J17)&""),0)=0,IF(INDEX('Reguler Class Availability'!$B:$B,J17)&""="","Kosong","Belum terisi"),IF(IFERROR(--(INDEX('Reguler Class Availability'!$G:$G,J17)&""),0)/IFERROR(--(INDEX('Reguler Class Availability'!$F:$F,J17)&""),0)>=0.6,"Tinggi","Sebagian")))))) -> Kosong | S17: =IF(K17="","",IF(AND(IFERROR(--(INDEX('Reguler Class Availability'!$F:$F,K17)&""),0)=0,IFERROR(--(INDEX('Reguler Class Availability'!$G:$G,K17)&""),0)=0),IF(OR(INDEX('Reguler Class Availability'!$B:$B,K17)&""<>"",INDEX('Reguler Class Availability'!$I:$I,K17)&""<>""),"Tutup","Tidak dibuka"),IF(IFERROR(--(INDEX('Reguler Class Availability'!$G:$G,K17)&""),0)>IFERROR(--(INDEX('Reguler Class Availability'!$F:$F,K17)&""),0),"Lebih",IF(IFERROR(--(INDEX('Reguler Class Availability'!$G:$G,K17)&""),0)=IFERROR(--(INDEX('Reguler Class Availability'!$F:$F,K17)&""),0),"Penuh",IF(IFERROR(--(INDEX('Reguler Class Availability'!$G:$G,K17)&""),0)=0,IF(INDEX('Reguler Class Availability'!$B:$B,K17)&""="","Kosong","Belum terisi"),IF(IFERROR(--(INDEX('Reguler Class Availability'!$G:$G,K17)&""),0)/IFERROR(--(INDEX('Reguler Class Availability'!$F:$F,K17)&""),0)>=0.6,"Tinggi","Sebagian")))))) -> Kosong | T17: =IF(L17="","",IF(AND(IFERROR(--(INDEX('Reguler Class Availability'!$F:$F,L17)&""),0)=0,IFERROR(--(INDEX('Reguler Class Availability'!$G:$G,L17)&""),0)=0),IF(OR(INDEX('Reguler Class Availability'!$B:$B,L17)&""<>"",INDEX('Reguler Class Availability'!$I:$I,L17)&""<>""),"Tutup","Tidak dibuka"),IF(IFERROR(--(INDEX('Reguler Class Availability'!$G:$G,L17)&""),0)>IFERROR(--(INDEX('Reguler Class Availability'!$F:$F,L17)&""),0),"Lebih",IF(IFERROR(--(INDEX('Reguler Class Availability'!$G:$G,L17)&""),0)=IFERROR(--(INDEX('Reguler Class Availability'!$F:$F,L17)&""),0),"Penuh",IF(IFERROR(--(INDEX('Reguler Class Availability'!$G:$G,L17)&""),0)=0,IF(INDEX('Reguler Class Availability'!$B:$B,L17)&""="","Kosong","Belum terisi"),IF(IFERROR(--(INDEX('Reguler Class Availability'!$G:$G,L17)&""),0)/IFERROR(--(INDEX('Reguler Class Availability'!$F:$F,L17)&""),0)>=0.6,"Tinggi","Sebagian")))))) -> Kosong | U17: =IF(M17="","",IF(AND(IFERROR(--(INDEX('Reguler Class Availability'!$F:$F,M17)&""),0)=0,IFERROR(--(INDEX('Reguler Class Availability'!$G:$G,M17)&""),0)=0),IF(OR(INDEX('Reguler Class Availability'!$B:$B,M17)&""<>"",INDEX('Reguler Class Availability'!$I:$I,M17)&""<>""),"Tutup","Tidak dibuka"),IF(IFERROR(--(INDEX('Reguler Class Availability'!$G:$G,M17)&""),0)>IFERROR(--(INDEX('Reguler Class Availability'!$F:$F,M17)&""),0),"Lebih",IF(IFERROR(--(INDEX('Reguler Class Availability'!$G:$G,M17)&""),0)=IFERROR(--(INDEX('Reguler Class Availability'!$F:$F,M17)&""),0),"Penuh",IF(IFERROR(--(INDEX('Reguler Class Availability'!$G:$G,M17)&""),0)=0,IF(INDEX('Reguler Class Availability'!$B:$B,M17)&""="","Kosong","Belum terisi"),IF(IFERROR(--(INDEX('Reguler Class Availability'!$G:$G,M17)&""),0)/IFERROR(--(INDEX('Reguler Class Availability'!$F:$F,M17)&""),0)>=0.6,"Tinggi","Sebagian")))))) -> Kosong | V17: =IF(N17="","",IF(AND(IFERROR(--(INDEX('Reguler Class Availability'!$F:$F,N17)&""),0)=0,IFERROR(--(INDEX('Reguler Class Availability'!$G:$G,N17)&""),0)=0),IF(OR(INDEX('Reguler Class Availability'!$B:$B,N17)&""<>"",INDEX('Reguler Class Availability'!$I:$I,N17)&""<>""),"Tutup","Tidak dibuka"),IF(IFERROR(--(INDEX('Reguler Class Availability'!$G:$G,N17)&""),0)>IFERROR(--(INDEX('Reguler Class Availability'!$F:$F,N17)&""),0),"Lebih",IF(IFERROR(--(INDEX('Reguler Class Availability'!$G:$G,N17)&""),0)=IFERROR(--(INDEX('Reguler Class Availability'!$F:$F,N17)&""),0),"Penuh",IF(IFERROR(--(INDEX('Reguler Class Availability'!$G:$G,N17)&""),0)=0,IF(INDEX('Reguler Class Availability'!$B:$B,N17)&""="","Kosong","Belum terisi"),IF(IFERROR(--(INDEX('Reguler Class Availability'!$G:$G,N17)&""),0)/IFERROR(--(INDEX('Reguler Class Availability'!$F:$F,N17)&""),0)>=0.6,"Tinggi","Sebagian")))))) -> Kosong | W17: =IF(O17="","",IF(AND(IFERROR(--(INDEX('Reguler Class Availability'!$F:$F,O17)&""),0)=0,IFERROR(--(INDEX('Reguler Class Availability'!$G:$G,O17)&""),0)=0),IF(OR(INDEX('Reguler Class Availability'!$B:$B,O17)&""<>"",INDEX('Reguler Class Availability'!$I:$I,O17)&""<>""),"Tutup","Tidak dibuka"),IF(IFERROR(--(INDEX('Reguler Class Availability'!$G:$G,O17)&""),0)>IFERROR(--(INDEX('Reguler Class Availability'!$F:$F,O17)&""),0),"Lebih",IF(IFERROR(--(INDEX('Reguler Class Availability'!$G:$G,O17)&""),0)=IFERROR(--(INDEX('Reguler Class Availability'!$F:$F,O17)&""),0),"Penuh",IF(IFERROR(--(INDEX('Reguler Class Availability'!$G:$G,O17)&""),0)=0,IF(INDEX('Reguler Class Availability'!$B:$B,O17)&""="","Kosong","Belum terisi"),IF(IFERROR(--(INDEX('Reguler Class Availability'!$G:$G,O17)&""),0)/IFERROR(--(INDEX('Reguler Class Availability'!$F:$F,O17)&""),0)>=0.6,"Tinggi","Sebagian")))))) -> Penuh | X17: =IF(P17="","",IF(AND(IFERROR(--(INDEX('Reguler Class Availability'!$F:$F,P17)&""),0)=0,IFERROR(--(INDEX('Reguler Class Availability'!$G:$G,P17)&""),0)=0),IF(OR(INDEX('Reguler Class Availability'!$B:$B,P17)&""<>"",INDEX('Reguler Class Availability'!$I:$I,P17)&""<>""),"Tutup","Tidak dibuka"),IF(IFERROR(--(INDEX('Reguler Class Availability'!$G:$G,P17)&""),0)>IFERROR(--(INDEX('Reguler Class Availability'!$F:$F,P17)&""),0),"Lebih",IF(IFERROR(--(INDEX('Reguler Class Availability'!$G:$G,P17)&""),0)=IFERROR(--(INDEX('Reguler Class Availability'!$F:$F,P17)&""),0),"Penuh",IF(IFERROR(--(INDEX('Reguler Class Availability'!$G:$G,P17)&""),0)=0,IF(INDEX('Reguler Class Availability'!$B:$B,P17)&""="","Kosong","Belum terisi"),IF(IFERROR(--(INDEX('Reguler Class Availability'!$G:$G,P17)&""),0)/IFERROR(--(INDEX('Reguler Class Availability'!$F:$F,P17)&""),0)>=0.6,"Tinggi","Sebagian")))))) -> Penuh | Z17: 09:45 | AA17: =IF(COUNTIFS('Reguler Class Availability'!$L:$L,$B$4&"|- Lane 1 - *|"&Z17)>0,1,0) -> 1 | AB17: =AA17+AB16 -> 4
A18: =IFERROR(INDEX($Z$2:$Z$61,MATCH(5,$AB$2:$AB$61,0)),"") -> 10:30 | B18: =IF(J18="","",IF(R18="Tidak dibuka","–",IF(INDEX('Reguler Class Availability'!$B:$B,J18)&""="","Kosong",PROPER(INDEX('Reguler Class Availability'!$B:$B,J18)&""))&" "&IFERROR(--(INDEX('Reguler Class Availability'!$G:$G,J18)&""),0)&"/"&IFERROR(--(INDEX('Reguler Class Availability'!$F:$F,J18)&""),0)&IF(IFERROR(--(INDEX('Reguler Class Availability'!$F:$F,J18)&""),0)>0," ("&TEXT(IFERROR(--(INDEX('Reguler Class Availability'!$G:$G,J18)&""),0)/IFERROR(--(INDEX('Reguler Class Availability'!$F:$F,J18)&""),0),"0%")&")","")&CHAR(10)&IF(INDEX('Reguler Class Availability'!$I:$I,J18)&""="","coach: –",PROPER(INDEX('Reguler Class Availability'!$I:$I,J18)&""))&IF(INDEX('Reguler Class Availability'!$J:$J,J18)&""="","",CHAR(10)&"asst: "&PROPER(INDEX('Reguler Class Availability'!$J:$J,J18)&"")))) -> Baby 1/5 (20%) Danti | C18: =IF(K18="","",IF(S18="Tidak dibuka","–",IF(INDEX('Reguler Class Availability'!$B:$B,K18)&""="","Kosong",PROPER(INDEX('Reguler Class Availability'!$B:$B,K18)&""))&" "&IFERROR(--(INDEX('Reguler Class Availability'!$G:$G,K18)&""),0)&"/"&IFERROR(--(INDEX('Reguler Class Availability'!$F:$F,K18)&""),0)&IF(IFERROR(--(INDEX('Reguler Class Availability'!$F:$F,K18)&""),0)>0," ("&TEXT(IFERROR(--(INDEX('Reguler Class Availability'!$G:$G,K18)&""),0)/IFERROR(--(INDEX('Reguler Class Availability'!$F:$F,K18)&""),0),"0%")&")","")&CHAR(10)&IF(INDEX('Reguler Class Availability'!$I:$I,K18)&""="","coach: –",PROPER(INDEX('Reguler Class Availability'!$I:$I,K18)&""))&IF(INDEX('Reguler Class Availability'!$J:$J,K18)&""="","",CHAR(10)&"asst: "&PROPER(INDEX('Reguler Class Availability'!$J:$J,K18)&"")))) -> Baby 1/5 (20%) Zidane | D18: =IF(L18="","",IF(T18="Tidak dibuka","–",IF(INDEX('Reguler Class Availability'!$B:$B,L18)&""="","Kosong",PROPER(INDEX('Reguler Class Availability'!$B:$B,L18)&""))&" "&IFERROR(--(INDEX('Reguler Class Availability'!$G:$G,L18)&""),0)&"/"&IFERROR(--(INDEX('Reguler Class Availability'!$F:$F,L18)&""),0)&IF(IFERROR(--(INDEX('Reguler Class Availability'!$F:$F,L18)&""),0)>0," ("&TEXT(IFERROR(--(INDEX('Reguler Class Availability'!$G:$G,L18)&""),0)/IFERROR(--(INDEX('Reguler Class Availability'!$F:$F,L18)&""),0),"0%")&")","")&CHAR(10)&IF(INDEX('Reguler Class Availability'!$I:$I,L18)&""="","coach: –",PROPER(INDEX('Reguler Class Availability'!$I:$I,L18)&""))&IF(INDEX('Reguler Class Availability'!$J:$J,L18)&""="","",CHAR(10)&"asst: "&PROPER(INDEX('Reguler Class Availability'!$J:$J,L18)&"")))) -> Kosong 0/5 (0%) coach: – | E18: =IF(M18="","",IF(U18="Tidak dibuka","–",IF(INDEX('Reguler Class Availability'!$B:$B,M18)&""="","Kosong",PROPER(INDEX('Reguler Class Availability'!$B:$B,M18)&""))&" "&IFERROR(--(INDEX('Reguler Class Availability'!$G:$G,M18)&""),0)&"/"&IFERROR(--(INDEX('Reguler Class Availability'!$F:$F,M18)&""),0)&IF(IFERROR(--(INDEX('Reguler Class Availability'!$F:$F,M18)&""),0)>0," ("&TEXT(IFERROR(--(INDEX('Reguler Class Availability'!$G:$G,M18)&""),0)/IFERROR(--(INDEX('Reguler Class Availability'!$F:$F,M18)&""),0),"0%")&")","")&CHAR(10)&IF(INDEX('Reguler Class Availability'!$I:$I,M18)&""="","coach: –",PROPER(INDEX('Reguler Class Availability'!$I:$I,M18)&""))&IF(INDEX('Reguler Class Availability'!$J:$J,M18)&""="","",CHAR(10)&"asst: "&PROPER(INDEX('Reguler Class Availability'!$J:$J,M18)&"")))) -> Kosong 0/5 (0%) coach: – | F18: =IF(N18="","",IF(V18="Tidak dibuka","–",IF(INDEX('Reguler Class Availability'!$B:$B,N18)&""="","Kosong",PROPER(INDEX('Reguler Class Availability'!$B:$B,N18)&""))&" "&IFERROR(--(INDEX('Reguler Class Availability'!$G:$G,N18)&""),0)&"/"&IFERROR(--(INDEX('Reguler Class Availability'!$F:$F,N18)&""),0)&IF(IFERROR(--(INDEX('Reguler Class Availability'!$F:$F,N18)&""),0)>0," ("&TEXT(IFERROR(--(INDEX('Reguler Class Availability'!$G:$G,N18)&""),0)/IFERROR(--(INDEX('Reguler Class Availability'!$F:$F,N18)&""),0),"0%")&")","")&CHAR(10)&IF(INDEX('Reguler Class Availability'!$I:$I,N18)&""="","coach: –",PROPER(INDEX('Reguler Class Availability'!$I:$I,N18)&""))&IF(INDEX('Reguler Class Availability'!$J:$J,N18)&""="","",CHAR(10)&"asst: "&PROPER(INDEX('Reguler Class Availability'!$J:$J,N18)&"")))) -> Kosong 0/5 (0%) coach: – | G18: =IF(O18="","",IF(W18="Tidak dibuka","–",IF(INDEX('Reguler Class Availability'!$B:$B,O18)&""="","Kosong",PROPER(INDEX('Reguler Class Availability'!$B:$B,O18)&""))&" "&IFERROR(--(INDEX('Reguler Class Availability'!$G:$G,O18)&""),0)&"/"&IFERROR(--(INDEX('Reguler Class Availability'!$F:$F,O18)&""),0)&IF(IFERROR(--(INDEX('Reguler Class Availability'!$F:$F,O18)&""),0)>0," ("&TEXT(IFERROR(--(INDEX('Reguler Class Availability'!$G:$G,O18)&""),0)/IFERROR(--(INDEX('Reguler Class Availability'!$F:$F,O18)&""),0),"0%")&")","")&CHAR(10)&IF(INDEX('Reguler Class Availability'!$I:$I,O18)&""="","coach: –",PROPER(INDEX('Reguler Class Availability'!$I:$I,O18)&""))&IF(INDEX('Reguler Class Availability'!$J:$J,O18)&""="","",CHAR(10)&"asst: "&PROPER(INDEX('Reguler Class Availability'!$J:$J,O18)&"")))) -> Baby 5/5 (100%) Rischa | H18: =IF(P18="","",IF(X18="Tidak dibuka","–",IF(INDEX('Reguler Class Availability'!$B:$B,P18)&""="","Kosong",PROPER(INDEX('Reguler Class Availability'!$B:$B,P18)&""))&" "&IFERROR(--(INDEX('Reguler Class Availability'!$G:$G,P18)&""),0)&"/"&IFERROR(--(INDEX('Reguler Class Availability'!$F:$F,P18)&""),0)&IF(IFERROR(--(INDEX('Reguler Class Availability'!$F:$F,P18)&""),0)>0," ("&TEXT(IFERROR(--(INDEX('Reguler Class Availability'!$G:$G,P18)&""),0)/IFERROR(--(INDEX('Reguler Class Availability'!$F:$F,P18)&""),0),"0%")&")","")&CHAR(10)&IF(INDEX('Reguler Class Availability'!$I:$I,P18)&""="","coach: –",PROPER(INDEX('Reguler Class Availability'!$I:$I,P18)&""))&IF(INDEX('Reguler Class Availability'!$J:$J,P18)&""="","",CHAR(10)&"asst: "&PROPER(INDEX('Reguler Class Availability'!$J:$J,P18)&"")))) -> Baby 4/5 (80%) Nuky | J18: =IF($A18="","",IFERROR(MATCH($B$4&"|- Lane 1 - "&B$13&"|"&$A18,'Reguler Class Availability'!$L:$L,0),"")) -> 5 | K18: =IF($A18="","",IFERROR(MATCH($B$4&"|- Lane 1 - "&C$13&"|"&$A18,'Reguler Class Availability'!$L:$L,0),"")) -> 17 | L18: =IF($A18="","",IFERROR(MATCH($B$4&"|- Lane 1 - "&D$13&"|"&$A18,'Reguler Class Availability'!$L:$L,0),"")) -> 29 | M18: =IF($A18="","",IFERROR(MATCH($B$4&"|- Lane 1 - "&E$13&"|"&$A18,'Reguler Class Availability'!$L:$L,0),"")) -> 41 | N18: =IF($A18="","",IFERROR(MATCH($B$4&"|- Lane 1 - "&F$13&"|"&$A18,'Reguler Class Availability'!$L:$L,0),"")) -> 53 | O18: =IF($A18="","",IFERROR(MATCH($B$4&"|- Lane 1 - "&G$13&"|"&$A18,'Reguler Class Availability'!$L:$L,0),"")) -> 65 | P18: =IF($A18="","",IFERROR(MATCH($B$4&"|- Lane 1 - "&H$13&"|"&$A18,'Reguler Class Availability'!$L:$L,0),"")) -> 77 | R18: =IF(J18="","",IF(AND(IFERROR(--(INDEX('Reguler Class Availability'!$F:$F,J18)&""),0)=0,IFERROR(--(INDEX('Reguler Class Availability'!$G:$G,J18)&""),0)=0),IF(OR(INDEX('Reguler Class Availability'!$B:$B,J18)&""<>"",INDEX('Reguler Class Availability'!$I:$I,J18)&""<>""),"Tutup","Tidak dibuka"),IF(IFERROR(--(INDEX('Reguler Class Availability'!$G:$G,J18)&""),0)>IFERROR(--(INDEX('Reguler Class Availability'!$F:$F,J18)&""),0),"Lebih",IF(IFERROR(--(INDEX('Reguler Class Availability'!$G:$G,J18)&""),0)=IFERROR(--(INDEX('Reguler Class Availability'!$F:$F,J18)&""),0),"Penuh",IF(IFERROR(--(INDEX('Reguler Class Availability'!$G:$G,J18)&""),0)=0,IF(INDEX('Reguler Class Availability'!$B:$B,J18)&""="","Kosong","Belum terisi"),IF(IFERROR(--(INDEX('Reguler Class Availability'!$G:$G,J18)&""),0)/IFERROR(--(INDEX('Reguler Class Availability'!$F:$F,J18)&""),0)>=0.6,"Tinggi","Sebagian")))))) -> Sebagian | S18: =IF(K18="","",IF(AND(IFERROR(--(INDEX('Reguler Class Availability'!$F:$F,K18)&""),0)=0,IFERROR(--(INDEX('Reguler Class Availability'!$G:$G,K18)&""),0)=0),IF(OR(INDEX('Reguler Class Availability'!$B:$B,K18)&""<>"",INDEX('Reguler Class Availability'!$I:$I,K18)&""<>""),"Tutup","Tidak dibuka"),IF(IFERROR(--(INDEX('Reguler Class Availability'!$G:$G,K18)&""),0)>IFERROR(--(INDEX('Reguler Class Availability'!$F:$F,K18)&""),0),"Lebih",IF(IFERROR(--(INDEX('Reguler Class Availability'!$G:$G,K18)&""),0)=IFERROR(--(INDEX('Reguler Class Availability'!$F:$F,K18)&""),0),"Penuh",IF(IFERROR(--(INDEX('Reguler Class Availability'!$G:$G,K18)&""),0)=0,IF(INDEX('Reguler Class Availability'!$B:$B,K18)&""="","Kosong","Belum terisi"),IF(IFERROR(--(INDEX('Reguler Class Availability'!$G:$G,K18)&""),0)/IFERROR(--(INDEX('Reguler Class Availability'!$F:$F,K18)&""),0)>=0.6,"Tinggi","Sebagian")))))) -> Sebagian | T18: =IF(L18="","",IF(AND(IFERROR(--(INDEX('Reguler Class Availability'!$F:$F,L18)&""),0)=0,IFERROR(--(INDEX('Reguler Class Availability'!$G:$G,L18)&""),0)=0),IF(OR(INDEX('Reguler Class Availability'!$B:$B,L18)&""<>"",INDEX('Reguler Class Availability'!$I:$I,L18)&""<>""),"Tutup","Tidak dibuka"),IF(IFERROR(--(INDEX('Reguler Class Availability'!$G:$G,L18)&""),0)>IFERROR(--(INDEX('Reguler Class Availability'!$F:$F,L18)&""),0),"Lebih",IF(IFERROR(--(INDEX('Reguler Class Availability'!$G:$G,L18)&""),0)=IFERROR(--(INDEX('Reguler Class Availability'!$F:$F,L18)&""),0),"Penuh",IF(IFERROR(--(INDEX('Reguler Class Availability'!$G:$G,L18)&""),0)=0,IF(INDEX('Reguler Class Availability'!$B:$B,L18)&""="","Kosong","Belum terisi"),IF(IFERROR(--(INDEX('Reguler Class Availability'!$G:$G,L18)&""),0)/IFERROR(--(INDEX('Reguler Class Availability'!$F:$F,L18)&""),0)>=0.6,"Tinggi","Sebagian")))))) -> Kosong | U18: =IF(M18="","",IF(AND(IFERROR(--(INDEX('Reguler Class Availability'!$F:$F,M18)&""),0)=0,IFERROR(--(INDEX('Reguler Class Availability'!$G:$G,M18)&""),0)=0),IF(OR(INDEX('Reguler Class Availability'!$B:$B,M18)&""<>"",INDEX('Reguler Class Availability'!$I:$I,M18)&""<>""),"Tutup","Tidak dibuka"),IF(IFERROR(--(INDEX('Reguler Class Availability'!$G:$G,M18)&""),0)>IFERROR(--(INDEX('Reguler Class Availability'!$F:$F,M18)&""),0),"Lebih",IF(IFERROR(--(INDEX('Reguler Class Availability'!$G:$G,M18)&""),0)=IFERROR(--(INDEX('Reguler Class Availability'!$F:$F,M18)&""),0),"Penuh",IF(IFERROR(--(INDEX('Reguler Class Availability'!$G:$G,M18)&""),0)=0,IF(INDEX('Reguler Class Availability'!$B:$B,M18)&""="","Kosong","Belum terisi"),IF(IFERROR(--(INDEX('Reguler Class Availability'!$G:$G,M18)&""),0)/IFERROR(--(INDEX('Reguler Class Availability'!$F:$F,M18)&""),0)>=0.6,"Tinggi","Sebagian")))))) -> Kosong | V18: =IF(N18="","",IF(AND(IFERROR(--(INDEX('Reguler Class Availability'!$F:$F,N18)&""),0)=0,IFERROR(--(INDEX('Reguler Class Availability'!$G:$G,N18)&""),0)=0),IF(OR(INDEX('Reguler Class Availability'!$B:$B,N18)&""<>"",INDEX('Reguler Class Availability'!$I:$I,N18)&""<>""),"Tutup","Tidak dibuka"),IF(IFERROR(--(INDEX('Reguler Class Availability'!$G:$G,N18)&""),0)>IFERROR(--(INDEX('Reguler Class Availability'!$F:$F,N18)&""),0),"Lebih",IF(IFERROR(--(INDEX('Reguler Class Availability'!$G:$G,N18)&""),0)=IFERROR(--(INDEX('Reguler Class Availability'!$F:$F,N18)&""),0),"Penuh",IF(IFERROR(--(INDEX('Reguler Class Availability'!$G:$G,N18)&""),0)=0,IF(INDEX('Reguler Class Availability'!$B:$B,N18)&""="","Kosong","Belum terisi"),IF(IFERROR(--(INDEX('Reguler Class Availability'!$G:$G,N18)&""),0)/IFERROR(--(INDEX('Reguler Class Availability'!$F:$F,N18)&""),0)>=0.6,"Tinggi","Sebagian")))))) -> Kosong | W18: =IF(O18="","",IF(AND(IFERROR(--(INDEX('Reguler Class Availability'!$F:$F,O18)&""),0)=0,IFERROR(--(INDEX('Reguler Class Availability'!$G:$G,O18)&""),0)=0),IF(OR(INDEX('Reguler Class Availability'!$B:$B,O18)&""<>"",INDEX('Reguler Class Availability'!$I:$I,O18)&""<>""),"Tutup","Tidak dibuka"),IF(IFERROR(--(INDEX('Reguler Class Availability'!$G:$G,O18)&""),0)>IFERROR(--(INDEX('Reguler Class Availability'!$F:$F,O18)&""),0),"Lebih",IF(IFERROR(--(INDEX('Reguler Class Availability'!$G:$G,O18)&""),0)=IFERROR(--(INDEX('Reguler Class Availability'!$F:$F,O18)&""),0),"Penuh",IF(IFERROR(--(INDEX('Reguler Class Availability'!$G:$G,O18)&""),0)=0,IF(INDEX('Reguler Class Availability'!$B:$B,O18)&""="","Kosong","Belum terisi"),IF(IFERROR(--(INDEX('Reguler Class Availability'!$G:$G,O18)&""),0)/IFERROR(--(INDEX('Reguler Class Availability'!$F:$F,O18)&""),0)>=0.6,"Tinggi","Sebagian")))))) -> Penuh | X18: =IF(P18="","",IF(AND(IFERROR(--(INDEX('Reguler Class Availability'!$F:$F,P18)&""),0)=0,IFERROR(--(INDEX('Reguler Class Availability'!$G:$G,P18)&""),0)=0),IF(OR(INDEX('Reguler Class Availability'!$B:$B,P18)&""<>"",INDEX('Reguler Class Availability'!$I:$I,P18)&""<>""),"Tutup","Tidak dibuka"),IF(IFERROR(--(INDEX('Reguler Class Availability'!$G:$G,P18)&""),0)>IFERROR(--(INDEX('Reguler Class Availability'!$F:$F,P18)&""),0),"Lebih",IF(IFERROR(--(INDEX('Reguler Class Availability'!$G:$G,P18)&""),0)=IFERROR(--(INDEX('Reguler Class Availability'!$F:$F,P18)&""),0),"Penuh",IF(IFERROR(--(INDEX('Reguler Class Availability'!$G:$G,P18)&""),0)=0,IF(INDEX('Reguler Class Availability'!$B:$B,P18)&""="","Kosong","Belum terisi"),IF(IFERROR(--(INDEX('Reguler Class Availability'!$G:$G,P18)&""),0)/IFERROR(--(INDEX('Reguler Class Availability'!$F:$F,P18)&""),0)>=0.6,"Tinggi","Sebagian")))))) -> Tinggi | Z18: 10:00 | AA18: =IF(COUNTIFS('Reguler Class Availability'!$L:$L,$B$4&"|- Lane 1 - *|"&Z18)>0,1,0) -> 0 | AB18: =AA18+AB17 -> 4
A19: =IFERROR(INDEX($Z$2:$Z$61,MATCH(6,$AB$2:$AB$61,0)),"") -> 11:15 | B19: =IF(J19="","",IF(R19="Tidak dibuka","–",IF(INDEX('Reguler Class Availability'!$B:$B,J19)&""="","Kosong",PROPER(INDEX('Reguler Class Availability'!$B:$B,J19)&""))&" "&IFERROR(--(INDEX('Reguler Class Availability'!$G:$G,J19)&""),0)&"/"&IFERROR(--(INDEX('Reguler Class Availability'!$F:$F,J19)&""),0)&IF(IFERROR(--(INDEX('Reguler Class Availability'!$F:$F,J19)&""),0)>0," ("&TEXT(IFERROR(--(INDEX('Reguler Class Availability'!$G:$G,J19)&""),0)/IFERROR(--(INDEX('Reguler Class Availability'!$F:$F,J19)&""),0),"0%")&")","")&CHAR(10)&IF(INDEX('Reguler Class Availability'!$I:$I,J19)&""="","coach: –",PROPER(INDEX('Reguler Class Availability'!$I:$I,J19)&""))&IF(INDEX('Reguler Class Availability'!$J:$J,J19)&""="","",CHAR(10)&"asst: "&PROPER(INDEX('Reguler Class Availability'!$J:$J,J19)&"")))) -> Kosong 0/5 (0%) coach: – | C19: =IF(K19="","",IF(S19="Tidak dibuka","–",IF(INDEX('Reguler Class Availability'!$B:$B,K19)&""="","Kosong",PROPER(INDEX('Reguler Class Availability'!$B:$B,K19)&""))&" "&IFERROR(--(INDEX('Reguler Class Availability'!$G:$G,K19)&""),0)&"/"&IFERROR(--(INDEX('Reguler Class Availability'!$F:$F,K19)&""),0)&IF(IFERROR(--(INDEX('Reguler Class Availability'!$F:$F,K19)&""),0)>0," ("&TEXT(IFERROR(--(INDEX('Reguler Class Availability'!$G:$G,K19)&""),0)/IFERROR(--(INDEX('Reguler Class Availability'!$F:$F,K19)&""),0),"0%")&")","")&CHAR(10)&IF(INDEX('Reguler Class Availability'!$I:$I,K19)&""="","coach: –",PROPER(INDEX('Reguler Class Availability'!$I:$I,K19)&""))&IF(INDEX('Reguler Class Availability'!$J:$J,K19)&""="","",CHAR(10)&"asst: "&PROPER(INDEX('Reguler Class Availability'!$J:$J,K19)&"")))) -> Baby 2/5 (40%) Zidane | D19: =IF(L19="","",IF(T19="Tidak dibuka","–",IF(INDEX('Reguler Class Availability'!$B:$B,L19)&""="","Kosong",PROPER(INDEX('Reguler Class Availability'!$B:$B,L19)&""))&" "&IFERROR(--(INDEX('Reguler Class Availability'!$G:$G,L19)&""),0)&"/"&IFERROR(--(INDEX('Reguler Class Availability'!$F:$F,L19)&""),0)&IF(IFERROR(--(INDEX('Reguler Class Availability'!$F:$F,L19)&""),0)>0," ("&TEXT(IFERROR(--(INDEX('Reguler Class Availability'!$G:$G,L19)&""),0)/IFERROR(--(INDEX('Reguler Class Availability'!$F:$F,L19)&""),0),"0%")&")","")&CHAR(10)&IF(INDEX('Reguler Class Availability'!$I:$I,L19)&""="","coach: –",PROPER(INDEX('Reguler Class Availability'!$I:$I,L19)&""))&IF(INDEX('Reguler Class Availability'!$J:$J,L19)&""="","",CHAR(10)&"asst: "&PROPER(INDEX('Reguler Class Availability'!$J:$J,L19)&"")))) -> Baby 2/5 (40%) Nuky | E19: =IF(M19="","",IF(U19="Tidak dibuka","–",IF(INDEX('Reguler Class Availability'!$B:$B,M19)&""="","Kosong",PROPER(INDEX('Reguler Class Availability'!$B:$B,M19)&""))&" "&IFERROR(--(INDEX('Reguler Class Availability'!$G:$G,M19)&""),0)&"/"&IFERROR(--(INDEX('Reguler Class Availability'!$F:$F,M19)&""),0)&IF(IFERROR(--(INDEX('Reguler Class Availability'!$F:$F,M19)&""),0)>0," ("&TEXT(IFERROR(--(INDEX('Reguler Class Availability'!$G:$G,M19)&""),0)/IFERROR(--(INDEX('Reguler Class Availability'!$F:$F,M19)&""),0),"0%")&")","")&CHAR(10)&IF(INDEX('Reguler Class Availability'!$I:$I,M19)&""="","coach: –",PROPER(INDEX('Reguler Class Availability'!$I:$I,M19)&""))&IF(INDEX('Reguler Class Availability'!$J:$J,M19)&""="","",CHAR(10)&"asst: "&PROPER(INDEX('Reguler Class Availability'!$J:$J,M19)&"")))) -> Kosong 0/5 (0%) coach: – | F19: =IF(N19="","",IF(V19="Tidak dibuka","–",IF(INDEX('Reguler Class Availability'!$B:$B,N19)&""="","Kosong",PROPER(INDEX('Reguler Class Availability'!$B:$B,N19)&""))&" "&IFERROR(--(INDEX('Reguler Class Availability'!$G:$G,N19)&""),0)&"/"&IFERROR(--(INDEX('Reguler Class Availability'!$F:$F,N19)&""),0)&IF(IFERROR(--(INDEX('Reguler Class Availability'!$F:$F,N19)&""),0)>0," ("&TEXT(IFERROR(--(INDEX('Reguler Class Availability'!$G:$G,N19)&""),0)/IFERROR(--(INDEX('Reguler Class Availability'!$F:$F,N19)&""),0),"0%")&")","")&CHAR(10)&IF(INDEX('Reguler Class Availability'!$I:$I,N19)&""="","coach: –",PROPER(INDEX('Reguler Class Availability'!$I:$I,N19)&""))&IF(INDEX('Reguler Class Availability'!$J:$J,N19)&""="","",CHAR(10)&"asst: "&PROPER(INDEX('Reguler Class Availability'!$J:$J,N19)&"")))) -> Kosong 0/5 (0%) coach: – | G19: =IF(O19="","",IF(W19="Tidak dibuka","–",IF(INDEX('Reguler Class Availability'!$B:$B,O19)&""="","Kosong",PROPER(INDEX('Reguler Class Availability'!$B:$B,O19)&""))&" "&IFERROR(--(INDEX('Reguler Class Availability'!$G:$G,O19)&""),0)&"/"&IFERROR(--(INDEX('Reguler Class Availability'!$F:$F,O19)&""),0)&IF(IFERROR(--(INDEX('Reguler Class Availability'!$F:$F,O19)&""),0)>0," ("&TEXT(IFERROR(--(INDEX('Reguler Class Availability'!$G:$G,O19)&""),0)/IFERROR(--(INDEX('Reguler Class Availability'!$F:$F,O19)&""),0),"0%")&")","")&CHAR(10)&IF(INDEX('Reguler Class Availability'!$I:$I,O19)&""="","coach: –",PROPER(INDEX('Reguler Class Availability'!$I:$I,O19)&""))&IF(INDEX('Reguler Class Availability'!$J:$J,O19)&""="","",CHAR(10)&"asst: "&PROPER(INDEX('Reguler Class Availability'!$J:$J,O19)&"")))) -> Little 4/4 (100%) Tessa | H19: =IF(P19="","",IF(X19="Tidak dibuka","–",IF(INDEX('Reguler Class Availability'!$B:$B,P19)&""="","Kosong",PROPER(INDEX('Reguler Class Availability'!$B:$B,P19)&""))&" "&IFERROR(--(INDEX('Reguler Class Availability'!$G:$G,P19)&""),0)&"/"&IFERROR(--(INDEX('Reguler Class Availability'!$F:$F,P19)&""),0)&IF(IFERROR(--(INDEX('Reguler Class Availability'!$F:$F,P19)&""),0)>0," ("&TEXT(IFERROR(--(INDEX('Reguler Class Availability'!$G:$G,P19)&""),0)/IFERROR(--(INDEX('Reguler Class Availability'!$F:$F,P19)&""),0),"0%")&")","")&CHAR(10)&IF(INDEX('Reguler Class Availability'!$I:$I,P19)&""="","coach: –",PROPER(INDEX('Reguler Class Availability'!$I:$I,P19)&""))&IF(INDEX('Reguler Class Availability'!$J:$J,P19)&""="","",CHAR(10)&"asst: "&PROPER(INDEX('Reguler Class Availability'!$J:$J,P19)&"")))) -> Little 4/4 (100%) Gita | J19: =IF($A19="","",IFERROR(MATCH($B$4&"|- Lane 1 - "&B$13&"|"&$A19,'Reguler Class Availability'!$L:$L,0),"")) -> 6 | K19: =IF($A19="","",IFERROR(MATCH($B$4&"|- Lane 1 - "&C$13&"|"&$A19,'Reguler Class Availability'!$L:$L,0),"")) -> 18 | L19: =IF($A19="","",IFERROR(MATCH($B$4&"|- Lane 1 - "&D$13&"|"&$A19,'Reguler Class Availability'!$L:$L,0),"")) -> 30 | M19: =IF($A19="","",IFERROR(MATCH($B$4&"|- Lane 1 - "&E$13&"|"&$A19,'Reguler Class Availability'!$L:$L,0),"")) -> 42 | N19: =IF($A19="","",IFERROR(MATCH($B$4&"|- Lane 1 - "&F$13&"|"&$A19,'Reguler Class Availability'!$L:$L,0),"")) -> 54 | O19: =IF($A19="","",IFERROR(MATCH($B$4&"|- Lane 1 - "&G$13&"|"&$A19,'Reguler Class Availability'!$L:$L,0),"")) -> 66 | P19: =IF($A19="","",IFERROR(MATCH($B$4&"|- Lane 1 - "&H$13&"|"&$A19,'Reguler Class Availability'!$L:$L,0),"")) -> 78 | R19: =IF(J19="","",IF(AND(IFERROR(--(INDEX('Reguler Class Availability'!$F:$F,J19)&""),0)=0,IFERROR(--(INDEX('Reguler Class Availability'!$G:$G,J19)&""),0)=0),IF(OR(INDEX('Reguler Class Availability'!$B:$B,J19)&""<>"",INDEX('Reguler Class Availability'!$I:$I,J19)&""<>""),"Tutup","Tidak dibuka"),IF(IFERROR(--(INDEX('Reguler Class Availability'!$G:$G,J19)&""),0)>IFERROR(--(INDEX('Reguler Class Availability'!$F:$F,J19)&""),0),"Lebih",IF(IFERROR(--(INDEX('Reguler Class Availability'!$G:$G,J19)&""),0)=IFERROR(--(INDEX('Reguler Class Availability'!$F:$F,J19)&""),0),"Penuh",IF(IFERROR(--(INDEX('Reguler Class Availability'!$G:$G,J19)&""),0)=0,IF(INDEX('Reguler Class Availability'!$B:$B,J19)&""="","Kosong","Belum terisi"),IF(IFERROR(--(INDEX('Reguler Class Availability'!$G:$G,J19)&""),0)/IFERROR(--(INDEX('Reguler Class Availability'!$F:$F,J19)&""),0)>=0.6,"Tinggi","Sebagian")))))) -> Kosong | S19: =IF(K19="","",IF(AND(IFERROR(--(INDEX('Reguler Class Availability'!$F:$F,K19)&""),0)=0,IFERROR(--(INDEX('Reguler Class Availability'!$G:$G,K19)&""),0)=0),IF(OR(INDEX('Reguler Class Availability'!$B:$B,K19)&""<>"",INDEX('Reguler Class Availability'!$I:$I,K19)&""<>""),"Tutup","Tidak dibuka"),IF(IFERROR(--(INDEX('Reguler Class Availability'!$G:$G,K19)&""),0)>IFERROR(--(INDEX('Reguler Class Availability'!$F:$F,K19)&""),0),"Lebih",IF(IFERROR(--(INDEX('Reguler Class Availability'!$G:$G,K19)&""),0)=IFERROR(--(INDEX('Reguler Class Availability'!$F:$F,K19)&""),0),"Penuh",IF(IFERROR(--(INDEX('Reguler Class Availability'!$G:$G,K19)&""),0)=0,IF(INDEX('Reguler Class Availability'!$B:$B,K19)&""="","Kosong","Belum terisi"),IF(IFERROR(--(INDEX('Reguler Class Availability'!$G:$G,K19)&""),0)/IFERROR(--(INDEX('Reguler Class Availability'!$F:$F,K19)&""),0)>=0.6,"Tinggi","Sebagian")))))) -> Sebagian | T19: =IF(L19="","",IF(AND(IFERROR(--(INDEX('Reguler Class Availability'!$F:$F,L19)&""),0)=0,IFERROR(--(INDEX('Reguler Class Availability'!$G:$G,L19)&""),0)=0),IF(OR(INDEX('Reguler Class Availability'!$B:$B,L19)&""<>"",INDEX('Reguler Class Availability'!$I:$I,L19)&""<>""),"Tutup","Tidak dibuka"),IF(IFERROR(--(INDEX('Reguler Class Availability'!$G:$G,L19)&""),0)>IFERROR(--(INDEX('Reguler Class Availability'!$F:$F,L19)&""),0),"Lebih",IF(IFERROR(--(INDEX('Reguler Class Availability'!$G:$G,L19)&""),0)=IFERROR(--(INDEX('Reguler Class Availability'!$F:$F,L19)&""),0),"Penuh",IF(IFERROR(--(INDEX('Reguler Class Availability'!$G:$G,L19)&""),0)=0,IF(INDEX('Reguler Class Availability'!$B:$B,L19)&""="","Kosong","Belum terisi"),IF(IFERROR(--(INDEX('Reguler Class Availability'!$G:$G,L19)&""),0)/IFERROR(--(INDEX('Reguler Class Availability'!$F:$F,L19)&""),0)>=0.6,"Tinggi","Sebagian")))))) -> Sebagian | U19: =IF(M19="","",IF(AND(IFERROR(--(INDEX('Reguler Class Availability'!$F:$F,M19)&""),0)=0,IFERROR(--(INDEX('Reguler Class Availability'!$G:$G,M19)&""),0)=0),IF(OR(INDEX('Reguler Class Availability'!$B:$B,M19)&""<>"",INDEX('Reguler Class Availability'!$I:$I,M19)&""<>""),"Tutup","Tidak dibuka"),IF(IFERROR(--(INDEX('Reguler Class Availability'!$G:$G,M19)&""),0)>IFERROR(--(INDEX('Reguler Class Availability'!$F:$F,M19)&""),0),"Lebih",IF(IFERROR(--(INDEX('Reguler Class Availability'!$G:$G,M19)&""),0)=IFERROR(--(INDEX('Reguler Class Availability'!$F:$F,M19)&""),0),"Penuh",IF(IFERROR(--(INDEX('Reguler Class Availability'!$G:$G,M19)&""),0)=0,IF(INDEX('Reguler Class Availability'!$B:$B,M19)&""="","Kosong","Belum terisi"),IF(IFERROR(--(INDEX('Reguler Class Availability'!$G:$G,M19)&""),0)/IFERROR(--(INDEX('Reguler Class Availability'!$F:$F,M19)&""),0)>=0.6,"Tinggi","Sebagian")))))) -> Kosong | V19: =IF(N19="","",IF(AND(IFERROR(--(INDEX('Reguler Class Availability'!$F:$F,N19)&""),0)=0,IFERROR(--(INDEX('Reguler Class Availability'!$G:$G,N19)&""),0)=0),IF(OR(INDEX('Reguler Class Availability'!$B:$B,N19)&""<>"",INDEX('Reguler Class Availability'!$I:$I,N19)&""<>""),"Tutup","Tidak dibuka"),IF(IFERROR(--(INDEX('Reguler Class Availability'!$G:$G,N19)&""),0)>IFERROR(--(INDEX('Reguler Class Availability'!$F:$F,N19)&""),0),"Lebih",IF(IFERROR(--(INDEX('Reguler Class Availability'!$G:$G,N19)&""),0)=IFERROR(--(INDEX('Reguler Class Availability'!$F:$F,N19)&""),0),"Penuh",IF(IFERROR(--(INDEX('Reguler Class Availability'!$G:$G,N19)&""),0)=0,IF(INDEX('Reguler Class Availability'!$B:$B,N19)&""="","Kosong","Belum terisi"),IF(IFERROR(--(INDEX('Reguler Class Availability'!$G:$G,N19)&""),0)/IFERROR(--(INDEX('Reguler Class Availability'!$F:$F,N19)&""),0)>=0.6,"Tinggi","Sebagian")))))) -> Kosong | W19: =IF(O19="","",IF(AND(IFERROR(--(INDEX('Reguler Class Availability'!$F:$F,O19)&""),0)=0,IFERROR(--(INDEX('Reguler Class Availability'!$G:$G,O19)&""),0)=0),IF(OR(INDEX('Reguler Class Availability'!$B:$B,O19)&""<>"",INDEX('Reguler Class Availability'!$I:$I,O19)&""<>""),"Tutup","Tidak dibuka"),IF(IFERROR(--(INDEX('Reguler Class Availability'!$G:$G,O19)&""),0)>IFERROR(--(INDEX('Reguler Class Availability'!$F:$F,O19)&""),0),"Lebih",IF(IFERROR(--(INDEX('Reguler Class Availability'!$G:$G,O19)&""),0)=IFERROR(--(INDEX('Reguler Class Availability'!$F:$F,O19)&""),0),"Penuh",IF(IFERROR(--(INDEX('Reguler Class Availability'!$G:$G,O19)&""),0)=0,IF(INDEX('Reguler Class Availability'!$B:$B,O19)&""="","Kosong","Belum terisi"),IF(IFERROR(--(INDEX('Reguler Class Availability'!$G:$G,O19)&""),0)/IFERROR(--(INDEX('Reguler Class Availability'!$F:$F,O19)&""),0)>=0.6,"Tinggi","Sebagian")))))) -> Penuh | X19: =IF(P19="","",IF(AND(IFERROR(--(INDEX('Reguler Class Availability'!$F:$F,P19)&""),0)=0,IFERROR(--(INDEX('Reguler Class Availability'!$G:$G,P19)&""),0)=0),IF(OR(INDEX('Reguler Class Availability'!$B:$B,P19)&""<>"",INDEX('Reguler Class Availability'!$I:$I,P19)&""<>""),"Tutup","Tidak dibuka"),IF(IFERROR(--(INDEX('Reguler Class Availability'!$G:$G,P19)&""),0)>IFERROR(--(INDEX('Reguler Class Availability'!$F:$F,P19)&""),0),"Lebih",IF(IFERROR(--(INDEX('Reguler Class Availability'!$G:$G,P19)&""),0)=IFERROR(--(INDEX('Reguler Class Availability'!$F:$F,P19)&""),0),"Penuh",IF(IFERROR(--(INDEX('Reguler Class Availability'!$G:$G,P19)&""),0)=0,IF(INDEX('Reguler Class Availability'!$B:$B,P19)&""="","Kosong","Belum terisi"),IF(IFERROR(--(INDEX('Reguler Class Availability'!$G:$G,P19)&""),0)/IFERROR(--(INDEX('Reguler Class Availability'!$F:$F,P19)&""),0)>=0.6,"Tinggi","Sebagian")))))) -> Penuh | Z19: 10:15 | AA19: =IF(COUNTIFS('Reguler Class Availability'!$L:$L,$B$4&"|- Lane 1 - *|"&Z19)>0,1,0) -> 0 | AB19: =AA19+AB18 -> 4
A20: =IFERROR(INDEX($Z$2:$Z$61,MATCH(7,$AB$2:$AB$61,0)),"") -> 12:00 | B20: =IF(J20="","",IF(R20="Tidak dibuka","–",IF(INDEX('Reguler Class Availability'!$B:$B,J20)&""="","Kosong",PROPER(INDEX('Reguler Class Availability'!$B:$B,J20)&""))&" "&IFERROR(--(INDEX('Reguler Class Availability'!$G:$G,J20)&""),0)&"/"&IFERROR(--(INDEX('Reguler Class Availability'!$F:$F,J20)&""),0)&IF(IFERROR(--(INDEX('Reguler Class Availability'!$F:$F,J20)&""),0)>0," ("&TEXT(IFERROR(--(INDEX('Reguler Class Availability'!$G:$G,J20)&""),0)/IFERROR(--(INDEX('Reguler Class Availability'!$F:$F,J20)&""),0),"0%")&")","")&CHAR(10)&IF(INDEX('Reguler Class Availability'!$I:$I,J20)&""="","coach: –",PROPER(INDEX('Reguler Class Availability'!$I:$I,J20)&""))&IF(INDEX('Reguler Class Availability'!$J:$J,J20)&""="","",CHAR(10)&"asst: "&PROPER(INDEX('Reguler Class Availability'!$J:$J,J20)&"")))) -> Baby 3/5 (60%) Danti | C20: =IF(K20="","",IF(S20="Tidak dibuka","–",IF(INDEX('Reguler Class Availability'!$B:$B,K20)&""="","Kosong",PROPER(INDEX('Reguler Class Availability'!$B:$B,K20)&""))&" "&IFERROR(--(INDEX('Reguler Class Availability'!$G:$G,K20)&""),0)&"/"&IFERROR(--(INDEX('Reguler Class Availability'!$F:$F,K20)&""),0)&IF(IFERROR(--(INDEX('Reguler Class Availability'!$F:$F,K20)&""),0)>0," ("&TEXT(IFERROR(--(INDEX('Reguler Class Availability'!$G:$G,K20)&""),0)/IFERROR(--(INDEX('Reguler Class Availability'!$F:$F,K20)&""),0),"0%")&")","")&CHAR(10)&IF(INDEX('Reguler Class Availability'!$I:$I,K20)&""="","coach: –",PROPER(INDEX('Reguler Class Availability'!$I:$I,K20)&""))&IF(INDEX('Reguler Class Availability'!$J:$J,K20)&""="","",CHAR(10)&"asst: "&PROPER(INDEX('Reguler Class Availability'!$J:$J,K20)&"")))) -> – | D20: =IF(L20="","",IF(T20="Tidak dibuka","–",IF(INDEX('Reguler Class Availability'!$B:$B,L20)&""="","Kosong",PROPER(INDEX('Reguler Class Availability'!$B:$B,L20)&""))&" "&IFERROR(--(INDEX('Reguler Class Availability'!$G:$G,L20)&""),0)&"/"&IFERROR(--(INDEX('Reguler Class Availability'!$F:$F,L20)&""),0)&IF(IFERROR(--(INDEX('Reguler Class Availability'!$F:$F,L20)&""),0)>0," ("&TEXT(IFERROR(--(INDEX('Reguler Class Availability'!$G:$G,L20)&""),0)/IFERROR(--(INDEX('Reguler Class Availability'!$F:$F,L20)&""),0),"0%")&")","")&CHAR(10)&IF(INDEX('Reguler Class Availability'!$I:$I,L20)&""="","coach: –",PROPER(INDEX('Reguler Class Availability'!$I:$I,L20)&""))&IF(INDEX('Reguler Class Availability'!$J:$J,L20)&""="","",CHAR(10)&"asst: "&PROPER(INDEX('Reguler Class Availability'!$J:$J,L20)&"")))) -> – | E20: =IF(M20="","",IF(U20="Tidak dibuka","–",IF(INDEX('Reguler Class Availability'!$B:$B,M20)&""="","Kosong",PROPER(INDEX('Reguler Class Availability'!$B:$B,M20)&""))&" "&IFERROR(--(INDEX('Reguler Class Availability'!$G:$G,M20)&""),0)&"/"&IFERROR(--(INDEX('Reguler Class Availability'!$F:$F,M20)&""),0)&IF(IFERROR(--(INDEX('Reguler Class Availability'!$F:$F,M20)&""),0)>0," ("&TEXT(IFERROR(--(INDEX('Reguler Class Availability'!$G:$G,M20)&""),0)/IFERROR(--(INDEX('Reguler Class Availability'!$F:$F,M20)&""),0),"0%")&")","")&CHAR(10)&IF(INDEX('Reguler Class Availability'!$I:$I,M20)&""="","coach: –",PROPER(INDEX('Reguler Class Availability'!$I:$I,M20)&""))&IF(INDEX('Reguler Class Availability'!$J:$J,M20)&""="","",CHAR(10)&"asst: "&PROPER(INDEX('Reguler Class Availability'!$J:$J,M20)&"")))) -> – | F20: =IF(N20="","",IF(V20="Tidak dibuka","–",IF(INDEX('Reguler Class Availability'!$B:$B,N20)&""="","Kosong",PROPER(INDEX('Reguler Class Availability'!$B:$B,N20)&""))&" "&IFERROR(--(INDEX('Reguler Class Availability'!$G:$G,N20)&""),0)&"/"&IFERROR(--(INDEX('Reguler Class Availability'!$F:$F,N20)&""),0)&IF(IFERROR(--(INDEX('Reguler Class Availability'!$F:$F,N20)&""),0)>0," ("&TEXT(IFERROR(--(INDEX('Reguler Class Availability'!$G:$G,N20)&""),0)/IFERROR(--(INDEX('Reguler Class Availability'!$F:$F,N20)&""),0),"0%")&")","")&CHAR(10)&IF(INDEX('Reguler Class Availability'!$I:$I,N20)&""="","coach: –",PROPER(INDEX('Reguler Class Availability'!$I:$I,N20)&""))&IF(INDEX('Reguler Class Availability'!$J:$J,N20)&""="","",CHAR(10)&"asst: "&PROPER(INDEX('Reguler Class Availability'!$J:$J,N20)&"")))) -> – | G20: =IF(O20="","",IF(W20="Tidak dibuka","–",IF(INDEX('Reguler Class Availability'!$B:$B,O20)&""="","Kosong",PROPER(INDEX('Reguler Class Availability'!$B:$B,O20)&""))&" "&IFERROR(--(INDEX('Reguler Class Availability'!$G:$G,O20)&""),0)&"/"&IFERROR(--(INDEX('Reguler Class Availability'!$F:$F,O20)&""),0)&IF(IFERROR(--(INDEX('Reguler Class Availability'!$F:$F,O20)&""),0)>0," ("&TEXT(IFERROR(--(INDEX('Reguler Class Availability'!$G:$G,O20)&""),0)/IFERROR(--(INDEX('Reguler Class Availability'!$F:$F,O20)&""),0),"0%")&")","")&CHAR(10)&IF(INDEX('Reguler Class Availability'!$I:$I,O20)&""="","coach: –",PROPER(INDEX('Reguler Class Availability'!$I:$I,O20)&""))&IF(INDEX('Reguler Class Availability'!$J:$J,O20)&""="","",CHAR(10)&"asst: "&PROPER(INDEX('Reguler Class Availability'!$J:$J,O20)&"")))) -> Little 2/4 (50%) Daffa | H20: =IF(P20="","",IF(X20="Tidak dibuka","–",IF(INDEX('Reguler Class Availability'!$B:$B,P20)&""="","Kosong",PROPER(INDEX('Reguler Class Availability'!$B:$B,P20)&""))&" "&IFERROR(--(INDEX('Reguler Class Availability'!$G:$G,P20)&""),0)&"/"&IFERROR(--(INDEX('Reguler Class Availability'!$F:$F,P20)&""),0)&IF(IFERROR(--(INDEX('Reguler Class Availability'!$F:$F,P20)&""),0)>0," ("&TEXT(IFERROR(--(INDEX('Reguler Class Availability'!$G:$G,P20)&""),0)/IFERROR(--(INDEX('Reguler Class Availability'!$F:$F,P20)&""),0),"0%")&")","")&CHAR(10)&IF(INDEX('Reguler Class Availability'!$I:$I,P20)&""="","coach: –",PROPER(INDEX('Reguler Class Availability'!$I:$I,P20)&""))&IF(INDEX('Reguler Class Availability'!$J:$J,P20)&""="","",CHAR(10)&"asst: "&PROPER(INDEX('Reguler Class Availability'!$J:$J,P20)&"")))) -> Kosong 0/5 (0%) coach: – | J20: =IF($A20="","",IFERROR(MATCH($B$4&"|- Lane 1 - "&B$13&"|"&$A20,'Reguler Class Availability'!$L:$L,0),"")) -> 7 | K20: =IF($A20="","",IFERROR(MATCH($B$4&"|- Lane 1 - "&C$13&"|"&$A20,'Reguler Class Availability'!$L:$L,0),"")) -> 19 | L20: =IF($A20="","",IFERROR(MATCH($B$4&"|- Lane 1 - "&D$13&"|"&$A20,'Reguler Class Availability'!$L:$L,0),"")) -> 31 | M20: =IF($A20="","",IFERROR(MATCH($B$4&"|- Lane 1 - "&E$13&"|"&$A20,'Reguler Class Availability'!$L:$L,0),"")) -> 43 | N20: =IF($A20="","",IFERROR(MATCH($B$4&"|- Lane 1 - "&F$13&"|"&$A20,'Reguler Class Availability'!$L:$L,0),"")) -> 55 | O20: =IF($A20="","",IFERROR(MATCH($B$4&"|- Lane 1 - "&G$13&"|"&$A20,'Reguler Class Availability'!$L:$L,0),"")) -> 67 | P20: =IF($A20="","",IFERROR(MATCH($B$4&"|- Lane 1 - "&H$13&"|"&$A20,'Reguler Class Availability'!$L:$L,0),"")) -> 79 | R20: =IF(J20="","",IF(AND(IFERROR(--(INDEX('Reguler Class Availability'!$F:$F,J20)&""),0)=0,IFERROR(--(INDEX('Reguler Class Availability'!$G:$G,J20)&""),0)=0),IF(OR(INDEX('Reguler Class Availability'!$B:$B,J20)&""<>"",INDEX('Reguler Class Availability'!$I:$I,J20)&""<>""),"Tutup","Tidak dibuka"),IF(IFERROR(--(INDEX('Reguler Class Availability'!$G:$G,J20)&""),0)>IFERROR(--(INDEX('Reguler Class Availability'!$F:$F,J20)&""),0),"Lebih",IF(IFERROR(--(INDEX('Reguler Class Availability'!$G:$G,J20)&""),0)=IFERROR(--(INDEX('Reguler Class Availability'!$F:$F,J20)&""),0),"Penuh",IF(IFERROR(--(INDEX('Reguler Class Availability'!$G:$G,J20)&""),0)=0,IF(INDEX('Reguler Class Availability'!$B:$B,J20)&""="","Kosong","Belum terisi"),IF(IFERROR(--(INDEX('Reguler Class Availability'!$G:$G,J20)&""),0)/IFERROR(--(INDEX('Reguler Class Availability'!$F:$F,J20)&""),0)>=0.6,"Tinggi","Sebagian")))))) -> Tinggi | S20: =IF(K20="","",IF(AND(IFERROR(--(INDEX('Reguler Class Availability'!$F:$F,K20)&""),0)=0,IFERROR(--(INDEX('Reguler Class Availability'!$G:$G,K20)&""),0)=0),IF(OR(INDEX('Reguler Class Availability'!$B:$B,K20)&""<>"",INDEX('Reguler Class Availability'!$I:$I,K20)&""<>""),"Tutup","Tidak dibuka"),IF(IFERROR(--(INDEX('Reguler Class Availability'!$G:$G,K20)&""),0)>IFERROR(--(INDEX('Reguler Class Availability'!$F:$F,K20)&""),0),"Lebih",IF(IFERROR(--(INDEX('Reguler Class Availability'!$G:$G,K20)&""),0)=IFERROR(--(INDEX('Reguler Class Availability'!$F:$F,K20)&""),0),"Penuh",IF(IFERROR(--(INDEX('Reguler Class Availability'!$G:$G,K20)&""),0)=0,IF(INDEX('Reguler Class Availability'!$B:$B,K20)&""="","Kosong","Belum terisi"),IF(IFERROR(--(INDEX('Reguler Class Availability'!$G:$G,K20)&""),0)/IFERROR(--(INDEX('Reguler Class Availability'!$F:$F,K20)&""),0)>=0.6,"Tinggi","Sebagian")))))) -> Tidak dibuka | T20: =IF(L20="","",IF(AND(IFERROR(--(INDEX('Reguler Class Availability'!$F:$F,L20)&""),0)=0,IFERROR(--(INDEX('Reguler Class Availability'!$G:$G,L20)&""),0)=0),IF(OR(INDEX('Reguler Class Availability'!$B:$B,L20)&""<>"",INDEX('Reguler Class Availability'!$I:$I,L20)&""<>""),"Tutup","Tidak dibuka"),IF(IFERROR(--(INDEX('Reguler Class Availability'!$G:$G,L20)&""),0)>IFERROR(--(INDEX('Reguler Class Availability'!$F:$F,L20)&""),0),"Lebih",IF(IFERROR(--(INDEX('Reguler Class Availability'!$G:$G,L20)&""),0)=IFERROR(--(INDEX('Reguler Class Availability'!$F:$F,L20)&""),0),"Penuh",IF(IFERROR(--(INDEX('Reguler Class Availability'!$G:$G,L20)&""),0)=0,IF(INDEX('Reguler Class Availability'!$B:$B,L20)&""="","Kosong","Belum terisi"),IF(IFERROR(--(INDEX('Reguler Class Availability'!$G:$G,L20)&""),0)/IFERROR(--(INDEX('Reguler Class Availability'!$F:$F,L20)&""),0)>=0.6,"Tinggi","Sebagian")))))) -> Tidak dibuka | U20: =IF(M20="","",IF(AND(IFERROR(--(INDEX('Reguler Class Availability'!$F:$F,M20)&""),0)=0,IFERROR(--(INDEX('Reguler Class Availability'!$G:$G,M20)&""),0)=0),IF(OR(INDEX('Reguler Class Availability'!$B:$B,M20)&""<>"",INDEX('Reguler Class Availability'!$I:$I,M20)&""<>""),"Tutup","Tidak dibuka"),IF(IFERROR(--(INDEX('Reguler Class Availability'!$G:$G,M20)&""),0)>IFERROR(--(INDEX('Reguler Class Availability'!$F:$F,M20)&""),0),"Lebih",IF(IFERROR(--(INDEX('Reguler Class Availability'!$G:$G,M20)&""),0)=IFERROR(--(INDEX('Reguler Class Availability'!$F:$F,M20)&""),0),"Penuh",IF(IFERROR(--(INDEX('Reguler Class Availability'!$G:$G,M20)&""),0)=0,IF(INDEX('Reguler Class Availability'!$B:$B,M20)&""="","Kosong","Belum terisi"),IF(IFERROR(--(INDEX('Reguler Class Availability'!$G:$G,M20)&""),0)/IFERROR(--(INDEX('Reguler Class Availability'!$F:$F,M20)&""),0)>=0.6,"Tinggi","Sebagian")))))) -> Tidak dibuka | V20: =IF(N20="","",IF(AND(IFERROR(--(INDEX('Reguler Class Availability'!$F:$F,N20)&""),0)=0,IFERROR(--(INDEX('Reguler Class Availability'!$G:$G,N20)&""),0)=0),IF(OR(INDEX('Reguler Class Availability'!$B:$B,N20)&""<>"",INDEX('Reguler Class Availability'!$I:$I,N20)&""<>""),"Tutup","Tidak dibuka"),IF(IFERROR(--(INDEX('Reguler Class Availability'!$G:$G,N20)&""),0)>IFERROR(--(INDEX('Reguler Class Availability'!$F:$F,N20)&""),0),"Lebih",IF(IFERROR(--(INDEX('Reguler Class Availability'!$G:$G,N20)&""),0)=IFERROR(--(INDEX('Reguler Class Availability'!$F:$F,N20)&""),0),"Penuh",IF(IFERROR(--(INDEX('Reguler Class Availability'!$G:$G,N20)&""),0)=0,IF(INDEX('Reguler Class Availability'!$B:$B,N20)&""="","Kosong","Belum terisi"),IF(IFERROR(--(INDEX('Reguler Class Availability'!$G:$G,N20)&""),0)/IFERROR(--(INDEX('Reguler Class Availability'!$F:$F,N20)&""),0)>=0.6,"Tinggi","Sebagian")))))) -> Tidak dibuka | W20: =IF(O20="","",IF(AND(IFERROR(--(INDEX('Reguler Class Availability'!$F:$F,O20)&""),0)=0,IFERROR(--(INDEX('Reguler Class Availability'!$G:$G,O20)&""),0)=0),IF(OR(INDEX('Reguler Class Availability'!$B:$B,O20)&""<>"",INDEX('Reguler Class Availability'!$I:$I,O20)&""<>""),"Tutup","Tidak dibuka"),IF(IFERROR(--(INDEX('Reguler Class Availability'!$G:$G,O20)&""),0)>IFERROR(--(INDEX('Reguler Class Availability'!$F:$F,O20)&""),0),"Lebih",IF(IFERROR(--(INDEX('Reguler Class Availability'!$G:$G,O20)&""),0)=IFERROR(--(INDEX('Reguler Class Availability'!$F:$F,O20)&""),0),"Penuh",IF(IFERROR(--(INDEX('Reguler Class Availability'!$G:$G,O20)&""),0)=0,IF(INDEX('Reguler Class Availability'!$B:$B,O20)&""="","Kosong","Belum terisi"),IF(IFERROR(--(INDEX('Reguler Class Availability'!$G:$G,O20)&""),0)/IFERROR(--(INDEX('Reguler Class Availability'!$F:$F,O20)&""),0)>=0.6,"Tinggi","Sebagian")))))) -> Sebagian | X20: =IF(P20="","",IF(AND(IFERROR(--(INDEX('Reguler Class Availability'!$F:$F,P20)&""),0)=0,IFERROR(--(INDEX('Reguler Class Availability'!$G:$G,P20)&""),0)=0),IF(OR(INDEX('Reguler Class Availability'!$B:$B,P20)&""<>"",INDEX('Reguler Class Availability'!$I:$I,P20)&""<>""),"Tutup","Tidak dibuka"),IF(IFERROR(--(INDEX('Reguler Class Availability'!$G:$G,P20)&""),0)>IFERROR(--(INDEX('Reguler Class Availability'!$F:$F,P20)&""),0),"Lebih",IF(IFERROR(--(INDEX('Reguler Class Availability'!$G:$G,P20)&""),0)=IFERROR(--(INDEX('Reguler Class Availability'!$F:$F,P20)&""),0),"Penuh",IF(IFERROR(--(INDEX('Reguler Class Availability'!$G:$G,P20)&""),0)=0,IF(INDEX('Reguler Class Availability'!$B:$B,P20)&""="","Kosong","Belum terisi"),IF(IFERROR(--(INDEX('Reguler Class Availability'!$G:$G,P20)&""),0)/IFERROR(--(INDEX('Reguler Class Availability'!$F:$F,P20)&""),0)>=0.6,"Tinggi","Sebagian")))))) -> Kosong | Z20: 10:30 | AA20: =IF(COUNTIFS('Reguler Class Availability'!$L:$L,$B$4&"|- Lane 1 - *|"&Z20)>0,1,0) -> 1 | AB20: =AA20+AB19 -> 5
A21: =IFERROR(INDEX($Z$2:$Z$61,MATCH(8,$AB$2:$AB$61,0)),"") -> 13:30 | B21: =IF(J21="","",IF(R21="Tidak dibuka","–",IF(INDEX('Reguler Class Availability'!$B:$B,J21)&""="","Kosong",PROPER(INDEX('Reguler Class Availability'!$B:$B,J21)&""))&" "&IFERROR(--(INDEX('Reguler Class Availability'!$G:$G,J21)&""),0)&"/"&IFERROR(--(INDEX('Reguler Class Availability'!$F:$F,J21)&""),0)&IF(IFERROR(--(INDEX('Reguler Class Availability'!$F:$F,J21)&""),0)>0," ("&TEXT(IFERROR(--(INDEX('Reguler Class Availability'!$G:$G,J21)&""),0)/IFERROR(--(INDEX('Reguler Class Availability'!$F:$F,J21)&""),0),"0%")&")","")&CHAR(10)&IF(INDEX('Reguler Class Availability'!$I:$I,J21)&""="","coach: –",PROPER(INDEX('Reguler Class Availability'!$I:$I,J21)&""))&IF(INDEX('Reguler Class Availability'!$J:$J,J21)&""="","",CHAR(10)&"asst: "&PROPER(INDEX('Reguler Class Availability'!$J:$J,J21)&"")))) -> Little 1/4 (25%) Gita | C21: =IF(K21="","",IF(S21="Tidak dibuka","–",IF(INDEX('Reguler Class Availability'!$B:$B,K21)&""="","Kosong",PROPER(INDEX('Reguler Class Availability'!$B:$B,K21)&""))&" "&IFERROR(--(INDEX('Reguler Class Availability'!$G:$G,K21)&""),0)&"/"&IFERROR(--(INDEX('Reguler Class Availability'!$F:$F,K21)&""),0)&IF(IFERROR(--(INDEX('Reguler Class Availability'!$F:$F,K21)&""),0)>0," ("&TEXT(IFERROR(--(INDEX('Reguler Class Availability'!$G:$G,K21)&""),0)/IFERROR(--(INDEX('Reguler Class Availability'!$F:$F,K21)&""),0),"0%")&")","")&CHAR(10)&IF(INDEX('Reguler Class Availability'!$I:$I,K21)&""="","coach: –",PROPER(INDEX('Reguler Class Availability'!$I:$I,K21)&""))&IF(INDEX('Reguler Class Availability'!$J:$J,K21)&""="","",CHAR(10)&"asst: "&PROPER(INDEX('Reguler Class Availability'!$J:$J,K21)&"")))) -> Kosong 0/5 (0%) coach: – | D21: =IF(L21="","",IF(T21="Tidak dibuka","–",IF(INDEX('Reguler Class Availability'!$B:$B,L21)&""="","Kosong",PROPER(INDEX('Reguler Class Availability'!$B:$B,L21)&""))&" "&IFERROR(--(INDEX('Reguler Class Availability'!$G:$G,L21)&""),0)&"/"&IFERROR(--(INDEX('Reguler Class Availability'!$F:$F,L21)&""),0)&IF(IFERROR(--(INDEX('Reguler Class Availability'!$F:$F,L21)&""),0)>0," ("&TEXT(IFERROR(--(INDEX('Reguler Class Availability'!$G:$G,L21)&""),0)/IFERROR(--(INDEX('Reguler Class Availability'!$F:$F,L21)&""),0),"0%")&")","")&CHAR(10)&IF(INDEX('Reguler Class Availability'!$I:$I,L21)&""="","coach: –",PROPER(INDEX('Reguler Class Availability'!$I:$I,L21)&""))&IF(INDEX('Reguler Class Availability'!$J:$J,L21)&""="","",CHAR(10)&"asst: "&PROPER(INDEX('Reguler Class Availability'!$J:$J,L21)&"")))) -> Baby 0/5 (0%) coach: – | E21: =IF(M21="","",IF(U21="Tidak dibuka","–",IF(INDEX('Reguler Class Availability'!$B:$B,M21)&""="","Kosong",PROPER(INDEX('Reguler Class Availability'!$B:$B,M21)&""))&" "&IFERROR(--(INDEX('Reguler Class Availability'!$G:$G,M21)&""),0)&"/"&IFERROR(--(INDEX('Reguler Class Availability'!$F:$F,M21)&""),0)&IF(IFERROR(--(INDEX('Reguler Class Availability'!$F:$F,M21)&""),0)>0," ("&TEXT(IFERROR(--(INDEX('Reguler Class Availability'!$G:$G,M21)&""),0)/IFERROR(--(INDEX('Reguler Class Availability'!$F:$F,M21)&""),0),"0%")&")","")&CHAR(10)&IF(INDEX('Reguler Class Availability'!$I:$I,M21)&""="","coach: –",PROPER(INDEX('Reguler Class Availability'!$I:$I,M21)&""))&IF(INDEX('Reguler Class Availability'!$J:$J,M21)&""="","",CHAR(10)&"asst: "&PROPER(INDEX('Reguler Class Availability'!$J:$J,M21)&"")))) -> Kosong 0/5 (0%) coach: – | F21: =IF(N21="","",IF(V21="Tidak dibuka","–",IF(INDEX('Reguler Class Availability'!$B:$B,N21)&""="","Kosong",PROPER(INDEX('Reguler Class Availability'!$B:$B,N21)&""))&" "&IFERROR(--(INDEX('Reguler Class Availability'!$G:$G,N21)&""),0)&"/"&IFERROR(--(INDEX('Reguler Class Availability'!$F:$F,N21)&""),0)&IF(IFERROR(--(INDEX('Reguler Class Availability'!$F:$F,N21)&""),0)>0," ("&TEXT(IFERROR(--(INDEX('Reguler Class Availability'!$G:$G,N21)&""),0)/IFERROR(--(INDEX('Reguler Class Availability'!$F:$F,N21)&""),0),"0%")&")","")&CHAR(10)&IF(INDEX('Reguler Class Availability'!$I:$I,N21)&""="","coach: –",PROPER(INDEX('Reguler Class Availability'!$I:$I,N21)&""))&IF(INDEX('Reguler Class Availability'!$J:$J,N21)&""="","",CHAR(10)&"asst: "&PROPER(INDEX('Reguler Class Availability'!$J:$J,N21)&"")))) -> Kosong 0/5 (0%) coach: – | G21: =IF(O21="","",IF(W21="Tidak dibuka","–",IF(INDEX('Reguler Class Availability'!$B:$B,O21)&""="","Kosong",PROPER(INDEX('Reguler Class Availability'!$B:$B,O21)&""))&" "&IFERROR(--(INDEX('Reguler Class Availability'!$G:$G,O21)&""),0)&"/"&IFERROR(--(INDEX('Reguler Class Availability'!$F:$F,O21)&""),0)&IF(IFERROR(--(INDEX('Reguler Class Availability'!$F:$F,O21)&""),0)>0," ("&TEXT(IFERROR(--(INDEX('Reguler Class Availability'!$G:$G,O21)&""),0)/IFERROR(--(INDEX('Reguler Class Availability'!$F:$F,O21)&""),0),"0%")&")","")&CHAR(10)&IF(INDEX('Reguler Class Availability'!$I:$I,O21)&""="","coach: –",PROPER(INDEX('Reguler Class Availability'!$I:$I,O21)&""))&IF(INDEX('Reguler Class Availability'!$J:$J,O21)&""="","",CHAR(10)&"asst: "&PROPER(INDEX('Reguler Class Availability'!$J:$J,O21)&"")))) -> Baby 5/5 (100%) Danti | H21: =IF(P21="","",IF(X21="Tidak dibuka","–",IF(INDEX('Reguler Class Availability'!$B:$B,P21)&""="","Kosong",PROPER(INDEX('Reguler Class Availability'!$B:$B,P21)&""))&" "&IFERROR(--(INDEX('Reguler Class Availability'!$G:$G,P21)&""),0)&"/"&IFERROR(--(INDEX('Reguler Class Availability'!$F:$F,P21)&""),0)&IF(IFERROR(--(INDEX('Reguler Class Availability'!$F:$F,P21)&""),0)>0," ("&TEXT(IFERROR(--(INDEX('Reguler Class Availability'!$G:$G,P21)&""),0)/IFERROR(--(INDEX('Reguler Class Availability'!$F:$F,P21)&""),0),"0%")&")","")&CHAR(10)&IF(INDEX('Reguler Class Availability'!$I:$I,P21)&""="","coach: –",PROPER(INDEX('Reguler Class Availability'!$I:$I,P21)&""))&IF(INDEX('Reguler Class Availability'!$J:$J,P21)&""="","",CHAR(10)&"asst: "&PROPER(INDEX('Reguler Class Availability'!$J:$J,P21)&"")))) -> Baby 3/5 (60%) Eka | J21: =IF($A21="","",IFERROR(MATCH($B$4&"|- Lane 1 - "&B$13&"|"&$A21,'Reguler Class Availability'!$L:$L,0),"")) -> 8 | K21: =IF($A21="","",IFERROR(MATCH($B$4&"|- Lane 1 - "&C$13&"|"&$A21,'Reguler Class Availability'!$L:$L,0),"")) -> 20 | L21: =IF($A21="","",IFERROR(MATCH($B$4&"|- Lane 1 - "&D$13&"|"&$A21,'Reguler Class Availability'!$L:$L,0),"")) -> 32 | M21: =IF($A21="","",IFERROR(MATCH($B$4&"|- Lane 1 - "&E$13&"|"&$A21,'Reguler Class Availability'!$L:$L,0),"")) -> 44 | N21: =IF($A21="","",IFERROR(MATCH($B$4&"|- Lane 1 - "&F$13&"|"&$A21,'Reguler Class Availability'!$L:$L,0),"")) -> 56 | O21: =IF($A21="","",IFERROR(MATCH($B$4&"|- Lane 1 - "&G$13&"|"&$A21,'Reguler Class Availability'!$L:$L,0),"")) -> 68 | P21: =IF($A21="","",IFERROR(MATCH($B$4&"|- Lane 1 - "&H$13&"|"&$A21,'Reguler Class Availability'!$L:$L,0),"")) -> 80 | R21: =IF(J21="","",IF(AND(IFERROR(--(INDEX('Reguler Class Availability'!$F:$F,J21)&""),0)=0,IFERROR(--(INDEX('Reguler Class Availability'!$G:$G,J21)&""),0)=0),IF(OR(INDEX('Reguler Class Availability'!$B:$B,J21)&""<>"",INDEX('Reguler Class Availability'!$I:$I,J21)&""<>""),"Tutup","Tidak dibuka"),IF(IFERROR(--(INDEX('Reguler Class Availability'!$G:$G,J21)&""),0)>IFERROR(--(INDEX('Reguler Class Availability'!$F:$F,J21)&""),0),"Lebih",IF(IFERROR(--(INDEX('Reguler Class Availability'!$G:$G,J21)&""),0)=IFERROR(--(INDEX('Reguler Class Availability'!$F:$F,J21)&""),0),"Penuh",IF(IFERROR(--(INDEX('Reguler Class Availability'!$G:$G,J21)&""),0)=0,IF(INDEX('Reguler Class Availability'!$B:$B,J21)&""="","Kosong","Belum terisi"),IF(IFERROR(--(INDEX('Reguler Class Availability'!$G:$G,J21)&""),0)/IFERROR(--(INDEX('Reguler Class Availability'!$F:$F,J21)&""),0)>=0.6,"Tinggi","Sebagian")))))) -> Sebagian | S21: =IF(K21="","",IF(AND(IFERROR(--(INDEX('Reguler Class Availability'!$F:$F,K21)&""),0)=0,IFERROR(--(INDEX('Reguler Class Availability'!$G:$G,K21)&""),0)=0),IF(OR(INDEX('Reguler Class Availability'!$B:$B,K21)&""<>"",INDEX('Reguler Class Availability'!$I:$I,K21)&""<>""),"Tutup","Tidak dibuka"),IF(IFERROR(--(INDEX('Reguler Class Availability'!$G:$G,K21)&""),0)>IFERROR(--(INDEX('Reguler Class Availability'!$F:$F,K21)&""),0),"Lebih",IF(IFERROR(--(INDEX('Reguler Class Availability'!$G:$G,K21)&""),0)=IFERROR(--(INDEX('Reguler Class Availability'!$F:$F,K21)&""),0),"Penuh",IF(IFERROR(--(INDEX('Reguler Class Availability'!$G:$G,K21)&""),0)=0,IF(INDEX('Reguler Class Availability'!$B:$B,K21)&""="","Kosong","Belum terisi"),IF(IFERROR(--(INDEX('Reguler Class Availability'!$G:$G,K21)&""),0)/IFERROR(--(INDEX('Reguler Class Availability'!$F:$F,K21)&""),0)>=0.6,"Tinggi","Sebagian")))))) -> Kosong | T21: =IF(L21="","",IF(AND(IFERROR(--(INDEX('Reguler Class Availability'!$F:$F,L21)&""),0)=0,IFERROR(--(INDEX('Reguler Class Availability'!$G:$G,L21)&""),0)=0),IF(OR(INDEX('Reguler Class Availability'!$B:$B,L21)&""<>"",INDEX('Reguler Class Availability'!$I:$I,L21)&""<>""),"Tutup","Tidak dibuka"),IF(IFERROR(--(INDEX('Reguler Class Availability'!$G:$G,L21)&""),0)>IFERROR(--(INDEX('Reguler Class Availability'!$F:$F,L21)&""),0),"Lebih",IF(IFERROR(--(INDEX('Reguler Class Availability'!$G:$G,L21)&""),0)=IFERROR(--(INDEX('Reguler Class Availability'!$F:$F,L21)&""),0),"Penuh",IF(IFERROR(--(INDEX('Reguler Class Availability'!$G:$G,L21)&""),0)=0,IF(INDEX('Reguler Class Availability'!$B:$B,L21)&""="","Kosong","Belum terisi"),IF(IFERROR(--(INDEX('Reguler Class Availability'!$G:$G,L21)&""),0)/IFERROR(--(INDEX('Reguler Class Availability'!$F:$F,L21)&""),0)>=0.6,"Tinggi","Sebagian")))))) -> Belum terisi | U21: =IF(M21="","",IF(AND(IFERROR(--(INDEX('Reguler Class Availability'!$F:$F,M21)&""),0)=0,IFERROR(--(INDEX('Reguler Class Availability'!$G:$G,M21)&""),0)=0),IF(OR(INDEX('Reguler Class Availability'!$B:$B,M21)&""<>"",INDEX('Reguler Class Availability'!$I:$I,M21)&""<>""),"Tutup","Tidak dibuka"),IF(IFERROR(--(INDEX('Reguler Class Availability'!$G:$G,M21)&""),0)>IFERROR(--(INDEX('Reguler Class Availability'!$F:$F,M21)&""),0),"Lebih",IF(IFERROR(--(INDEX('Reguler Class Availability'!$G:$G,M21)&""),0)=IFERROR(--(INDEX('Reguler Class Availability'!$F:$F,M21)&""),0),"Penuh",IF(IFERROR(--(INDEX('Reguler Class Availability'!$G:$G,M21)&""),0)=0,IF(INDEX('Reguler Class Availability'!$B:$B,M21)&""="","Kosong","Belum terisi"),IF(IFERROR(--(INDEX('Reguler Class Availability'!$G:$G,M21)&""),0)/IFERROR(--(INDEX('Reguler Class Availability'!$F:$F,M21)&""),0)>=0.6,"Tinggi","Sebagian")))))) -> Kosong | V21: =IF(N21="","",IF(AND(IFERROR(--(INDEX('Reguler Class Availability'!$F:$F,N21)&""),0)=0,IFERROR(--(INDEX('Reguler Class Availability'!$G:$G,N21)&""),0)=0),IF(OR(INDEX('Reguler Class Availability'!$B:$B,N21)&""<>"",INDEX('Reguler Class Availability'!$I:$I,N21)&""<>""),"Tutup","Tidak dibuka"),IF(IFERROR(--(INDEX('Reguler Class Availability'!$G:$G,N21)&""),0)>IFERROR(--(INDEX('Reguler Class Availability'!$F:$F,N21)&""),0),"Lebih",IF(IFERROR(--(INDEX('Reguler Class Availability'!$G:$G,N21)&""),0)=IFERROR(--(INDEX('Reguler Class Availability'!$F:$F,N21)&""),0),"Penuh",IF(IFERROR(--(INDEX('Reguler Class Availability'!$G:$G,N21)&""),0)=0,IF(INDEX('Reguler Class Availability'!$B:$B,N21)&""="","Kosong","Belum terisi"),IF(IFERROR(--(INDEX('Reguler Class Availability'!$G:$G,N21)&""),0)/IFERROR(--(INDEX('Reguler Class Availability'!$F:$F,N21)&""),0)>=0.6,"Tinggi","Sebagian")))))) -> Kosong | W21: =IF(O21="","",IF(AND(IFERROR(--(INDEX('Reguler Class Availability'!$F:$F,O21)&""),0)=0,IFERROR(--(INDEX('Reguler Class Availability'!$G:$G,O21)&""),0)=0),IF(OR(INDEX('Reguler Class Availability'!$B:$B,O21)&""<>"",INDEX('Reguler Class Availability'!$I:$I,O21)&""<>""),"Tutup","Tidak dibuka"),IF(IFERROR(--(INDEX('Reguler Class Availability'!$G:$G,O21)&""),0)>IFERROR(--(INDEX('Reguler Class Availability'!$F:$F,O21)&""),0),"Lebih",IF(IFERROR(--(INDEX('Reguler Class Availability'!$G:$G,O21)&""),0)=IFERROR(--(INDEX('Reguler Class Availability'!$F:$F,O21)&""),0),"Penuh",IF(IFERROR(--(INDEX('Reguler Class Availability'!$G:$G,O21)&""),0)=0,IF(INDEX('Reguler Class Availability'!$B:$B,O21)&""="","Kosong","Belum terisi"),IF(IFERROR(--(INDEX('Reguler Class Availability'!$G:$G,O21)&""),0)/IFERROR(--(INDEX('Reguler Class Availability'!$F:$F,O21)&""),0)>=0.6,"Tinggi","Sebagian")))))) -> Penuh | X21: =IF(P21="","",IF(AND(IFERROR(--(INDEX('Reguler Class Availability'!$F:$F,P21)&""),0)=0,IFERROR(--(INDEX('Reguler Class Availability'!$G:$G,P21)&""),0)=0),IF(OR(INDEX('Reguler Class Availability'!$B:$B,P21)&""<>"",INDEX('Reguler Class Availability'!$I:$I,P21)&""<>""),"Tutup","Tidak dibuka"),IF(IFERROR(--(INDEX('Reguler Class Availability'!$G:$G,P21)&""),0)>IFERROR(--(INDEX('Reguler Class Availability'!$F:$F,P21)&""),0),"Lebih",IF(IFERROR(--(INDEX('Reguler Class Availability'!$G:$G,P21)&""),0)=IFERROR(--(INDEX('Reguler Class Availability'!$F:$F,P21)&""),0),"Penuh",IF(IFERROR(--(INDEX('Reguler Class Availability'!$G:$G,P21)&""),0)=0,IF(INDEX('Reguler Class Availability'!$B:$B,P21)&""="","Kosong","Belum terisi"),IF(IFERROR(--(INDEX('Reguler Class Availability'!$G:$G,P21)&""),0)/IFERROR(--(INDEX('Reguler Class Availability'!$F:$F,P21)&""),0)>=0.6,"Tinggi","Sebagian")))))) -> Tinggi | Z21: 10:45 | AA21: =IF(COUNTIFS('Reguler Class Availability'!$L:$L,$B$4&"|- Lane 1 - *|"&Z21)>0,1,0) -> 0 | AB21: =AA21+AB20 -> 5
A22: =IFERROR(INDEX($Z$2:$Z$61,MATCH(9,$AB$2:$AB$61,0)),"") -> 14:15 | B22: =IF(J22="","",IF(R22="Tidak dibuka","–",IF(INDEX('Reguler Class Availability'!$B:$B,J22)&""="","Kosong",PROPER(INDEX('Reguler Class Availability'!$B:$B,J22)&""))&" "&IFERROR(--(INDEX('Reguler Class Availability'!$G:$G,J22)&""),0)&"/"&IFERROR(--(INDEX('Reguler Class Availability'!$F:$F,J22)&""),0)&IF(IFERROR(--(INDEX('Reguler Class Availability'!$F:$F,J22)&""),0)>0," ("&TEXT(IFERROR(--(INDEX('Reguler Class Availability'!$G:$G,J22)&""),0)/IFERROR(--(INDEX('Reguler Class Availability'!$F:$F,J22)&""),0),"0%")&")","")&CHAR(10)&IF(INDEX('Reguler Class Availability'!$I:$I,J22)&""="","coach: –",PROPER(INDEX('Reguler Class Availability'!$I:$I,J22)&""))&IF(INDEX('Reguler Class Availability'!$J:$J,J22)&""="","",CHAR(10)&"asst: "&PROPER(INDEX('Reguler Class Availability'!$J:$J,J22)&"")))) -> Kosong 0/5 (0%) coach: – | C22: =IF(K22="","",IF(S22="Tidak dibuka","–",IF(INDEX('Reguler Class Availability'!$B:$B,K22)&""="","Kosong",PROPER(INDEX('Reguler Class Availability'!$B:$B,K22)&""))&" "&IFERROR(--(INDEX('Reguler Class Availability'!$G:$G,K22)&""),0)&"/"&IFERROR(--(INDEX('Reguler Class Availability'!$F:$F,K22)&""),0)&IF(IFERROR(--(INDEX('Reguler Class Availability'!$F:$F,K22)&""),0)>0," ("&TEXT(IFERROR(--(INDEX('Reguler Class Availability'!$G:$G,K22)&""),0)/IFERROR(--(INDEX('Reguler Class Availability'!$F:$F,K22)&""),0),"0%")&")","")&CHAR(10)&IF(INDEX('Reguler Class Availability'!$I:$I,K22)&""="","coach: –",PROPER(INDEX('Reguler Class Availability'!$I:$I,K22)&""))&IF(INDEX('Reguler Class Availability'!$J:$J,K22)&""="","",CHAR(10)&"asst: "&PROPER(INDEX('Reguler Class Availability'!$J:$J,K22)&"")))) -> Kosong 0/5 (0%) coach: – | D22: =IF(L22="","",IF(T22="Tidak dibuka","–",IF(INDEX('Reguler Class Availability'!$B:$B,L22)&""="","Kosong",PROPER(INDEX('Reguler Class Availability'!$B:$B,L22)&""))&" "&IFERROR(--(INDEX('Reguler Class Availability'!$G:$G,L22)&""),0)&"/"&IFERROR(--(INDEX('Reguler Class Availability'!$F:$F,L22)&""),0)&IF(IFERROR(--(INDEX('Reguler Class Availability'!$F:$F,L22)&""),0)>0," ("&TEXT(IFERROR(--(INDEX('Reguler Class Availability'!$G:$G,L22)&""),0)/IFERROR(--(INDEX('Reguler Class Availability'!$F:$F,L22)&""),0),"0%")&")","")&CHAR(10)&IF(INDEX('Reguler Class Availability'!$I:$I,L22)&""="","coach: –",PROPER(INDEX('Reguler Class Availability'!$I:$I,L22)&""))&IF(INDEX('Reguler Class Availability'!$J:$J,L22)&""="","",CHAR(10)&"asst: "&PROPER(INDEX('Reguler Class Availability'!$J:$J,L22)&"")))) -> Kosong 0/5 (0%) coach: – | E22: =IF(M22="","",IF(U22="Tidak dibuka","–",IF(INDEX('Reguler Class Availability'!$B:$B,M22)&""="","Kosong",PROPER(INDEX('Reguler Class Availability'!$B:$B,M22)&""))&" "&IFERROR(--(INDEX('Reguler Class Availability'!$G:$G,M22)&""),0)&"/"&IFERROR(--(INDEX('Reguler Class Availability'!$F:$F,M22)&""),0)&IF(IFERROR(--(INDEX('Reguler Class Availability'!$F:$F,M22)&""),0)>0," ("&TEXT(IFERROR(--(INDEX('Reguler Class Availability'!$G:$G,M22)&""),0)/IFERROR(--(INDEX('Reguler Class Availability'!$F:$F,M22)&""),0),"0%")&")","")&CHAR(10)&IF(INDEX('Reguler Class Availability'!$I:$I,M22)&""="","coach: –",PROPER(INDEX('Reguler Class Availability'!$I:$I,M22)&""))&IF(INDEX('Reguler Class Availability'!$J:$J,M22)&""="","",CHAR(10)&"asst: "&PROPER(INDEX('Reguler Class Availability'!$J:$J,M22)&"")))) -> Kids 1/5 (20%) Tessa | F22: =IF(N22="","",IF(V22="Tidak dibuka","–",IF(INDEX('Reguler Class Availability'!$B:$B,N22)&""="","Kosong",PROPER(INDEX('Reguler Class Availability'!$B:$B,N22)&""))&" "&IFERROR(--(INDEX('Reguler Class Availability'!$G:$G,N22)&""),0)&"/"&IFERROR(--(INDEX('Reguler Class Availability'!$F:$F,N22)&""),0)&IF(IFERROR(--(INDEX('Reguler Class Availability'!$F:$F,N22)&""),0)>0," ("&TEXT(IFERROR(--(INDEX('Reguler Class Availability'!$G:$G,N22)&""),0)/IFERROR(--(INDEX('Reguler Class Availability'!$F:$F,N22)&""),0),"0%")&")","")&CHAR(10)&IF(INDEX('Reguler Class Availability'!$I:$I,N22)&""="","coach: –",PROPER(INDEX('Reguler Class Availability'!$I:$I,N22)&""))&IF(INDEX('Reguler Class Availability'!$J:$J,N22)&""="","",CHAR(10)&"asst: "&PROPER(INDEX('Reguler Class Availability'!$J:$J,N22)&"")))) -> Kids 3/4 (75%) Tessa | G22: =IF(O22="","",IF(W22="Tidak dibuka","–",IF(INDEX('Reguler Class Availability'!$B:$B,O22)&""="","Kosong",PROPER(INDEX('Reguler Class Availability'!$B:$B,O22)&""))&" "&IFERROR(--(INDEX('Reguler Class Availability'!$G:$G,O22)&""),0)&"/"&IFERROR(--(INDEX('Reguler Class Availability'!$F:$F,O22)&""),0)&IF(IFERROR(--(INDEX('Reguler Class Availability'!$F:$F,O22)&""),0)>0," ("&TEXT(IFERROR(--(INDEX('Reguler Class Availability'!$G:$G,O22)&""),0)/IFERROR(--(INDEX('Reguler Class Availability'!$F:$F,O22)&""),0),"0%")&")","")&CHAR(10)&IF(INDEX('Reguler Class Availability'!$I:$I,O22)&""="","coach: –",PROPER(INDEX('Reguler Class Availability'!$I:$I,O22)&""))&IF(INDEX('Reguler Class Availability'!$J:$J,O22)&""="","",CHAR(10)&"asst: "&PROPER(INDEX('Reguler Class Availability'!$J:$J,O22)&"")))) -> Kids 4/4 (100%) Daffa | H22: =IF(P22="","",IF(X22="Tidak dibuka","–",IF(INDEX('Reguler Class Availability'!$B:$B,P22)&""="","Kosong",PROPER(INDEX('Reguler Class Availability'!$B:$B,P22)&""))&" "&IFERROR(--(INDEX('Reguler Class Availability'!$G:$G,P22)&""),0)&"/"&IFERROR(--(INDEX('Reguler Class Availability'!$F:$F,P22)&""),0)&IF(IFERROR(--(INDEX('Reguler Class Availability'!$F:$F,P22)&""),0)>0," ("&TEXT(IFERROR(--(INDEX('Reguler Class Availability'!$G:$G,P22)&""),0)/IFERROR(--(INDEX('Reguler Class Availability'!$F:$F,P22)&""),0),"0%")&")","")&CHAR(10)&IF(INDEX('Reguler Class Availability'!$I:$I,P22)&""="","coach: –",PROPER(INDEX('Reguler Class Availability'!$I:$I,P22)&""))&IF(INDEX('Reguler Class Availability'!$J:$J,P22)&""="","",CHAR(10)&"asst: "&PROPER(INDEX('Reguler Class Availability'!$J:$J,P22)&"")))) -> Kids 4/4 (100%) Danti | J22: =IF($A22="","",IFERROR(MATCH($B$4&"|- Lane 1 - "&B$13&"|"&$A22,'Reguler Class Availability'!$L:$L,0),"")) -> 9 | K22: =IF($A22="","",IFERROR(MATCH($B$4&"|- Lane 1 - "&C$13&"|"&$A22,'Reguler Class Availability'!$L:$L,0),"")) -> 21 | L22: =IF($A22="","",IFERROR(MATCH($B$4&"|- Lane 1 - "&D$13&"|"&$A22,'Reguler Class Availability'!$L:$L,0),"")) -> 33 | M22: =IF($A22="","",IFERROR(MATCH($B$4&"|- Lane 1 - "&E$13&"|"&$A22,'Reguler Class Availability'!$L:$L,0),"")) -> 45 | N22: =IF($A22="","",IFERROR(MATCH($B$4&"|- Lane 1 - "&F$13&"|"&$A22,'Reguler Class Availability'!$L:$L,0),"")) -> 57 | O22: =IF($A22="","",IFERROR(MATCH($B$4&"|- Lane 1 - "&G$13&"|"&$A22,'Reguler Class Availability'!$L:$L,0),"")) -> 69 | P22: =IF($A22="","",IFERROR(MATCH($B$4&"|- Lane 1 - "&H$13&"|"&$A22,'Reguler Class Availability'!$L:$L,0),"")) -> 81 | R22: =IF(J22="","",IF(AND(IFERROR(--(INDEX('Reguler Class Availability'!$F:$F,J22)&""),0)=0,IFERROR(--(INDEX('Reguler Class Availability'!$G:$G,J22)&""),0)=0),IF(OR(INDEX('Reguler Class Availability'!$B:$B,J22)&""<>"",INDEX('Reguler Class Availability'!$I:$I,J22)&""<>""),"Tutup","Tidak dibuka"),IF(IFERROR(--(INDEX('Reguler Class Availability'!$G:$G,J22)&""),0)>IFERROR(--(INDEX('Reguler Class Availability'!$F:$F,J22)&""),0),"Lebih",IF(IFERROR(--(INDEX('Reguler Class Availability'!$G:$G,J22)&""),0)=IFERROR(--(INDEX('Reguler Class Availability'!$F:$F,J22)&""),0),"Penuh",IF(IFERROR(--(INDEX('Reguler Class Availability'!$G:$G,J22)&""),0)=0,IF(INDEX('Reguler Class Availability'!$B:$B,J22)&""="","Kosong","Belum terisi"),IF(IFERROR(--(INDEX('Reguler Class Availability'!$G:$G,J22)&""),0)/IFERROR(--(INDEX('Reguler Class Availability'!$F:$F,J22)&""),0)>=0.6,"Tinggi","Sebagian")))))) -> Kosong | S22: =IF(K22="","",IF(AND(IFERROR(--(INDEX('Reguler Class Availability'!$F:$F,K22)&""),0)=0,IFERROR(--(INDEX('Reguler Class Availability'!$G:$G,K22)&""),0)=0),IF(OR(INDEX('Reguler Class Availability'!$B:$B,K22)&""<>"",INDEX('Reguler Class Availability'!$I:$I,K22)&""<>""),"Tutup","Tidak dibuka"),IF(IFERROR(--(INDEX('Reguler Class Availability'!$G:$G,K22)&""),0)>IFERROR(--(INDEX('Reguler Class Availability'!$F:$F,K22)&""),0),"Lebih",IF(IFERROR(--(INDEX('Reguler Class Availability'!$G:$G,K22)&""),0)=IFERROR(--(INDEX('Reguler Class Availability'!$F:$F,K22)&""),0),"Penuh",IF(IFERROR(--(INDEX('Reguler Class Availability'!$G:$G,K22)&""),0)=0,IF(INDEX('Reguler Class Availability'!$B:$B,K22)&""="","Kosong","Belum terisi"),IF(IFERROR(--(INDEX('Reguler Class Availability'!$G:$G,K22)&""),0)/IFERROR(--(INDEX('Reguler Class Availability'!$F:$F,K22)&""),0)>=0.6,"Tinggi","Sebagian")))))) -> Kosong | T22: =IF(L22="","",IF(AND(IFERROR(--(INDEX('Reguler Class Availability'!$F:$F,L22)&""),0)=0,IFERROR(--(INDEX('Reguler Class Availability'!$G:$G,L22)&""),0)=0),IF(OR(INDEX('Reguler Class Availability'!$B:$B,L22)&""<>"",INDEX('Reguler Class Availability'!$I:$I,L22)&""<>""),"Tutup","Tidak dibuka"),IF(IFERROR(--(INDEX('Reguler Class Availability'!$G:$G,L22)&""),0)>IFERROR(--(INDEX('Reguler Class Availability'!$F:$F,L22)&""),0),"Lebih",IF(IFERROR(--(INDEX('Reguler Class Availability'!$G:$G,L22)&""),0)=IFERROR(--(INDEX('Reguler Class Availability'!$F:$F,L22)&""),0),"Penuh",IF(IFERROR(--(INDEX('Reguler Class Availability'!$G:$G,L22)&""),0)=0,IF(INDEX('Reguler Class Availability'!$B:$B,L22)&""="","Kosong","Belum terisi"),IF(IFERROR(--(INDEX('Reguler Class Availability'!$G:$G,L22)&""),0)/IFERROR(--(INDEX('Reguler Class Availability'!$F:$F,L22)&""),0)>=0.6,"Tinggi","Sebagian")))))) -> Kosong | U22: =IF(M22="","",IF(AND(IFERROR(--(INDEX('Reguler Class Availability'!$F:$F,M22)&""),0)=0,IFERROR(--(INDEX('Reguler Class Availability'!$G:$G,M22)&""),0)=0),IF(OR(INDEX('Reguler Class Availability'!$B:$B,M22)&""<>"",INDEX('Reguler Class Availability'!$I:$I,M22)&""<>""),"Tutup","Tidak dibuka"),IF(IFERROR(--(INDEX('Reguler Class Availability'!$G:$G,M22)&""),0)>IFERROR(--(INDEX('Reguler Class Availability'!$F:$F,M22)&""),0),"Lebih",IF(IFERROR(--(INDEX('Reguler Class Availability'!$G:$G,M22)&""),0)=IFERROR(--(INDEX('Reguler Class Availability'!$F:$F,M22)&""),0),"Penuh",IF(IFERROR(--(INDEX('Reguler Class Availability'!$G:$G,M22)&""),0)=0,IF(INDEX('Reguler Class Availability'!$B:$B,M22)&""="","Kosong","Belum terisi"),IF(IFERROR(--(INDEX('Reguler Class Availability'!$G:$G,M22)&""),0)/IFERROR(--(INDEX('Reguler Class Availability'!$F:$F,M22)&""),0)>=0.6,"Tinggi","Sebagian")))))) -> Sebagian | V22: =IF(N22="","",IF(AND(IFERROR(--(INDEX('Reguler Class Availability'!$F:$F,N22)&""),0)=0,IFERROR(--(INDEX('Reguler Class Availability'!$G:$G,N22)&""),0)=0),IF(OR(INDEX('Reguler Class Availability'!$B:$B,N22)&""<>"",INDEX('Reguler Class Availability'!$I:$I,N22)&""<>""),"Tutup","Tidak dibuka"),IF(IFERROR(--(INDEX('Reguler Class Availability'!$G:$G,N22)&""),0)>IFERROR(--(INDEX('Reguler Class Availability'!$F:$F,N22)&""),0),"Lebih",IF(IFERROR(--(INDEX('Reguler Class Availability'!$G:$G,N22)&""),0)=IFERROR(--(INDEX('Reguler Class Availability'!$F:$F,N22)&""),0),"Penuh",IF(IFERROR(--(INDEX('Reguler Class Availability'!$G:$G,N22)&""),0)=0,IF(INDEX('Reguler Class Availability'!$B:$B,N22)&""="","Kosong","Belum terisi"),IF(IFERROR(--(INDEX('Reguler Class Availability'!$G:$G,N22)&""),0)/IFERROR(--(INDEX('Reguler Class Availability'!$F:$F,N22)&""),0)>=0.6,"Tinggi","Sebagian")))))) -> Tinggi | W22: =IF(O22="","",IF(AND(IFERROR(--(INDEX('Reguler Class Availability'!$F:$F,O22)&""),0)=0,IFERROR(--(INDEX('Reguler Class Availability'!$G:$G,O22)&""),0)=0),IF(OR(INDEX('Reguler Class Availability'!$B:$B,O22)&""<>"",INDEX('Reguler Class Availability'!$I:$I,O22)&""<>""),"Tutup","Tidak dibuka"),IF(IFERROR(--(INDEX('Reguler Class Availability'!$G:$G,O22)&""),0)>IFERROR(--(INDEX('Reguler Class Availability'!$F:$F,O22)&""),0),"Lebih",IF(IFERROR(--(INDEX('Reguler Class Availability'!$G:$G,O22)&""),0)=IFERROR(--(INDEX('Reguler Class Availability'!$F:$F,O22)&""),0),"Penuh",IF(IFERROR(--(INDEX('Reguler Class Availability'!$G:$G,O22)&""),0)=0,IF(INDEX('Reguler Class Availability'!$B:$B,O22)&""="","Kosong","Belum terisi"),IF(IFERROR(--(INDEX('Reguler Class Availability'!$G:$G,O22)&""),0)/IFERROR(--(INDEX('Reguler Class Availability'!$F:$F,O22)&""),0)>=0.6,"Tinggi","Sebagian")))))) -> Penuh | X22: =IF(P22="","",IF(AND(IFERROR(--(INDEX('Reguler Class Availability'!$F:$F,P22)&""),0)=0,IFERROR(--(INDEX('Reguler Class Availability'!$G:$G,P22)&""),0)=0),IF(OR(INDEX('Reguler Class Availability'!$B:$B,P22)&""<>"",INDEX('Reguler Class Availability'!$I:$I,P22)&""<>""),"Tutup","Tidak dibuka"),IF(IFERROR(--(INDEX('Reguler Class Availability'!$G:$G,P22)&""),0)>IFERROR(--(INDEX('Reguler Class Availability'!$F:$F,P22)&""),0),"Lebih",IF(IFERROR(--(INDEX('Reguler Class Availability'!$G:$G,P22)&""),0)=IFERROR(--(INDEX('Reguler Class Availability'!$F:$F,P22)&""),0),"Penuh",IF(IFERROR(--(INDEX('Reguler Class Availability'!$G:$G,P22)&""),0)=0,IF(INDEX('Reguler Class Availability'!$B:$B,P22)&""="","Kosong","Belum terisi"),IF(IFERROR(--(INDEX('Reguler Class Availability'!$G:$G,P22)&""),0)/IFERROR(--(INDEX('Reguler Class Availability'!$F:$F,P22)&""),0)>=0.6,"Tinggi","Sebagian")))))) -> Penuh | Z22: 11:00 | AA22: =IF(COUNTIFS('Reguler Class Availability'!$L:$L,$B$4&"|- Lane 1 - *|"&Z22)>0,1,0) -> 0 | AB22: =AA22+AB21 -> 5
A23: =IFERROR(INDEX($Z$2:$Z$61,MATCH(10,$AB$2:$AB$61,0)),"") -> 15:00 | B23: =IF(J23="","",IF(R23="Tidak dibuka","–",IF(INDEX('Reguler Class Availability'!$B:$B,J23)&""="","Kosong",PROPER(INDEX('Reguler Class Availability'!$B:$B,J23)&""))&" "&IFERROR(--(INDEX('Reguler Class Availability'!$G:$G,J23)&""),0)&"/"&IFERROR(--(INDEX('Reguler Class Availability'!$F:$F,J23)&""),0)&IF(IFERROR(--(INDEX('Reguler Class Availability'!$F:$F,J23)&""),0)>0," ("&TEXT(IFERROR(--(INDEX('Reguler Class Availability'!$G:$G,J23)&""),0)/IFERROR(--(INDEX('Reguler Class Availability'!$F:$F,J23)&""),0),"0%")&")","")&CHAR(10)&IF(INDEX('Reguler Class Availability'!$I:$I,J23)&""="","coach: –",PROPER(INDEX('Reguler Class Availability'!$I:$I,J23)&""))&IF(INDEX('Reguler Class Availability'!$J:$J,J23)&""="","",CHAR(10)&"asst: "&PROPER(INDEX('Reguler Class Availability'!$J:$J,J23)&"")))) -> Little 2/0 Gita | C23: =IF(K23="","",IF(S23="Tidak dibuka","–",IF(INDEX('Reguler Class Availability'!$B:$B,K23)&""="","Kosong",PROPER(INDEX('Reguler Class Availability'!$B:$B,K23)&""))&" "&IFERROR(--(INDEX('Reguler Class Availability'!$G:$G,K23)&""),0)&"/"&IFERROR(--(INDEX('Reguler Class Availability'!$F:$F,K23)&""),0)&IF(IFERROR(--(INDEX('Reguler Class Availability'!$F:$F,K23)&""),0)>0," ("&TEXT(IFERROR(--(INDEX('Reguler Class Availability'!$G:$G,K23)&""),0)/IFERROR(--(INDEX('Reguler Class Availability'!$F:$F,K23)&""),0),"0%")&")","")&CHAR(10)&IF(INDEX('Reguler Class Availability'!$I:$I,K23)&""="","coach: –",PROPER(INDEX('Reguler Class Availability'!$I:$I,K23)&""))&IF(INDEX('Reguler Class Availability'!$J:$J,K23)&""="","",CHAR(10)&"asst: "&PROPER(INDEX('Reguler Class Availability'!$J:$J,K23)&"")))) -> Kids 4/0 Tessa | D23: =IF(L23="","",IF(T23="Tidak dibuka","–",IF(INDEX('Reguler Class Availability'!$B:$B,L23)&""="","Kosong",PROPER(INDEX('Reguler Class Availability'!$B:$B,L23)&""))&" "&IFERROR(--(INDEX('Reguler Class Availability'!$G:$G,L23)&""),0)&"/"&IFERROR(--(INDEX('Reguler Class Availability'!$F:$F,L23)&""),0)&IF(IFERROR(--(INDEX('Reguler Class Availability'!$F:$F,L23)&""),0)>0," ("&TEXT(IFERROR(--(INDEX('Reguler Class Availability'!$G:$G,L23)&""),0)/IFERROR(--(INDEX('Reguler Class Availability'!$F:$F,L23)&""),0),"0%")&")","")&CHAR(10)&IF(INDEX('Reguler Class Availability'!$I:$I,L23)&""="","coach: –",PROPER(INDEX('Reguler Class Availability'!$I:$I,L23)&""))&IF(INDEX('Reguler Class Availability'!$J:$J,L23)&""="","",CHAR(10)&"asst: "&PROPER(INDEX('Reguler Class Availability'!$J:$J,L23)&"")))) -> Baby 1/0 Zidane | E23: =IF(M23="","",IF(U23="Tidak dibuka","–",IF(INDEX('Reguler Class Availability'!$B:$B,M23)&""="","Kosong",PROPER(INDEX('Reguler Class Availability'!$B:$B,M23)&""))&" "&IFERROR(--(INDEX('Reguler Class Availability'!$G:$G,M23)&""),0)&"/"&IFERROR(--(INDEX('Reguler Class Availability'!$F:$F,M23)&""),0)&IF(IFERROR(--(INDEX('Reguler Class Availability'!$F:$F,M23)&""),0)>0," ("&TEXT(IFERROR(--(INDEX('Reguler Class Availability'!$G:$G,M23)&""),0)/IFERROR(--(INDEX('Reguler Class Availability'!$F:$F,M23)&""),0),"0%")&")","")&CHAR(10)&IF(INDEX('Reguler Class Availability'!$I:$I,M23)&""="","coach: –",PROPER(INDEX('Reguler Class Availability'!$I:$I,M23)&""))&IF(INDEX('Reguler Class Availability'!$J:$J,M23)&""="","",CHAR(10)&"asst: "&PROPER(INDEX('Reguler Class Availability'!$J:$J,M23)&"")))) -> Baby 1/0 Tessa | F23: =IF(N23="","",IF(V23="Tidak dibuka","–",IF(INDEX('Reguler Class Availability'!$B:$B,N23)&""="","Kosong",PROPER(INDEX('Reguler Class Availability'!$B:$B,N23)&""))&" "&IFERROR(--(INDEX('Reguler Class Availability'!$G:$G,N23)&""),0)&"/"&IFERROR(--(INDEX('Reguler Class Availability'!$F:$F,N23)&""),0)&IF(IFERROR(--(INDEX('Reguler Class Availability'!$F:$F,N23)&""),0)>0," ("&TEXT(IFERROR(--(INDEX('Reguler Class Availability'!$G:$G,N23)&""),0)/IFERROR(--(INDEX('Reguler Class Availability'!$F:$F,N23)&""),0),"0%")&")","")&CHAR(10)&IF(INDEX('Reguler Class Availability'!$I:$I,N23)&""="","coach: –",PROPER(INDEX('Reguler Class Availability'!$I:$I,N23)&""))&IF(INDEX('Reguler Class Availability'!$J:$J,N23)&""="","",CHAR(10)&"asst: "&PROPER(INDEX('Reguler Class Availability'!$J:$J,N23)&"")))) -> Little 3/4 (75%) Dian | G23: =IF(O23="","",IF(W23="Tidak dibuka","–",IF(INDEX('Reguler Class Availability'!$B:$B,O23)&""="","Kosong",PROPER(INDEX('Reguler Class Availability'!$B:$B,O23)&""))&" "&IFERROR(--(INDEX('Reguler Class Availability'!$G:$G,O23)&""),0)&"/"&IFERROR(--(INDEX('Reguler Class Availability'!$F:$F,O23)&""),0)&IF(IFERROR(--(INDEX('Reguler Class Availability'!$F:$F,O23)&""),0)>0," ("&TEXT(IFERROR(--(INDEX('Reguler Class Availability'!$G:$G,O23)&""),0)/IFERROR(--(INDEX('Reguler Class Availability'!$F:$F,O23)&""),0),"0%")&")","")&CHAR(10)&IF(INDEX('Reguler Class Availability'!$I:$I,O23)&""="","coach: –",PROPER(INDEX('Reguler Class Availability'!$I:$I,O23)&""))&IF(INDEX('Reguler Class Availability'!$J:$J,O23)&""="","",CHAR(10)&"asst: "&PROPER(INDEX('Reguler Class Availability'!$J:$J,O23)&"")))) -> Baby 5/5 (100%) Eka | H23: =IF(P23="","",IF(X23="Tidak dibuka","–",IF(INDEX('Reguler Class Availability'!$B:$B,P23)&""="","Kosong",PROPER(INDEX('Reguler Class Availability'!$B:$B,P23)&""))&" "&IFERROR(--(INDEX('Reguler Class Availability'!$G:$G,P23)&""),0)&"/"&IFERROR(--(INDEX('Reguler Class Availability'!$F:$F,P23)&""),0)&IF(IFERROR(--(INDEX('Reguler Class Availability'!$F:$F,P23)&""),0)>0," ("&TEXT(IFERROR(--(INDEX('Reguler Class Availability'!$G:$G,P23)&""),0)/IFERROR(--(INDEX('Reguler Class Availability'!$F:$F,P23)&""),0),"0%")&")","")&CHAR(10)&IF(INDEX('Reguler Class Availability'!$I:$I,P23)&""="","coach: –",PROPER(INDEX('Reguler Class Availability'!$I:$I,P23)&""))&IF(INDEX('Reguler Class Availability'!$J:$J,P23)&""="","",CHAR(10)&"asst: "&PROPER(INDEX('Reguler Class Availability'!$J:$J,P23)&"")))) -> Baby 4/5 (80%) Zidane | J23: =IF($A23="","",IFERROR(MATCH($B$4&"|- Lane 1 - "&B$13&"|"&$A23,'Reguler Class Availability'!$L:$L,0),"")) -> 10 | K23: =IF($A23="","",IFERROR(MATCH($B$4&"|- Lane 1 - "&C$13&"|"&$A23,'Reguler Class Availability'!$L:$L,0),"")) -> 22 | L23: =IF($A23="","",IFERROR(MATCH($B$4&"|- Lane 1 - "&D$13&"|"&$A23,'Reguler Class Availability'!$L:$L,0),"")) -> 34 | M23: =IF($A23="","",IFERROR(MATCH($B$4&"|- Lane 1 - "&E$13&"|"&$A23,'Reguler Class Availability'!$L:$L,0),"")) -> 46 | N23: =IF($A23="","",IFERROR(MATCH($B$4&"|- Lane 1 - "&F$13&"|"&$A23,'Reguler Class Availability'!$L:$L,0),"")) -> 58 | O23: =IF($A23="","",IFERROR(MATCH($B$4&"|- Lane 1 - "&G$13&"|"&$A23,'Reguler Class Availability'!$L:$L,0),"")) -> 70 | P23: =IF($A23="","",IFERROR(MATCH($B$4&"|- Lane 1 - "&H$13&"|"&$A23,'Reguler Class Availability'!$L:$L,0),"")) -> 82 | R23: =IF(J23="","",IF(AND(IFERROR(--(INDEX('Reguler Class Availability'!$F:$F,J23)&""),0)=0,IFERROR(--(INDEX('Reguler Class Availability'!$G:$G,J23)&""),0)=0),IF(OR(INDEX('Reguler Class Availability'!$B:$B,J23)&""<>"",INDEX('Reguler Class Availability'!$I:$I,J23)&""<>""),"Tutup","Tidak dibuka"),IF(IFERROR(--(INDEX('Reguler Class Availability'!$G:$G,J23)&""),0)>IFERROR(--(INDEX('Reguler Class Availability'!$F:$F,J23)&""),0),"Lebih",IF(IFERROR(--(INDEX('Reguler Class Availability'!$G:$G,J23)&""),0)=IFERROR(--(INDEX('Reguler Class Availability'!$F:$F,J23)&""),0),"Penuh",IF(IFERROR(--(INDEX('Reguler Class Availability'!$G:$G,J23)&""),0)=0,IF(INDEX('Reguler Class Availability'!$B:$B,J23)&""="","Kosong","Belum terisi"),IF(IFERROR(--(INDEX('Reguler Class Availability'!$G:$G,J23)&""),0)/IFERROR(--(INDEX('Reguler Class Availability'!$F:$F,J23)&""),0)>=0.6,"Tinggi","Sebagian")))))) -> Lebih | S23: =IF(K23="","",IF(AND(IFERROR(--(INDEX('Reguler Class Availability'!$F:$F,K23)&""),0)=0,IFERROR(--(INDEX('Reguler Class Availability'!$G:$G,K23)&""),0)=0),IF(OR(INDEX('Reguler Class Availability'!$B:$B,K23)&""<>"",INDEX('Reguler Class Availability'!$I:$I,K23)&""<>""),"Tutup","Tidak dibuka"),IF(IFERROR(--(INDEX('Reguler Class Availability'!$G:$G,K23)&""),0)>IFERROR(--(INDEX('Reguler Class Availability'!$F:$F,K23)&""),0),"Lebih",IF(IFERROR(--(INDEX('Reguler Class Availability'!$G:$G,K23)&""),0)=IFERROR(--(INDEX('Reguler Class Availability'!$F:$F,K23)&""),0),"Penuh",IF(IFERROR(--(INDEX('Reguler Class Availability'!$G:$G,K23)&""),0)=0,IF(INDEX('Reguler Class Availability'!$B:$B,K23)&""="","Kosong","Belum terisi"),IF(IFERROR(--(INDEX('Reguler Class Availability'!$G:$G,K23)&""),0)/IFERROR(--(INDEX('Reguler Class Availability'!$F:$F,K23)&""),0)>=0.6,"Tinggi","Sebagian")))))) -> Lebih | T23: =IF(L23="","",IF(AND(IFERROR(--(INDEX('Reguler Class Availability'!$F:$F,L23)&""),0)=0,IFERROR(--(INDEX('Reguler Class Availability'!$G:$G,L23)&""),0)=0),IF(OR(INDEX('Reguler Class Availability'!$B:$B,L23)&""<>"",INDEX('Reguler Class Availability'!$I:$I,L23)&""<>""),"Tutup","Tidak dibuka"),IF(IFERROR(--(INDEX('Reguler Class Availability'!$G:$G,L23)&""),0)>IFERROR(--(INDEX('Reguler Class Availability'!$F:$F,L23)&""),0),"Lebih",IF(IFERROR(--(INDEX('Reguler Class Availability'!$G:$G,L23)&""),0)=IFERROR(--(INDEX('Reguler Class Availability'!$F:$F,L23)&""),0),"Penuh",IF(IFERROR(--(INDEX('Reguler Class Availability'!$G:$G,L23)&""),0)=0,IF(INDEX('Reguler Class Availability'!$B:$B,L23)&""="","Kosong","Belum terisi"),IF(IFERROR(--(INDEX('Reguler Class Availability'!$G:$G,L23)&""),0)/IFERROR(--(INDEX('Reguler Class Availability'!$F:$F,L23)&""),0)>=0.6,"Tinggi","Sebagian")))))) -> Lebih | U23: =IF(M23="","",IF(AND(IFERROR(--(INDEX('Reguler Class Availability'!$F:$F,M23)&""),0)=0,IFERROR(--(INDEX('Reguler Class Availability'!$G:$G,M23)&""),0)=0),IF(OR(INDEX('Reguler Class Availability'!$B:$B,M23)&""<>"",INDEX('Reguler Class Availability'!$I:$I,M23)&""<>""),"Tutup","Tidak dibuka"),IF(IFERROR(--(INDEX('Reguler Class Availability'!$G:$G,M23)&""),0)>IFERROR(--(INDEX('Reguler Class Availability'!$F:$F,M23)&""),0),"Lebih",IF(IFERROR(--(INDEX('Reguler Class Availability'!$G:$G,M23)&""),0)=IFERROR(--(INDEX('Reguler Class Availability'!$F:$F,M23)&""),0),"Penuh",IF(IFERROR(--(INDEX('Reguler Class Availability'!$G:$G,M23)&""),0)=0,IF(INDEX('Reguler Class Availability'!$B:$B,M23)&""="","Kosong","Belum terisi"),IF(IFERROR(--(INDEX('Reguler Class Availability'!$G:$G,M23)&""),0)/IFERROR(--(INDEX('Reguler Class Availability'!$F:$F,M23)&""),0)>=0.6,"Tinggi","Sebagian")))))) -> Lebih | V23: =IF(N23="","",IF(AND(IFERROR(--(INDEX('Reguler Class Availability'!$F:$F,N23)&""),0)=0,IFERROR(--(INDEX('Reguler Class Availability'!$G:$G,N23)&""),0)=0),IF(OR(INDEX('Reguler Class Availability'!$B:$B,N23)&""<>"",INDEX('Reguler Class Availability'!$I:$I,N23)&""<>""),"Tutup","Tidak dibuka"),IF(IFERROR(--(INDEX('Reguler Class Availability'!$G:$G,N23)&""),0)>IFERROR(--(INDEX('Reguler Class Availability'!$F:$F,N23)&""),0),"Lebih",IF(IFERROR(--(INDEX('Reguler Class Availability'!$G:$G,N23)&""),0)=IFERROR(--(INDEX('Reguler Class Availability'!$F:$F,N23)&""),0),"Penuh",IF(IFERROR(--(INDEX('Reguler Class Availability'!$G:$G,N23)&""),0)=0,IF(INDEX('Reguler Class Availability'!$B:$B,N23)&""="","Kosong","Belum terisi"),IF(IFERROR(--(INDEX('Reguler Class Availability'!$G:$G,N23)&""),0)/IFERROR(--(INDEX('Reguler Class Availability'!$F:$F,N23)&""),0)>=0.6,"Tinggi","Sebagian")))))) -> Tinggi | W23: =IF(O23="","",IF(AND(IFERROR(--(INDEX('Reguler Class Availability'!$F:$F,O23)&""),0)=0,IFERROR(--(INDEX('Reguler Class Availability'!$G:$G,O23)&""),0)=0),IF(OR(INDEX('Reguler Class Availability'!$B:$B,O23)&""<>"",INDEX('Reguler Class Availability'!$I:$I,O23)&""<>""),"Tutup","Tidak dibuka"),IF(IFERROR(--(INDEX('Reguler Class Availability'!$G:$G,O23)&""),0)>IFERROR(--(INDEX('Reguler Class Availability'!$F:$F,O23)&""),0),"Lebih",IF(IFERROR(--(INDEX('Reguler Class Availability'!$G:$G,O23)&""),0)=IFERROR(--(INDEX('Reguler Class Availability'!$F:$F,O23)&""),0),"Penuh",IF(IFERROR(--(INDEX('Reguler Class Availability'!$G:$G,O23)&""),0)=0,IF(INDEX('Reguler Class Availability'!$B:$B,O23)&""="","Kosong","Belum terisi"),IF(IFERROR(--(INDEX('Reguler Class Availability'!$G:$G,O23)&""),0)/IFERROR(--(INDEX('Reguler Class Availability'!$F:$F,O23)&""),0)>=0.6,"Tinggi","Sebagian")))))) -> Penuh | X23: =IF(P23="","",IF(AND(IFERROR(--(INDEX('Reguler Class Availability'!$F:$F,P23)&""),0)=0,IFERROR(--(INDEX('Reguler Class Availability'!$G:$G,P23)&""),0)=0),IF(OR(INDEX('Reguler Class Availability'!$B:$B,P23)&""<>"",INDEX('Reguler Class Availability'!$I:$I,P23)&""<>""),"Tutup","Tidak dibuka"),IF(IFERROR(--(INDEX('Reguler Class Availability'!$G:$G,P23)&""),0)>IFERROR(--(INDEX('Reguler Class Availability'!$F:$F,P23)&""),0),"Lebih",IF(IFERROR(--(INDEX('Reguler Class Availability'!$G:$G,P23)&""),0)=IFERROR(--(INDEX('Reguler Class Availability'!$F:$F,P23)&""),0),"Penuh",IF(IFERROR(--(INDEX('Reguler Class Availability'!$G:$G,P23)&""),0)=0,IF(INDEX('Reguler Class Availability'!$B:$B,P23)&""="","Kosong","Belum terisi"),IF(IFERROR(--(INDEX('Reguler Class Availability'!$G:$G,P23)&""),0)/IFERROR(--(INDEX('Reguler Class Availability'!$F:$F,P23)&""),0)>=0.6,"Tinggi","Sebagian")))))) -> Tinggi | Z23: 11:15 | AA23: =IF(COUNTIFS('Reguler Class Availability'!$L:$L,$B$4&"|- Lane 1 - *|"&Z23)>0,1,0) -> 1 | AB23: =AA23+AB22 -> 6
A24: =IFERROR(INDEX($Z$2:$Z$61,MATCH(11,$AB$2:$AB$61,0)),"") -> 15:45 | B24: =IF(J24="","",IF(R24="Tidak dibuka","–",IF(INDEX('Reguler Class Availability'!$B:$B,J24)&""="","Kosong",PROPER(INDEX('Reguler Class Availability'!$B:$B,J24)&""))&" "&IFERROR(--(INDEX('Reguler Class Availability'!$G:$G,J24)&""),0)&"/"&IFERROR(--(INDEX('Reguler Class Availability'!$F:$F,J24)&""),0)&IF(IFERROR(--(INDEX('Reguler Class Availability'!$F:$F,J24)&""),0)>0," ("&TEXT(IFERROR(--(INDEX('Reguler Class Availability'!$G:$G,J24)&""),0)/IFERROR(--(INDEX('Reguler Class Availability'!$F:$F,J24)&""),0),"0%")&")","")&CHAR(10)&IF(INDEX('Reguler Class Availability'!$I:$I,J24)&""="","coach: –",PROPER(INDEX('Reguler Class Availability'!$I:$I,J24)&""))&IF(INDEX('Reguler Class Availability'!$J:$J,J24)&""="","",CHAR(10)&"asst: "&PROPER(INDEX('Reguler Class Availability'!$J:$J,J24)&"")))) -> – | C24: =IF(K24="","",IF(S24="Tidak dibuka","–",IF(INDEX('Reguler Class Availability'!$B:$B,K24)&""="","Kosong",PROPER(INDEX('Reguler Class Availability'!$B:$B,K24)&""))&" "&IFERROR(--(INDEX('Reguler Class Availability'!$G:$G,K24)&""),0)&"/"&IFERROR(--(INDEX('Reguler Class Availability'!$F:$F,K24)&""),0)&IF(IFERROR(--(INDEX('Reguler Class Availability'!$F:$F,K24)&""),0)>0," ("&TEXT(IFERROR(--(INDEX('Reguler Class Availability'!$G:$G,K24)&""),0)/IFERROR(--(INDEX('Reguler Class Availability'!$F:$F,K24)&""),0),"0%")&")","")&CHAR(10)&IF(INDEX('Reguler Class Availability'!$I:$I,K24)&""="","coach: –",PROPER(INDEX('Reguler Class Availability'!$I:$I,K24)&""))&IF(INDEX('Reguler Class Availability'!$J:$J,K24)&""="","",CHAR(10)&"asst: "&PROPER(INDEX('Reguler Class Availability'!$J:$J,K24)&"")))) -> – | D24: =IF(L24="","",IF(T24="Tidak dibuka","–",IF(INDEX('Reguler Class Availability'!$B:$B,L24)&""="","Kosong",PROPER(INDEX('Reguler Class Availability'!$B:$B,L24)&""))&" "&IFERROR(--(INDEX('Reguler Class Availability'!$G:$G,L24)&""),0)&"/"&IFERROR(--(INDEX('Reguler Class Availability'!$F:$F,L24)&""),0)&IF(IFERROR(--(INDEX('Reguler Class Availability'!$F:$F,L24)&""),0)>0," ("&TEXT(IFERROR(--(INDEX('Reguler Class Availability'!$G:$G,L24)&""),0)/IFERROR(--(INDEX('Reguler Class Availability'!$F:$F,L24)&""),0),"0%")&")","")&CHAR(10)&IF(INDEX('Reguler Class Availability'!$I:$I,L24)&""="","coach: –",PROPER(INDEX('Reguler Class Availability'!$I:$I,L24)&""))&IF(INDEX('Reguler Class Availability'!$J:$J,L24)&""="","",CHAR(10)&"asst: "&PROPER(INDEX('Reguler Class Availability'!$J:$J,L24)&"")))) -> Little 3/0 Gita | E24: =IF(M24="","",IF(U24="Tidak dibuka","–",IF(INDEX('Reguler Class Availability'!$B:$B,M24)&""="","Kosong",PROPER(INDEX('Reguler Class Availability'!$B:$B,M24)&""))&" "&IFERROR(--(INDEX('Reguler Class Availability'!$G:$G,M24)&""),0)&"/"&IFERROR(--(INDEX('Reguler Class Availability'!$F:$F,M24)&""),0)&IF(IFERROR(--(INDEX('Reguler Class Availability'!$F:$F,M24)&""),0)>0," ("&TEXT(IFERROR(--(INDEX('Reguler Class Availability'!$G:$G,M24)&""),0)/IFERROR(--(INDEX('Reguler Class Availability'!$F:$F,M24)&""),0),"0%")&")","")&CHAR(10)&IF(INDEX('Reguler Class Availability'!$I:$I,M24)&""="","coach: –",PROPER(INDEX('Reguler Class Availability'!$I:$I,M24)&""))&IF(INDEX('Reguler Class Availability'!$J:$J,M24)&""="","",CHAR(10)&"asst: "&PROPER(INDEX('Reguler Class Availability'!$J:$J,M24)&"")))) -> Kids 1/0 Daffa | F24: =IF(N24="","",IF(V24="Tidak dibuka","–",IF(INDEX('Reguler Class Availability'!$B:$B,N24)&""="","Kosong",PROPER(INDEX('Reguler Class Availability'!$B:$B,N24)&""))&" "&IFERROR(--(INDEX('Reguler Class Availability'!$G:$G,N24)&""),0)&"/"&IFERROR(--(INDEX('Reguler Class Availability'!$F:$F,N24)&""),0)&IF(IFERROR(--(INDEX('Reguler Class Availability'!$F:$F,N24)&""),0)>0," ("&TEXT(IFERROR(--(INDEX('Reguler Class Availability'!$G:$G,N24)&""),0)/IFERROR(--(INDEX('Reguler Class Availability'!$F:$F,N24)&""),0),"0%")&")","")&CHAR(10)&IF(INDEX('Reguler Class Availability'!$I:$I,N24)&""="","coach: –",PROPER(INDEX('Reguler Class Availability'!$I:$I,N24)&""))&IF(INDEX('Reguler Class Availability'!$J:$J,N24)&""="","",CHAR(10)&"asst: "&PROPER(INDEX('Reguler Class Availability'!$J:$J,N24)&"")))) -> Kids 4/4 (100%) Surya | G24: =IF(O24="","",IF(W24="Tidak dibuka","–",IF(INDEX('Reguler Class Availability'!$B:$B,O24)&""="","Kosong",PROPER(INDEX('Reguler Class Availability'!$B:$B,O24)&""))&" "&IFERROR(--(INDEX('Reguler Class Availability'!$G:$G,O24)&""),0)&"/"&IFERROR(--(INDEX('Reguler Class Availability'!$F:$F,O24)&""),0)&IF(IFERROR(--(INDEX('Reguler Class Availability'!$F:$F,O24)&""),0)>0," ("&TEXT(IFERROR(--(INDEX('Reguler Class Availability'!$G:$G,O24)&""),0)/IFERROR(--(INDEX('Reguler Class Availability'!$F:$F,O24)&""),0),"0%")&")","")&CHAR(10)&IF(INDEX('Reguler Class Availability'!$I:$I,O24)&""="","coach: –",PROPER(INDEX('Reguler Class Availability'!$I:$I,O24)&""))&IF(INDEX('Reguler Class Availability'!$J:$J,O24)&""="","",CHAR(10)&"asst: "&PROPER(INDEX('Reguler Class Availability'!$J:$J,O24)&"")))) -> Little 4/4 (100%) Daffa | H24: =IF(P24="","",IF(X24="Tidak dibuka","–",IF(INDEX('Reguler Class Availability'!$B:$B,P24)&""="","Kosong",PROPER(INDEX('Reguler Class Availability'!$B:$B,P24)&""))&" "&IFERROR(--(INDEX('Reguler Class Availability'!$G:$G,P24)&""),0)&"/"&IFERROR(--(INDEX('Reguler Class Availability'!$F:$F,P24)&""),0)&IF(IFERROR(--(INDEX('Reguler Class Availability'!$F:$F,P24)&""),0)>0," ("&TEXT(IFERROR(--(INDEX('Reguler Class Availability'!$G:$G,P24)&""),0)/IFERROR(--(INDEX('Reguler Class Availability'!$F:$F,P24)&""),0),"0%")&")","")&CHAR(10)&IF(INDEX('Reguler Class Availability'!$I:$I,P24)&""="","coach: –",PROPER(INDEX('Reguler Class Availability'!$I:$I,P24)&""))&IF(INDEX('Reguler Class Availability'!$J:$J,P24)&""="","",CHAR(10)&"asst: "&PROPER(INDEX('Reguler Class Availability'!$J:$J,P24)&"")))) -> Kids 2/4 (50%) Zidane | J24: =IF($A24="","",IFERROR(MATCH($B$4&"|- Lane 1 - "&B$13&"|"&$A24,'Reguler Class Availability'!$L:$L,0),"")) -> 11 | K24: =IF($A24="","",IFERROR(MATCH($B$4&"|- Lane 1 - "&C$13&"|"&$A24,'Reguler Class Availability'!$L:$L,0),"")) -> 23 | L24: =IF($A24="","",IFERROR(MATCH($B$4&"|- Lane 1 - "&D$13&"|"&$A24,'Reguler Class Availability'!$L:$L,0),"")) -> 35 | M24: =IF($A24="","",IFERROR(MATCH($B$4&"|- Lane 1 - "&E$13&"|"&$A24,'Reguler Class Availability'!$L:$L,0),"")) -> 47 | N24: =IF($A24="","",IFERROR(MATCH($B$4&"|- Lane 1 - "&F$13&"|"&$A24,'Reguler Class Availability'!$L:$L,0),"")) -> 59 | O24: =IF($A24="","",IFERROR(MATCH($B$4&"|- Lane 1 - "&G$13&"|"&$A24,'Reguler Class Availability'!$L:$L,0),"")) -> 71 | P24: =IF($A24="","",IFERROR(MATCH($B$4&"|- Lane 1 - "&H$13&"|"&$A24,'Reguler Class Availability'!$L:$L,0),"")) -> 83 | R24: =IF(J24="","",IF(AND(IFERROR(--(INDEX('Reguler Class Availability'!$F:$F,J24)&""),0)=0,IFERROR(--(INDEX('Reguler Class Availability'!$G:$G,J24)&""),0)=0),IF(OR(INDEX('Reguler Class Availability'!$B:$B,J24)&""<>"",INDEX('Reguler Class Availability'!$I:$I,J24)&""<>""),"Tutup","Tidak dibuka"),IF(IFERROR(--(INDEX('Reguler Class Availability'!$G:$G,J24)&""),0)>IFERROR(--(INDEX('Reguler Class Availability'!$F:$F,J24)&""),0),"Lebih",IF(IFERROR(--(INDEX('Reguler Class Availability'!$G:$G,J24)&""),0)=IFERROR(--(INDEX('Reguler Class Availability'!$F:$F,J24)&""),0),"Penuh",IF(IFERROR(--(INDEX('Reguler Class Availability'!$G:$G,J24)&""),0)=0,IF(INDEX('Reguler Class Availability'!$B:$B,J24)&""="","Kosong","Belum terisi"),IF(IFERROR(--(INDEX('Reguler Class Availability'!$G:$G,J24)&""),0)/IFERROR(--(INDEX('Reguler Class Availability'!$F:$F,J24)&""),0)>=0.6,"Tinggi","Sebagian")))))) -> Tidak dibuka | S24: =IF(K24="","",IF(AND(IFERROR(--(INDEX('Reguler Class Availability'!$F:$F,K24)&""),0)=0,IFERROR(--(INDEX('Reguler Class Availability'!$G:$G,K24)&""),0)=0),IF(OR(INDEX('Reguler Class Availability'!$B:$B,K24)&""<>"",INDEX('Reguler Class Availability'!$I:$I,K24)&""<>""),"Tutup","Tidak dibuka"),IF(IFERROR(--(INDEX('Reguler Class Availability'!$G:$G,K24)&""),0)>IFERROR(--(INDEX('Reguler Class Availability'!$F:$F,K24)&""),0),"Lebih",IF(IFERROR(--(INDEX('Reguler Class Availability'!$G:$G,K24)&""),0)=IFERROR(--(INDEX('Reguler Class Availability'!$F:$F,K24)&""),0),"Penuh",IF(IFERROR(--(INDEX('Reguler Class Availability'!$G:$G,K24)&""),0)=0,IF(INDEX('Reguler Class Availability'!$B:$B,K24)&""="","Kosong","Belum terisi"),IF(IFERROR(--(INDEX('Reguler Class Availability'!$G:$G,K24)&""),0)/IFERROR(--(INDEX('Reguler Class Availability'!$F:$F,K24)&""),0)>=0.6,"Tinggi","Sebagian")))))) -> Tidak dibuka | T24: =IF(L24="","",IF(AND(IFERROR(--(INDEX('Reguler Class Availability'!$F:$F,L24)&""),0)=0,IFERROR(--(INDEX('Reguler Class Availability'!$G:$G,L24)&""),0)=0),IF(OR(INDEX('Reguler Class Availability'!$B:$B,L24)&""<>"",INDEX('Reguler Class Availability'!$I:$I,L24)&""<>""),"Tutup","Tidak dibuka"),IF(IFERROR(--(INDEX('Reguler Class Availability'!$G:$G,L24)&""),0)>IFERROR(--(INDEX('Reguler Class Availability'!$F:$F,L24)&""),0),"Lebih",IF(IFERROR(--(INDEX('Reguler Class Availability'!$G:$G,L24)&""),0)=IFERROR(--(INDEX('Reguler Class Availability'!$F:$F,L24)&""),0),"Penuh",IF(IFERROR(--(INDEX('Reguler Class Availability'!$G:$G,L24)&""),0)=0,IF(INDEX('Reguler Class Availability'!$B:$B,L24)&""="","Kosong","Belum terisi"),IF(IFERROR(--(INDEX('Reguler Class Availability'!$G:$G,L24)&""),0)/IFERROR(--(INDEX('Reguler Class Availability'!$F:$F,L24)&""),0)>=0.6,"Tinggi","Sebagian")))))) -> Lebih | U24: =IF(M24="","",IF(AND(IFERROR(--(INDEX('Reguler Class Availability'!$F:$F,M24)&""),0)=0,IFERROR(--(INDEX('Reguler Class Availability'!$G:$G,M24)&""),0)=0),IF(OR(INDEX('Reguler Class Availability'!$B:$B,M24)&""<>"",INDEX('Reguler Class Availability'!$I:$I,M24)&""<>""),"Tutup","Tidak dibuka"),IF(IFERROR(--(INDEX('Reguler Class Availability'!$G:$G,M24)&""),0)>IFERROR(--(INDEX('Reguler Class Availability'!$F:$F,M24)&""),0),"Lebih",IF(IFERROR(--(INDEX('Reguler Class Availability'!$G:$G,M24)&""),0)=IFERROR(--(INDEX('Reguler Class Availability'!$F:$F,M24)&""),0),"Penuh",IF(IFERROR(--(INDEX('Reguler Class Availability'!$G:$G,M24)&""),0)=0,IF(INDEX('Reguler Class Availability'!$B:$B,M24)&""="","Kosong","Belum terisi"),IF(IFERROR(--(INDEX('Reguler Class Availability'!$G:$G,M24)&""),0)/IFERROR(--(INDEX('Reguler Class Availability'!$F:$F,M24)&""),0)>=0.6,"Tinggi","Sebagian")))))) -> Lebih | V24: =IF(N24="","",IF(AND(IFERROR(--(INDEX('Reguler Class Availability'!$F:$F,N24)&""),0)=0,IFERROR(--(INDEX('Reguler Class Availability'!$G:$G,N24)&""),0)=0),IF(OR(INDEX('Reguler Class Availability'!$B:$B,N24)&""<>"",INDEX('Reguler Class Availability'!$I:$I,N24)&""<>""),"Tutup","Tidak dibuka"),IF(IFERROR(--(INDEX('Reguler Class Availability'!$G:$G,N24)&""),0)>IFERROR(--(INDEX('Reguler Class Availability'!$F:$F,N24)&""),0),"Lebih",IF(IFERROR(--(INDEX('Reguler Class Availability'!$G:$G,N24)&""),0)=IFERROR(--(INDEX('Reguler Class Availability'!$F:$F,N24)&""),0),"Penuh",IF(IFERROR(--(INDEX('Reguler Class Availability'!$G:$G,N24)&""),0)=0,IF(INDEX('Reguler Class Availability'!$B:$B,N24)&""="","Kosong","Belum terisi"),IF(IFERROR(--(INDEX('Reguler Class Availability'!$G:$G,N24)&""),0)/IFERROR(--(INDEX('Reguler Class Availability'!$F:$F,N24)&""),0)>=0.6,"Tinggi","Sebagian")))))) -> Penuh | W24: =IF(O24="","",IF(AND(IFERROR(--(INDEX('Reguler Class Availability'!$F:$F,O24)&""),0)=0,IFERROR(--(INDEX('Reguler Class Availability'!$G:$G,O24)&""),0)=0),IF(OR(INDEX('Reguler Class Availability'!$B:$B,O24)&""<>"",INDEX('Reguler Class Availability'!$I:$I,O24)&""<>""),"Tutup","Tidak dibuka"),IF(IFERROR(--(INDEX('Reguler Class Availability'!$G:$G,O24)&""),0)>IFERROR(--(INDEX('Reguler Class Availability'!$F:$F,O24)&""),0),"Lebih",IF(IFERROR(--(INDEX('Reguler Class Availability'!$G:$G,O24)&""),0)=IFERROR(--(INDEX('Reguler Class Availability'!$F:$F,O24)&""),0),"Penuh",IF(IFERROR(--(INDEX('Reguler Class Availability'!$G:$G,O24)&""),0)=0,IF(INDEX('Reguler Class Availability'!$B:$B,O24)&""="","Kosong","Belum terisi"),IF(IFERROR(--(INDEX('Reguler Class Availability'!$G:$G,O24)&""),0)/IFERROR(--(INDEX('Reguler Class Availability'!$F:$F,O24)&""),0)>=0.6,"Tinggi","Sebagian")))))) -> Penuh | X24: =IF(P24="","",IF(AND(IFERROR(--(INDEX('Reguler Class Availability'!$F:$F,P24)&""),0)=0,IFERROR(--(INDEX('Reguler Class Availability'!$G:$G,P24)&""),0)=0),IF(OR(INDEX('Reguler Class Availability'!$B:$B,P24)&""<>"",INDEX('Reguler Class Availability'!$I:$I,P24)&""<>""),"Tutup","Tidak dibuka"),IF(IFERROR(--(INDEX('Reguler Class Availability'!$G:$G,P24)&""),0)>IFERROR(--(INDEX('Reguler Class Availability'!$F:$F,P24)&""),0),"Lebih",IF(IFERROR(--(INDEX('Reguler Class Availability'!$G:$G,P24)&""),0)=IFERROR(--(INDEX('Reguler Class Availability'!$F:$F,P24)&""),0),"Penuh",IF(IFERROR(--(INDEX('Reguler Class Availability'!$G:$G,P24)&""),0)=0,IF(INDEX('Reguler Class Availability'!$B:$B,P24)&""="","Kosong","Belum terisi"),IF(IFERROR(--(INDEX('Reguler Class Availability'!$G:$G,P24)&""),0)/IFERROR(--(INDEX('Reguler Class Availability'!$F:$F,P24)&""),0)>=0.6,"Tinggi","Sebagian")))))) -> Sebagian | Z24: 11:30 | AA24: =IF(COUNTIFS('Reguler Class Availability'!$L:$L,$B$4&"|- Lane 1 - *|"&Z24)>0,1,0) -> 0 | AB24: =AA24+AB23 -> 6
A25: =IFERROR(INDEX($Z$2:$Z$61,MATCH(12,$AB$2:$AB$61,0)),"") -> 16:30 | B25: =IF(J25="","",IF(R25="Tidak dibuka","–",IF(INDEX('Reguler Class Availability'!$B:$B,J25)&""="","Kosong",PROPER(INDEX('Reguler Class Availability'!$B:$B,J25)&""))&" "&IFERROR(--(INDEX('Reguler Class Availability'!$G:$G,J25)&""),0)&"/"&IFERROR(--(INDEX('Reguler Class Availability'!$F:$F,J25)&""),0)&IF(IFERROR(--(INDEX('Reguler Class Availability'!$F:$F,J25)&""),0)>0," ("&TEXT(IFERROR(--(INDEX('Reguler Class Availability'!$G:$G,J25)&""),0)/IFERROR(--(INDEX('Reguler Class Availability'!$F:$F,J25)&""),0),"0%")&")","")&CHAR(10)&IF(INDEX('Reguler Class Availability'!$I:$I,J25)&""="","coach: –",PROPER(INDEX('Reguler Class Availability'!$I:$I,J25)&""))&IF(INDEX('Reguler Class Availability'!$J:$J,J25)&""="","",CHAR(10)&"asst: "&PROPER(INDEX('Reguler Class Availability'!$J:$J,J25)&"")))) -> Kids 3/5 (60%) Gita | C25: =IF(K25="","",IF(S25="Tidak dibuka","–",IF(INDEX('Reguler Class Availability'!$B:$B,K25)&""="","Kosong",PROPER(INDEX('Reguler Class Availability'!$B:$B,K25)&""))&" "&IFERROR(--(INDEX('Reguler Class Availability'!$G:$G,K25)&""),0)&"/"&IFERROR(--(INDEX('Reguler Class Availability'!$F:$F,K25)&""),0)&IF(IFERROR(--(INDEX('Reguler Class Availability'!$F:$F,K25)&""),0)>0," ("&TEXT(IFERROR(--(INDEX('Reguler Class Availability'!$G:$G,K25)&""),0)/IFERROR(--(INDEX('Reguler Class Availability'!$F:$F,K25)&""),0),"0%")&")","")&CHAR(10)&IF(INDEX('Reguler Class Availability'!$I:$I,K25)&""="","coach: –",PROPER(INDEX('Reguler Class Availability'!$I:$I,K25)&""))&IF(INDEX('Reguler Class Availability'!$J:$J,K25)&""="","",CHAR(10)&"asst: "&PROPER(INDEX('Reguler Class Availability'!$J:$J,K25)&"")))) -> Kosong 0/5 (0%) coach: – | D25: =IF(L25="","",IF(T25="Tidak dibuka","–",IF(INDEX('Reguler Class Availability'!$B:$B,L25)&""="","Kosong",PROPER(INDEX('Reguler Class Availability'!$B:$B,L25)&""))&" "&IFERROR(--(INDEX('Reguler Class Availability'!$G:$G,L25)&""),0)&"/"&IFERROR(--(INDEX('Reguler Class Availability'!$F:$F,L25)&""),0)&IF(IFERROR(--(INDEX('Reguler Class Availability'!$F:$F,L25)&""),0)>0," ("&TEXT(IFERROR(--(INDEX('Reguler Class Availability'!$G:$G,L25)&""),0)/IFERROR(--(INDEX('Reguler Class Availability'!$F:$F,L25)&""),0),"0%")&")","")&CHAR(10)&IF(INDEX('Reguler Class Availability'!$I:$I,L25)&""="","coach: –",PROPER(INDEX('Reguler Class Availability'!$I:$I,L25)&""))&IF(INDEX('Reguler Class Availability'!$J:$J,L25)&""="","",CHAR(10)&"asst: "&PROPER(INDEX('Reguler Class Availability'!$J:$J,L25)&"")))) -> Kosong 0/5 (0%) coach: – | E25: =IF(M25="","",IF(U25="Tidak dibuka","–",IF(INDEX('Reguler Class Availability'!$B:$B,M25)&""="","Kosong",PROPER(INDEX('Reguler Class Availability'!$B:$B,M25)&""))&" "&IFERROR(--(INDEX('Reguler Class Availability'!$G:$G,M25)&""),0)&"/"&IFERROR(--(INDEX('Reguler Class Availability'!$F:$F,M25)&""),0)&IF(IFERROR(--(INDEX('Reguler Class Availability'!$F:$F,M25)&""),0)>0," ("&TEXT(IFERROR(--(INDEX('Reguler Class Availability'!$G:$G,M25)&""),0)/IFERROR(--(INDEX('Reguler Class Availability'!$F:$F,M25)&""),0),"0%")&")","")&CHAR(10)&IF(INDEX('Reguler Class Availability'!$I:$I,M25)&""="","coach: –",PROPER(INDEX('Reguler Class Availability'!$I:$I,M25)&""))&IF(INDEX('Reguler Class Availability'!$J:$J,M25)&""="","",CHAR(10)&"asst: "&PROPER(INDEX('Reguler Class Availability'!$J:$J,M25)&"")))) -> Kids 4/4 (100%) Tessa | F25: =IF(N25="","",IF(V25="Tidak dibuka","–",IF(INDEX('Reguler Class Availability'!$B:$B,N25)&""="","Kosong",PROPER(INDEX('Reguler Class Availability'!$B:$B,N25)&""))&" "&IFERROR(--(INDEX('Reguler Class Availability'!$G:$G,N25)&""),0)&"/"&IFERROR(--(INDEX('Reguler Class Availability'!$F:$F,N25)&""),0)&IF(IFERROR(--(INDEX('Reguler Class Availability'!$F:$F,N25)&""),0)>0," ("&TEXT(IFERROR(--(INDEX('Reguler Class Availability'!$G:$G,N25)&""),0)/IFERROR(--(INDEX('Reguler Class Availability'!$F:$F,N25)&""),0),"0%")&")","")&CHAR(10)&IF(INDEX('Reguler Class Availability'!$I:$I,N25)&""="","coach: –",PROPER(INDEX('Reguler Class Availability'!$I:$I,N25)&""))&IF(INDEX('Reguler Class Availability'!$J:$J,N25)&""="","",CHAR(10)&"asst: "&PROPER(INDEX('Reguler Class Availability'!$J:$J,N25)&"")))) -> Little 3/4 (75%) Tessa | G25: =IF(O25="","",IF(W25="Tidak dibuka","–",IF(INDEX('Reguler Class Availability'!$B:$B,O25)&""="","Kosong",PROPER(INDEX('Reguler Class Availability'!$B:$B,O25)&""))&" "&IFERROR(--(INDEX('Reguler Class Availability'!$G:$G,O25)&""),0)&"/"&IFERROR(--(INDEX('Reguler Class Availability'!$F:$F,O25)&""),0)&IF(IFERROR(--(INDEX('Reguler Class Availability'!$F:$F,O25)&""),0)>0," ("&TEXT(IFERROR(--(INDEX('Reguler Class Availability'!$G:$G,O25)&""),0)/IFERROR(--(INDEX('Reguler Class Availability'!$F:$F,O25)&""),0),"0%")&")","")&CHAR(10)&IF(INDEX('Reguler Class Availability'!$I:$I,O25)&""="","coach: –",PROPER(INDEX('Reguler Class Availability'!$I:$I,O25)&""))&IF(INDEX('Reguler Class Availability'!$J:$J,O25)&""="","",CHAR(10)&"asst: "&PROPER(INDEX('Reguler Class Availability'!$J:$J,O25)&"")))) -> Baby 4/5 (80%) Danti | H25: =IF(P25="","",IF(X25="Tidak dibuka","–",IF(INDEX('Reguler Class Availability'!$B:$B,P25)&""="","Kosong",PROPER(INDEX('Reguler Class Availability'!$B:$B,P25)&""))&" "&IFERROR(--(INDEX('Reguler Class Availability'!$G:$G,P25)&""),0)&"/"&IFERROR(--(INDEX('Reguler Class Availability'!$F:$F,P25)&""),0)&IF(IFERROR(--(INDEX('Reguler Class Availability'!$F:$F,P25)&""),0)>0," ("&TEXT(IFERROR(--(INDEX('Reguler Class Availability'!$G:$G,P25)&""),0)/IFERROR(--(INDEX('Reguler Class Availability'!$F:$F,P25)&""),0),"0%")&")","")&CHAR(10)&IF(INDEX('Reguler Class Availability'!$I:$I,P25)&""="","coach: –",PROPER(INDEX('Reguler Class Availability'!$I:$I,P25)&""))&IF(INDEX('Reguler Class Availability'!$J:$J,P25)&""="","",CHAR(10)&"asst: "&PROPER(INDEX('Reguler Class Availability'!$J:$J,P25)&"")))) -> Little 1/4 (25%) Dian | J25: =IF($A25="","",IFERROR(MATCH($B$4&"|- Lane 1 - "&B$13&"|"&$A25,'Reguler Class Availability'!$L:$L,0),"")) -> 12 | K25: =IF($A25="","",IFERROR(MATCH($B$4&"|- Lane 1 - "&C$13&"|"&$A25,'Reguler Class Availability'!$L:$L,0),"")) -> 24 | L25: =IF($A25="","",IFERROR(MATCH($B$4&"|- Lane 1 - "&D$13&"|"&$A25,'Reguler Class Availability'!$L:$L,0),"")) -> 36 | M25: =IF($A25="","",IFERROR(MATCH($B$4&"|- Lane 1 - "&E$13&"|"&$A25,'Reguler Class Availability'!$L:$L,0),"")) -> 48 | N25: =IF($A25="","",IFERROR(MATCH($B$4&"|- Lane 1 - "&F$13&"|"&$A25,'Reguler Class Availability'!$L:$L,0),"")) -> 60 | O25: =IF($A25="","",IFERROR(MATCH($B$4&"|- Lane 1 - "&G$13&"|"&$A25,'Reguler Class Availability'!$L:$L,0),"")) -> 72 | P25: =IF($A25="","",IFERROR(MATCH($B$4&"|- Lane 1 - "&H$13&"|"&$A25,'Reguler Class Availability'!$L:$L,0),"")) -> 84 | R25: =IF(J25="","",IF(AND(IFERROR(--(INDEX('Reguler Class Availability'!$F:$F,J25)&""),0)=0,IFERROR(--(INDEX('Reguler Class Availability'!$G:$G,J25)&""),0)=0),IF(OR(INDEX('Reguler Class Availability'!$B:$B,J25)&""<>"",INDEX('Reguler Class Availability'!$I:$I,J25)&""<>""),"Tutup","Tidak dibuka"),IF(IFERROR(--(INDEX('Reguler Class Availability'!$G:$G,J25)&""),0)>IFERROR(--(INDEX('Reguler Class Availability'!$F:$F,J25)&""),0),"Lebih",IF(IFERROR(--(INDEX('Reguler Class Availability'!$G:$G,J25)&""),0)=IFERROR(--(INDEX('Reguler Class Availability'!$F:$F,J25)&""),0),"Penuh",IF(IFERROR(--(INDEX('Reguler Class Availability'!$G:$G,J25)&""),0)=0,IF(INDEX('Reguler Class Availability'!$B:$B,J25)&""="","Kosong","Belum terisi"),IF(IFERROR(--(INDEX('Reguler Class Availability'!$G:$G,J25)&""),0)/IFERROR(--(INDEX('Reguler Class Availability'!$F:$F,J25)&""),0)>=0.6,"Tinggi","Sebagian")))))) -> Tinggi | S25: =IF(K25="","",IF(AND(IFERROR(--(INDEX('Reguler Class Availability'!$F:$F,K25)&""),0)=0,IFERROR(--(INDEX('Reguler Class Availability'!$G:$G,K25)&""),0)=0),IF(OR(INDEX('Reguler Class Availability'!$B:$B,K25)&""<>"",INDEX('Reguler Class Availability'!$I:$I,K25)&""<>""),"Tutup","Tidak dibuka"),IF(IFERROR(--(INDEX('Reguler Class Availability'!$G:$G,K25)&""),0)>IFERROR(--(INDEX('Reguler Class Availability'!$F:$F,K25)&""),0),"Lebih",IF(IFERROR(--(INDEX('Reguler Class Availability'!$G:$G,K25)&""),0)=IFERROR(--(INDEX('Reguler Class Availability'!$F:$F,K25)&""),0),"Penuh",IF(IFERROR(--(INDEX('Reguler Class Availability'!$G:$G,K25)&""),0)=0,IF(INDEX('Reguler Class Availability'!$B:$B,K25)&""="","Kosong","Belum terisi"),IF(IFERROR(--(INDEX('Reguler Class Availability'!$G:$G,K25)&""),0)/IFERROR(--(INDEX('Reguler Class Availability'!$F:$F,K25)&""),0)>=0.6,"Tinggi","Sebagian")))))) -> Kosong | T25: =IF(L25="","",IF(AND(IFERROR(--(INDEX('Reguler Class Availability'!$F:$F,L25)&""),0)=0,IFERROR(--(INDEX('Reguler Class Availability'!$G:$G,L25)&""),0)=0),IF(OR(INDEX('Reguler Class Availability'!$B:$B,L25)&""<>"",INDEX('Reguler Class Availability'!$I:$I,L25)&""<>""),"Tutup","Tidak dibuka"),IF(IFERROR(--(INDEX('Reguler Class Availability'!$G:$G,L25)&""),0)>IFERROR(--(INDEX('Reguler Class Availability'!$F:$F,L25)&""),0),"Lebih",IF(IFERROR(--(INDEX('Reguler Class Availability'!$G:$G,L25)&""),0)=IFERROR(--(INDEX('Reguler Class Availability'!$F:$F,L25)&""),0),"Penuh",IF(IFERROR(--(INDEX('Reguler Class Availability'!$G:$G,L25)&""),0)=0,IF(INDEX('Reguler Class Availability'!$B:$B,L25)&""="","Kosong","Belum terisi"),IF(IFERROR(--(INDEX('Reguler Class Availability'!$G:$G,L25)&""),0)/IFERROR(--(INDEX('Reguler Class Availability'!$F:$F,L25)&""),0)>=0.6,"Tinggi","Sebagian")))))) -> Kosong | U25: =IF(M25="","",IF(AND(IFERROR(--(INDEX('Reguler Class Availability'!$F:$F,M25)&""),0)=0,IFERROR(--(INDEX('Reguler Class Availability'!$G:$G,M25)&""),0)=0),IF(OR(INDEX('Reguler Class Availability'!$B:$B,M25)&""<>"",INDEX('Reguler Class Availability'!$I:$I,M25)&""<>""),"Tutup","Tidak dibuka"),IF(IFERROR(--(INDEX('Reguler Class Availability'!$G:$G,M25)&""),0)>IFERROR(--(INDEX('Reguler Class Availability'!$F:$F,M25)&""),0),"Lebih",IF(IFERROR(--(INDEX('Reguler Class Availability'!$G:$G,M25)&""),0)=IFERROR(--(INDEX('Reguler Class Availability'!$F:$F,M25)&""),0),"Penuh",IF(IFERROR(--(INDEX('Reguler Class Availability'!$G:$G,M25)&""),0)=0,IF(INDEX('Reguler Class Availability'!$B:$B,M25)&""="","Kosong","Belum terisi"),IF(IFERROR(--(INDEX('Reguler Class Availability'!$G:$G,M25)&""),0)/IFERROR(--(INDEX('Reguler Class Availability'!$F:$F,M25)&""),0)>=0.6,"Tinggi","Sebagian")))))) -> Penuh | V25: =IF(N25="","",IF(AND(IFERROR(--(INDEX('Reguler Class Availability'!$F:$F,N25)&""),0)=0,IFERROR(--(INDEX('Reguler Class Availability'!$G:$G,N25)&""),0)=0),IF(OR(INDEX('Reguler Class Availability'!$B:$B,N25)&""<>"",INDEX('Reguler Class Availability'!$I:$I,N25)&""<>""),"Tutup","Tidak dibuka"),IF(IFERROR(--(INDEX('Reguler Class Availability'!$G:$G,N25)&""),0)>IFERROR(--(INDEX('Reguler Class Availability'!$F:$F,N25)&""),0),"Lebih",IF(IFERROR(--(INDEX('Reguler Class Availability'!$G:$G,N25)&""),0)=IFERROR(--(INDEX('Reguler Class Availability'!$F:$F,N25)&""),0),"Penuh",IF(IFERROR(--(INDEX('Reguler Class Availability'!$G:$G,N25)&""),0)=0,IF(INDEX('Reguler Class Availability'!$B:$B,N25)&""="","Kosong","Belum terisi"),IF(IFERROR(--(INDEX('Reguler Class Availability'!$G:$G,N25)&""),0)/IFERROR(--(INDEX('Reguler Class Availability'!$F:$F,N25)&""),0)>=0.6,"Tinggi","Sebagian")))))) -> Tinggi | W25: =IF(O25="","",IF(AND(IFERROR(--(INDEX('Reguler Class Availability'!$F:$F,O25)&""),0)=0,IFERROR(--(INDEX('Reguler Class Availability'!$G:$G,O25)&""),0)=0),IF(OR(INDEX('Reguler Class Availability'!$B:$B,O25)&""<>"",INDEX('Reguler Class Availability'!$I:$I,O25)&""<>""),"Tutup","Tidak dibuka"),IF(IFERROR(--(INDEX('Reguler Class Availability'!$G:$G,O25)&""),0)>IFERROR(--(INDEX('Reguler Class Availability'!$F:$F,O25)&""),0),"Lebih",IF(IFERROR(--(INDEX('Reguler Class Availability'!$G:$G,O25)&""),0)=IFERROR(--(INDEX('Reguler Class Availability'!$F:$F,O25)&""),0),"Penuh",IF(IFERROR(--(INDEX('Reguler Class Availability'!$G:$G,O25)&""),0)=0,IF(INDEX('Reguler Class Availability'!$B:$B,O25)&""="","Kosong","Belum terisi"),IF(IFERROR(--(INDEX('Reguler Class Availability'!$G:$G,O25)&""),0)/IFERROR(--(INDEX('Reguler Class Availability'!$F:$F,O25)&""),0)>=0.6,"Tinggi","Sebagian")))))) -> Tinggi | X25: =IF(P25="","",IF(AND(IFERROR(--(INDEX('Reguler Class Availability'!$F:$F,P25)&""),0)=0,IFERROR(--(INDEX('Reguler Class Availability'!$G:$G,P25)&""),0)=0),IF(OR(INDEX('Reguler Class Availability'!$B:$B,P25)&""<>"",INDEX('Reguler Class Availability'!$I:$I,P25)&""<>""),"Tutup","Tidak dibuka"),IF(IFERROR(--(INDEX('Reguler Class Availability'!$G:$G,P25)&""),0)>IFERROR(--(INDEX('Reguler Class Availability'!$F:$F,P25)&""),0),"Lebih",IF(IFERROR(--(INDEX('Reguler Class Availability'!$G:$G,P25)&""),0)=IFERROR(--(INDEX('Reguler Class Availability'!$F:$F,P25)&""),0),"Penuh",IF(IFERROR(--(INDEX('Reguler Class Availability'!$G:$G,P25)&""),0)=0,IF(INDEX('Reguler Class Availability'!$B:$B,P25)&""="","Kosong","Belum terisi"),IF(IFERROR(--(INDEX('Reguler Class Availability'!$G:$G,P25)&""),0)/IFERROR(--(INDEX('Reguler Class Availability'!$F:$F,P25)&""),0)>=0.6,"Tinggi","Sebagian")))))) -> Sebagian | Z25: 11:45 | AA25: =IF(COUNTIFS('Reguler Class Availability'!$L:$L,$B$4&"|- Lane 1 - *|"&Z25)>0,1,0) -> 0 | AB25: =AA25+AB24 -> 6
A26: =IFERROR(INDEX($Z$2:$Z$61,MATCH(13,$AB$2:$AB$61,0)),"") -> 17:15 | B26: =IF(J26="","",IF(R26="Tidak dibuka","–",IF(INDEX('Reguler Class Availability'!$B:$B,J26)&""="","Kosong",PROPER(INDEX('Reguler Class Availability'!$B:$B,J26)&""))&" "&IFERROR(--(INDEX('Reguler Class Availability'!$G:$G,J26)&""),0)&"/"&IFERROR(--(INDEX('Reguler Class Availability'!$F:$F,J26)&""),0)&IF(IFERROR(--(INDEX('Reguler Class Availability'!$F:$F,J26)&""),0)>0," ("&TEXT(IFERROR(--(INDEX('Reguler Class Availability'!$G:$G,J26)&""),0)/IFERROR(--(INDEX('Reguler Class Availability'!$F:$F,J26)&""),0),"0%")&")","")&CHAR(10)&IF(INDEX('Reguler Class Availability'!$I:$I,J26)&""="","coach: –",PROPER(INDEX('Reguler Class Availability'!$I:$I,J26)&""))&IF(INDEX('Reguler Class Availability'!$J:$J,J26)&""="","",CHAR(10)&"asst: "&PROPER(INDEX('Reguler Class Availability'!$J:$J,J26)&"")))) -> Baby 2/5 (40%) Rischa | C26: =IF(K26="","",IF(S26="Tidak dibuka","–",IF(INDEX('Reguler Class Availability'!$B:$B,K26)&""="","Kosong",PROPER(INDEX('Reguler Class Availability'!$B:$B,K26)&""))&" "&IFERROR(--(INDEX('Reguler Class Availability'!$G:$G,K26)&""),0)&"/"&IFERROR(--(INDEX('Reguler Class Availability'!$F:$F,K26)&""),0)&IF(IFERROR(--(INDEX('Reguler Class Availability'!$F:$F,K26)&""),0)>0," ("&TEXT(IFERROR(--(INDEX('Reguler Class Availability'!$G:$G,K26)&""),0)/IFERROR(--(INDEX('Reguler Class Availability'!$F:$F,K26)&""),0),"0%")&")","")&CHAR(10)&IF(INDEX('Reguler Class Availability'!$I:$I,K26)&""="","coach: –",PROPER(INDEX('Reguler Class Availability'!$I:$I,K26)&""))&IF(INDEX('Reguler Class Availability'!$J:$J,K26)&""="","",CHAR(10)&"asst: "&PROPER(INDEX('Reguler Class Availability'!$J:$J,K26)&"")))) -> Baby 4/5 (80%) Danti | D26: =IF(L26="","",IF(T26="Tidak dibuka","–",IF(INDEX('Reguler Class Availability'!$B:$B,L26)&""="","Kosong",PROPER(INDEX('Reguler Class Availability'!$B:$B,L26)&""))&" "&IFERROR(--(INDEX('Reguler Class Availability'!$G:$G,L26)&""),0)&"/"&IFERROR(--(INDEX('Reguler Class Availability'!$F:$F,L26)&""),0)&IF(IFERROR(--(INDEX('Reguler Class Availability'!$F:$F,L26)&""),0)>0," ("&TEXT(IFERROR(--(INDEX('Reguler Class Availability'!$G:$G,L26)&""),0)/IFERROR(--(INDEX('Reguler Class Availability'!$F:$F,L26)&""),0),"0%")&")","")&CHAR(10)&IF(INDEX('Reguler Class Availability'!$I:$I,L26)&""="","coach: –",PROPER(INDEX('Reguler Class Availability'!$I:$I,L26)&""))&IF(INDEX('Reguler Class Availability'!$J:$J,L26)&""="","",CHAR(10)&"asst: "&PROPER(INDEX('Reguler Class Availability'!$J:$J,L26)&"")))) -> Kosong 0/5 (0%) coach: – | E26: =IF(M26="","",IF(U26="Tidak dibuka","–",IF(INDEX('Reguler Class Availability'!$B:$B,M26)&""="","Kosong",PROPER(INDEX('Reguler Class Availability'!$B:$B,M26)&""))&" "&IFERROR(--(INDEX('Reguler Class Availability'!$G:$G,M26)&""),0)&"/"&IFERROR(--(INDEX('Reguler Class Availability'!$F:$F,M26)&""),0)&IF(IFERROR(--(INDEX('Reguler Class Availability'!$F:$F,M26)&""),0)>0," ("&TEXT(IFERROR(--(INDEX('Reguler Class Availability'!$G:$G,M26)&""),0)/IFERROR(--(INDEX('Reguler Class Availability'!$F:$F,M26)&""),0),"0%")&")","")&CHAR(10)&IF(INDEX('Reguler Class Availability'!$I:$I,M26)&""="","coach: –",PROPER(INDEX('Reguler Class Availability'!$I:$I,M26)&""))&IF(INDEX('Reguler Class Availability'!$J:$J,M26)&""="","",CHAR(10)&"asst: "&PROPER(INDEX('Reguler Class Availability'!$J:$J,M26)&"")))) -> Kosong 0/5 (0%) coach: – | F26: =IF(N26="","",IF(V26="Tidak dibuka","–",IF(INDEX('Reguler Class Availability'!$B:$B,N26)&""="","Kosong",PROPER(INDEX('Reguler Class Availability'!$B:$B,N26)&""))&" "&IFERROR(--(INDEX('Reguler Class Availability'!$G:$G,N26)&""),0)&"/"&IFERROR(--(INDEX('Reguler Class Availability'!$F:$F,N26)&""),0)&IF(IFERROR(--(INDEX('Reguler Class Availability'!$F:$F,N26)&""),0)>0," ("&TEXT(IFERROR(--(INDEX('Reguler Class Availability'!$G:$G,N26)&""),0)/IFERROR(--(INDEX('Reguler Class Availability'!$F:$F,N26)&""),0),"0%")&")","")&CHAR(10)&IF(INDEX('Reguler Class Availability'!$I:$I,N26)&""="","coach: –",PROPER(INDEX('Reguler Class Availability'!$I:$I,N26)&""))&IF(INDEX('Reguler Class Availability'!$J:$J,N26)&""="","",CHAR(10)&"asst: "&PROPER(INDEX('Reguler Class Availability'!$J:$J,N26)&"")))) -> Baby 5/5 (100%) Nuky | G26: =IF(O26="","",IF(W26="Tidak dibuka","–",IF(INDEX('Reguler Class Availability'!$B:$B,O26)&""="","Kosong",PROPER(INDEX('Reguler Class Availability'!$B:$B,O26)&""))&" "&IFERROR(--(INDEX('Reguler Class Availability'!$G:$G,O26)&""),0)&"/"&IFERROR(--(INDEX('Reguler Class Availability'!$F:$F,O26)&""),0)&IF(IFERROR(--(INDEX('Reguler Class Availability'!$F:$F,O26)&""),0)>0," ("&TEXT(IFERROR(--(INDEX('Reguler Class Availability'!$G:$G,O26)&""),0)/IFERROR(--(INDEX('Reguler Class Availability'!$F:$F,O26)&""),0),"0%")&")","")&CHAR(10)&IF(INDEX('Reguler Class Availability'!$I:$I,O26)&""="","coach: –",PROPER(INDEX('Reguler Class Availability'!$I:$I,O26)&""))&IF(INDEX('Reguler Class Availability'!$J:$J,O26)&""="","",CHAR(10)&"asst: "&PROPER(INDEX('Reguler Class Availability'!$J:$J,O26)&"")))) -> Kosong 0/5 (0%) coach: – | H26: =IF(P26="","",IF(X26="Tidak dibuka","–",IF(INDEX('Reguler Class Availability'!$B:$B,P26)&""="","Kosong",PROPER(INDEX('Reguler Class Availability'!$B:$B,P26)&""))&" "&IFERROR(--(INDEX('Reguler Class Availability'!$G:$G,P26)&""),0)&"/"&IFERROR(--(INDEX('Reguler Class Availability'!$F:$F,P26)&""),0)&IF(IFERROR(--(INDEX('Reguler Class Availability'!$F:$F,P26)&""),0)>0," ("&TEXT(IFERROR(--(INDEX('Reguler Class Availability'!$G:$G,P26)&""),0)/IFERROR(--(INDEX('Reguler Class Availability'!$F:$F,P26)&""),0),"0%")&")","")&CHAR(10)&IF(INDEX('Reguler Class Availability'!$I:$I,P26)&""="","coach: –",PROPER(INDEX('Reguler Class Availability'!$I:$I,P26)&""))&IF(INDEX('Reguler Class Availability'!$J:$J,P26)&""="","",CHAR(10)&"asst: "&PROPER(INDEX('Reguler Class Availability'!$J:$J,P26)&"")))) -> Kosong 0/5 (0%) coach: – | J26: =IF($A26="","",IFERROR(MATCH($B$4&"|- Lane 1 - "&B$13&"|"&$A26,'Reguler Class Availability'!$L:$L,0),"")) -> 13 | K26: =IF($A26="","",IFERROR(MATCH($B$4&"|- Lane 1 - "&C$13&"|"&$A26,'Reguler Class Availability'!$L:$L,0),"")) -> 25 | L26: =IF($A26="","",IFERROR(MATCH($B$4&"|- Lane 1 - "&D$13&"|"&$A26,'Reguler Class Availability'!$L:$L,0),"")) -> 37 | M26: =IF($A26="","",IFERROR(MATCH($B$4&"|- Lane 1 - "&E$13&"|"&$A26,'Reguler Class Availability'!$L:$L,0),"")) -> 49 | N26: =IF($A26="","",IFERROR(MATCH($B$4&"|- Lane 1 - "&F$13&"|"&$A26,'Reguler Class Availability'!$L:$L,0),"")) -> 61 | O26: =IF($A26="","",IFERROR(MATCH($B$4&"|- Lane 1 - "&G$13&"|"&$A26,'Reguler Class Availability'!$L:$L,0),"")) -> 73 | P26: =IF($A26="","",IFERROR(MATCH($B$4&"|- Lane 1 - "&H$13&"|"&$A26,'Reguler Class Availability'!$L:$L,0),"")) -> 85 | R26: =IF(J26="","",IF(AND(IFERROR(--(INDEX('Reguler Class Availability'!$F:$F,J26)&""),0)=0,IFERROR(--(INDEX('Reguler Class Availability'!$G:$G,J26)&""),0)=0),IF(OR(INDEX('Reguler Class Availability'!$B:$B,J26)&""<>"",INDEX('Reguler Class Availability'!$I:$I,J26)&""<>""),"Tutup","Tidak dibuka"),IF(IFERROR(--(INDEX('Reguler Class Availability'!$G:$G,J26)&""),0)>IFERROR(--(INDEX('Reguler Class Availability'!$F:$F,J26)&""),0),"Lebih",IF(IFERROR(--(INDEX('Reguler Class Availability'!$G:$G,J26)&""),0)=IFERROR(--(INDEX('Reguler Class Availability'!$F:$F,J26)&""),0),"Penuh",IF(IFERROR(--(INDEX('Reguler Class Availability'!$G:$G,J26)&""),0)=0,IF(INDEX('Reguler Class Availability'!$B:$B,J26)&""="","Kosong","Belum terisi"),IF(IFERROR(--(INDEX('Reguler Class Availability'!$G:$G,J26)&""),0)/IFERROR(--(INDEX('Reguler Class Availability'!$F:$F,J26)&""),0)>=0.6,"Tinggi","Sebagian")))))) -> Sebagian | S26: =IF(K26="","",IF(AND(IFERROR(--(INDEX('Reguler Class Availability'!$F:$F,K26)&""),0)=0,IFERROR(--(INDEX('Reguler Class Availability'!$G:$G,K26)&""),0)=0),IF(OR(INDEX('Reguler Class Availability'!$B:$B,K26)&""<>"",INDEX('Reguler Class Availability'!$I:$I,K26)&""<>""),"Tutup","Tidak dibuka"),IF(IFERROR(--(INDEX('Reguler Class Availability'!$G:$G,K26)&""),0)>IFERROR(--(INDEX('Reguler Class Availability'!$F:$F,K26)&""),0),"Lebih",IF(IFERROR(--(INDEX('Reguler Class Availability'!$G:$G,K26)&""),0)=IFERROR(--(INDEX('Reguler Class Availability'!$F:$F,K26)&""),0),"Penuh",IF(IFERROR(--(INDEX('Reguler Class Availability'!$G:$G,K26)&""),0)=0,IF(INDEX('Reguler Class Availability'!$B:$B,K26)&""="","Kosong","Belum terisi"),IF(IFERROR(--(INDEX('Reguler Class Availability'!$G:$G,K26)&""),0)/IFERROR(--(INDEX('Reguler Class Availability'!$F:$F,K26)&""),0)>=0.6,"Tinggi","Sebagian")))))) -> Tinggi | T26: =IF(L26="","",IF(AND(IFERROR(--(INDEX('Reguler Class Availability'!$F:$F,L26)&""),0)=0,IFERROR(--(INDEX('Reguler Class Availability'!$G:$G,L26)&""),0)=0),IF(OR(INDEX('Reguler Class Availability'!$B:$B,L26)&""<>"",INDEX('Reguler Class Availability'!$I:$I,L26)&""<>""),"Tutup","Tidak dibuka"),IF(IFERROR(--(INDEX('Reguler Class Availability'!$G:$G,L26)&""),0)>IFERROR(--(INDEX('Reguler Class Availability'!$F:$F,L26)&""),0),"Lebih",IF(IFERROR(--(INDEX('Reguler Class Availability'!$G:$G,L26)&""),0)=IFERROR(--(INDEX('Reguler Class Availability'!$F:$F,L26)&""),0),"Penuh",IF(IFERROR(--(INDEX('Reguler Class Availability'!$G:$G,L26)&""),0)=0,IF(INDEX('Reguler Class Availability'!$B:$B,L26)&""="","Kosong","Belum terisi"),IF(IFERROR(--(INDEX('Reguler Class Availability'!$G:$G,L26)&""),0)/IFERROR(--(INDEX('Reguler Class Availability'!$F:$F,L26)&""),0)>=0.6,"Tinggi","Sebagian")))))) -> Kosong | U26: =IF(M26="","",IF(AND(IFERROR(--(INDEX('Reguler Class Availability'!$F:$F,M26)&""),0)=0,IFERROR(--(INDEX('Reguler Class Availability'!$G:$G,M26)&""),0)=0),IF(OR(INDEX('Reguler Class Availability'!$B:$B,M26)&""<>"",INDEX('Reguler Class Availability'!$I:$I,M26)&""<>""),"Tutup","Tidak dibuka"),IF(IFERROR(--(INDEX('Reguler Class Availability'!$G:$G,M26)&""),0)>IFERROR(--(INDEX('Reguler Class Availability'!$F:$F,M26)&""),0),"Lebih",IF(IFERROR(--(INDEX('Reguler Class Availability'!$G:$G,M26)&""),0)=IFERROR(--(INDEX('Reguler Class Availability'!$F:$F,M26)&""),0),"Penuh",IF(IFERROR(--(INDEX('Reguler Class Availability'!$G:$G,M26)&""),0)=0,IF(INDEX('Reguler Class Availability'!$B:$B,M26)&""="","Kosong","Belum terisi"),IF(IFERROR(--(INDEX('Reguler Class Availability'!$G:$G,M26)&""),0)/IFERROR(--(INDEX('Reguler Class Availability'!$F:$F,M26)&""),0)>=0.6,"Tinggi","Sebagian")))))) -> Kosong | V26: =IF(N26="","",IF(AND(IFERROR(--(INDEX('Reguler Class Availability'!$F:$F,N26)&""),0)=0,IFERROR(--(INDEX('Reguler Class Availability'!$G:$G,N26)&""),0)=0),IF(OR(INDEX('Reguler Class Availability'!$B:$B,N26)&""<>"",INDEX('Reguler Class Availability'!$I:$I,N26)&""<>""),"Tutup","Tidak dibuka"),IF(IFERROR(--(INDEX('Reguler Class Availability'!$G:$G,N26)&""),0)>IFERROR(--(INDEX('Reguler Class Availability'!$F:$F,N26)&""),0),"Lebih",IF(IFERROR(--(INDEX('Reguler Class Availability'!$G:$G,N26)&""),0)=IFERROR(--(INDEX('Reguler Class Availability'!$F:$F,N26)&""),0),"Penuh",IF(IFERROR(--(INDEX('Reguler Class Availability'!$G:$G,N26)&""),0)=0,IF(INDEX('Reguler Class Availability'!$B:$B,N26)&""="","Kosong","Belum terisi"),IF(IFERROR(--(INDEX('Reguler Class Availability'!$G:$G,N26)&""),0)/IFERROR(--(INDEX('Reguler Class Availability'!$F:$F,N26)&""),0)>=0.6,"Tinggi","Sebagian")))))) -> Penuh | W26: =IF(O26="","",IF(AND(IFERROR(--(INDEX('Reguler Class Availability'!$F:$F,O26)&""),0)=0,IFERROR(--(INDEX('Reguler Class Availability'!$G:$G,O26)&""),0)=0),IF(OR(INDEX('Reguler Class Availability'!$B:$B,O26)&""<>"",INDEX('Reguler Class Availability'!$I:$I,O26)&""<>""),"Tutup","Tidak dibuka"),IF(IFERROR(--(INDEX('Reguler Class Availability'!$G:$G,O26)&""),0)>IFERROR(--(INDEX('Reguler Class Availability'!$F:$F,O26)&""),0),"Lebih",IF(IFERROR(--(INDEX('Reguler Class Availability'!$G:$G,O26)&""),0)=IFERROR(--(INDEX('Reguler Class Availability'!$F:$F,O26)&""),0),"Penuh",IF(IFERROR(--(INDEX('Reguler Class Availability'!$G:$G,O26)&""),0)=0,IF(INDEX('Reguler Class Availability'!$B:$B,O26)&""="","Kosong","Belum terisi"),IF(IFERROR(--(INDEX('Reguler Class Availability'!$G:$G,O26)&""),0)/IFERROR(--(INDEX('Reguler Class Availability'!$F:$F,O26)&""),0)>=0.6,"Tinggi","Sebagian")))))) -> Kosong | X26: =IF(P26="","",IF(AND(IFERROR(--(INDEX('Reguler Class Availability'!$F:$F,P26)&""),0)=0,IFERROR(--(INDEX('Reguler Class Availability'!$G:$G,P26)&""),0)=0),IF(OR(INDEX('Reguler Class Availability'!$B:$B,P26)&""<>"",INDEX('Reguler Class Availability'!$I:$I,P26)&""<>""),"Tutup","Tidak dibuka"),IF(IFERROR(--(INDEX('Reguler Class Availability'!$G:$G,P26)&""),0)>IFERROR(--(INDEX('Reguler Class Availability'!$F:$F,P26)&""),0),"Lebih",IF(IFERROR(--(INDEX('Reguler Class Availability'!$G:$G,P26)&""),0)=IFERROR(--(INDEX('Reguler Class Availability'!$F:$F,P26)&""),0),"Penuh",IF(IFERROR(--(INDEX('Reguler Class Availability'!$G:$G,P26)&""),0)=0,IF(INDEX('Reguler Class Availability'!$B:$B,P26)&""="","Kosong","Belum terisi"),IF(IFERROR(--(INDEX('Reguler Class Availability'!$G:$G,P26)&""),0)/IFERROR(--(INDEX('Reguler Class Availability'!$F:$F,P26)&""),0)>=0.6,"Tinggi","Sebagian")))))) -> Kosong | Z26: 12:00 | AA26: =IF(COUNTIFS('Reguler Class Availability'!$L:$L,$B$4&"|- Lane 1 - *|"&Z26)>0,1,0) -> 1 | AB26: =AA26+AB25 -> 7
A27: =IFERROR(INDEX($Z$2:$Z$61,MATCH(14,$AB$2:$AB$61,0)),"") -> 18:00 | B27: =IF(J27="","",IF(R27="Tidak dibuka","–",IF(INDEX('Reguler Class Availability'!$B:$B,J27)&""="","Kosong",PROPER(INDEX('Reguler Class Availability'!$B:$B,J27)&""))&" "&IFERROR(--(INDEX('Reguler Class Availability'!$G:$G,J27)&""),0)&"/"&IFERROR(--(INDEX('Reguler Class Availability'!$F:$F,J27)&""),0)&IF(IFERROR(--(INDEX('Reguler Class Availability'!$F:$F,J27)&""),0)>0," ("&TEXT(IFERROR(--(INDEX('Reguler Class Availability'!$G:$G,J27)&""),0)/IFERROR(--(INDEX('Reguler Class Availability'!$F:$F,J27)&""),0),"0%")&")","")&CHAR(10)&IF(INDEX('Reguler Class Availability'!$I:$I,J27)&""="","coach: –",PROPER(INDEX('Reguler Class Availability'!$I:$I,J27)&""))&IF(INDEX('Reguler Class Availability'!$J:$J,J27)&""="","",CHAR(10)&"asst: "&PROPER(INDEX('Reguler Class Availability'!$J:$J,J27)&"")))) -> Star 0/8 (0%) coach: – | C27: =IF(K27="","",IF(S27="Tidak dibuka","–",IF(INDEX('Reguler Class Availability'!$B:$B,K27)&""="","Kosong",PROPER(INDEX('Reguler Class Availability'!$B:$B,K27)&""))&" "&IFERROR(--(INDEX('Reguler Class Availability'!$G:$G,K27)&""),0)&"/"&IFERROR(--(INDEX('Reguler Class Availability'!$F:$F,K27)&""),0)&IF(IFERROR(--(INDEX('Reguler Class Availability'!$F:$F,K27)&""),0)>0," ("&TEXT(IFERROR(--(INDEX('Reguler Class Availability'!$G:$G,K27)&""),0)/IFERROR(--(INDEX('Reguler Class Availability'!$F:$F,K27)&""),0),"0%")&")","")&CHAR(10)&IF(INDEX('Reguler Class Availability'!$I:$I,K27)&""="","coach: –",PROPER(INDEX('Reguler Class Availability'!$I:$I,K27)&""))&IF(INDEX('Reguler Class Availability'!$J:$J,K27)&""="","",CHAR(10)&"asst: "&PROPER(INDEX('Reguler Class Availability'!$J:$J,K27)&"")))) -> Star 0/8 (0%) coach: – | D27: =IF(L27="","",IF(T27="Tidak dibuka","–",IF(INDEX('Reguler Class Availability'!$B:$B,L27)&""="","Kosong",PROPER(INDEX('Reguler Class Availability'!$B:$B,L27)&""))&" "&IFERROR(--(INDEX('Reguler Class Availability'!$G:$G,L27)&""),0)&"/"&IFERROR(--(INDEX('Reguler Class Availability'!$F:$F,L27)&""),0)&IF(IFERROR(--(INDEX('Reguler Class Availability'!$F:$F,L27)&""),0)>0," ("&TEXT(IFERROR(--(INDEX('Reguler Class Availability'!$G:$G,L27)&""),0)/IFERROR(--(INDEX('Reguler Class Availability'!$F:$F,L27)&""),0),"0%")&")","")&CHAR(10)&IF(INDEX('Reguler Class Availability'!$I:$I,L27)&""="","coach: –",PROPER(INDEX('Reguler Class Availability'!$I:$I,L27)&""))&IF(INDEX('Reguler Class Availability'!$J:$J,L27)&""="","",CHAR(10)&"asst: "&PROPER(INDEX('Reguler Class Availability'!$J:$J,L27)&"")))) -> Star 0/8 (0%) coach: – | E27: =IF(M27="","",IF(U27="Tidak dibuka","–",IF(INDEX('Reguler Class Availability'!$B:$B,M27)&""="","Kosong",PROPER(INDEX('Reguler Class Availability'!$B:$B,M27)&""))&" "&IFERROR(--(INDEX('Reguler Class Availability'!$G:$G,M27)&""),0)&"/"&IFERROR(--(INDEX('Reguler Class Availability'!$F:$F,M27)&""),0)&IF(IFERROR(--(INDEX('Reguler Class Availability'!$F:$F,M27)&""),0)>0," ("&TEXT(IFERROR(--(INDEX('Reguler Class Availability'!$G:$G,M27)&""),0)/IFERROR(--(INDEX('Reguler Class Availability'!$F:$F,M27)&""),0),"0%")&")","")&CHAR(10)&IF(INDEX('Reguler Class Availability'!$I:$I,M27)&""="","coach: –",PROPER(INDEX('Reguler Class Availability'!$I:$I,M27)&""))&IF(INDEX('Reguler Class Availability'!$J:$J,M27)&""="","",CHAR(10)&"asst: "&PROPER(INDEX('Reguler Class Availability'!$J:$J,M27)&"")))) -> Star 0/8 (0%) coach: – | F27: =IF(N27="","",IF(V27="Tidak dibuka","–",IF(INDEX('Reguler Class Availability'!$B:$B,N27)&""="","Kosong",PROPER(INDEX('Reguler Class Availability'!$B:$B,N27)&""))&" "&IFERROR(--(INDEX('Reguler Class Availability'!$G:$G,N27)&""),0)&"/"&IFERROR(--(INDEX('Reguler Class Availability'!$F:$F,N27)&""),0)&IF(IFERROR(--(INDEX('Reguler Class Availability'!$F:$F,N27)&""),0)>0," ("&TEXT(IFERROR(--(INDEX('Reguler Class Availability'!$G:$G,N27)&""),0)/IFERROR(--(INDEX('Reguler Class Availability'!$F:$F,N27)&""),0),"0%")&")","")&CHAR(10)&IF(INDEX('Reguler Class Availability'!$I:$I,N27)&""="","coach: –",PROPER(INDEX('Reguler Class Availability'!$I:$I,N27)&""))&IF(INDEX('Reguler Class Availability'!$J:$J,N27)&""="","",CHAR(10)&"asst: "&PROPER(INDEX('Reguler Class Availability'!$J:$J,N27)&"")))) -> Star 0/8 (0%) coach: – | G27: =IF(O27="","",IF(W27="Tidak dibuka","–",IF(INDEX('Reguler Class Availability'!$B:$B,O27)&""="","Kosong",PROPER(INDEX('Reguler Class Availability'!$B:$B,O27)&""))&" "&IFERROR(--(INDEX('Reguler Class Availability'!$G:$G,O27)&""),0)&"/"&IFERROR(--(INDEX('Reguler Class Availability'!$F:$F,O27)&""),0)&IF(IFERROR(--(INDEX('Reguler Class Availability'!$F:$F,O27)&""),0)>0," ("&TEXT(IFERROR(--(INDEX('Reguler Class Availability'!$G:$G,O27)&""),0)/IFERROR(--(INDEX('Reguler Class Availability'!$F:$F,O27)&""),0),"0%")&")","")&CHAR(10)&IF(INDEX('Reguler Class Availability'!$I:$I,O27)&""="","coach: –",PROPER(INDEX('Reguler Class Availability'!$I:$I,O27)&""))&IF(INDEX('Reguler Class Availability'!$J:$J,O27)&""="","",CHAR(10)&"asst: "&PROPER(INDEX('Reguler Class Availability'!$J:$J,O27)&"")))) -> Star 0/8 (0%) coach: – | H27: =IF(P27="","",IF(X27="Tidak dibuka","–",IF(INDEX('Reguler Class Availability'!$B:$B,P27)&""="","Kosong",PROPER(INDEX('Reguler Class Availability'!$B:$B,P27)&""))&" "&IFERROR(--(INDEX('Reguler Class Availability'!$G:$G,P27)&""),0)&"/"&IFERROR(--(INDEX('Reguler Class Availability'!$F:$F,P27)&""),0)&IF(IFERROR(--(INDEX('Reguler Class Availability'!$F:$F,P27)&""),0)>0," ("&TEXT(IFERROR(--(INDEX('Reguler Class Availability'!$G:$G,P27)&""),0)/IFERROR(--(INDEX('Reguler Class Availability'!$F:$F,P27)&""),0),"0%")&")","")&CHAR(10)&IF(INDEX('Reguler Class Availability'!$I:$I,P27)&""="","coach: –",PROPER(INDEX('Reguler Class Availability'!$I:$I,P27)&""))&IF(INDEX('Reguler Class Availability'!$J:$J,P27)&""="","",CHAR(10)&"asst: "&PROPER(INDEX('Reguler Class Availability'!$J:$J,P27)&"")))) -> Star 0/8 (0%) coach: – | J27: =IF($A27="","",IFERROR(MATCH($B$4&"|- Lane 1 - "&B$13&"|"&$A27,'Reguler Class Availability'!$L:$L,0),"")) -> 93 | K27: =IF($A27="","",IFERROR(MATCH($B$4&"|- Lane 1 - "&C$13&"|"&$A27,'Reguler Class Availability'!$L:$L,0),"")) -> 94 | L27: =IF($A27="","",IFERROR(MATCH($B$4&"|- Lane 1 - "&D$13&"|"&$A27,'Reguler Class Availability'!$L:$L,0),"")) -> 95 | M27: =IF($A27="","",IFERROR(MATCH($B$4&"|- Lane 1 - "&E$13&"|"&$A27,'Reguler Class Availability'!$L:$L,0),"")) -> 96 | N27: =IF($A27="","",IFERROR(MATCH($B$4&"|- Lane 1 - "&F$13&"|"&$A27,'Reguler Class Availability'!$L:$L,0),"")) -> 97 | O27: =IF($A27="","",IFERROR(MATCH($B$4&"|- Lane 1 - "&G$13&"|"&$A27,'Reguler Class Availability'!$L:$L,0),"")) -> 98 | P27: =IF($A27="","",IFERROR(MATCH($B$4&"|- Lane 1 - "&H$13&"|"&$A27,'Reguler Class Availability'!$L:$L,0),"")) -> 99 | R27: =IF(J27="","",IF(AND(IFERROR(--(INDEX('Reguler Class Availability'!$F:$F,J27)&""),0)=0,IFERROR(--(INDEX('Reguler Class Availability'!$G:$G,J27)&""),0)=0),IF(OR(INDEX('Reguler Class Availability'!$B:$B,J27)&""<>"",INDEX('Reguler Class Availability'!$I:$I,J27)&""<>""),"Tutup","Tidak dibuka"),IF(IFERROR(--(INDEX('Reguler Class Availability'!$G:$G,J27)&""),0)>IFERROR(--(INDEX('Reguler Class Availability'!$F:$F,J27)&""),0),"Lebih",IF(IFERROR(--(INDEX('Reguler Class Availability'!$G:$G,J27)&""),0)=IFERROR(--(INDEX('Reguler Class Availability'!$F:$F,J27)&""),0),"Penuh",IF(IFERROR(--(INDEX('Reguler Class Availability'!$G:$G,J27)&""),0)=0,IF(INDEX('Reguler Class Availability'!$B:$B,J27)&""="","Kosong","Belum terisi"),IF(IFERROR(--(INDEX('Reguler Class Availability'!$G:$G,J27)&""),0)/IFERROR(--(INDEX('Reguler Class Availability'!$F:$F,J27)&""),0)>=0.6,"Tinggi","Sebagian")))))) -> Belum terisi | S27: =IF(K27="","",IF(AND(IFERROR(--(INDEX('Reguler Class Availability'!$F:$F,K27)&""),0)=0,IFERROR(--(INDEX('Reguler Class Availability'!$G:$G,K27)&""),0)=0),IF(OR(INDEX('Reguler Class Availability'!$B:$B,K27)&""<>"",INDEX('Reguler Class Availability'!$I:$I,K27)&""<>""),"Tutup","Tidak dibuka"),IF(IFERROR(--(INDEX('Reguler Class Availability'!$G:$G,K27)&""),0)>IFERROR(--(INDEX('Reguler Class Availability'!$F:$F,K27)&""),0),"Lebih",IF(IFERROR(--(INDEX('Reguler Class Availability'!$G:$G,K27)&""),0)=IFERROR(--(INDEX('Reguler Class Availability'!$F:$F,K27)&""),0),"Penuh",IF(IFERROR(--(INDEX('Reguler Class Availability'!$G:$G,K27)&""),0)=0,IF(INDEX('Reguler Class Availability'!$B:$B,K27)&""="","Kosong","Belum terisi"),IF(IFERROR(--(INDEX('Reguler Class Availability'!$G:$G,K27)&""),0)/IFERROR(--(INDEX('Reguler Class Availability'!$F:$F,K27)&""),0)>=0.6,"Tinggi","Sebagian")))))) -> Belum terisi | T27: =IF(L27="","",IF(AND(IFERROR(--(INDEX('Reguler Class Availability'!$F:$F,L27)&""),0)=0,IFERROR(--(INDEX('Reguler Class Availability'!$G:$G,L27)&""),0)=0),IF(OR(INDEX('Reguler Class Availability'!$B:$B,L27)&""<>"",INDEX('Reguler Class Availability'!$I:$I,L27)&""<>""),"Tutup","Tidak dibuka"),IF(IFERROR(--(INDEX('Reguler Class Availability'!$G:$G,L27)&""),0)>IFERROR(--(INDEX('Reguler Class Availability'!$F:$F,L27)&""),0),"Lebih",IF(IFERROR(--(INDEX('Reguler Class Availability'!$G:$G,L27)&""),0)=IFERROR(--(INDEX('Reguler Class Availability'!$F:$F,L27)&""),0),"Penuh",IF(IFERROR(--(INDEX('Reguler Class Availability'!$G:$G,L27)&""),0)=0,IF(INDEX('Reguler Class Availability'!$B:$B,L27)&""="","Kosong","Belum terisi"),IF(IFERROR(--(INDEX('Reguler Class Availability'!$G:$G,L27)&""),0)/IFERROR(--(INDEX('Reguler Class Availability'!$F:$F,L27)&""),0)>=0.6,"Tinggi","Sebagian")))))) -> Belum terisi | U27: =IF(M27="","",IF(AND(IFERROR(--(INDEX('Reguler Class Availability'!$F:$F,M27)&""),0)=0,IFERROR(--(INDEX('Reguler Class Availability'!$G:$G,M27)&""),0)=0),IF(OR(INDEX('Reguler Class Availability'!$B:$B,M27)&""<>"",INDEX('Reguler Class Availability'!$I:$I,M27)&""<>""),"Tutup","Tidak dibuka"),IF(IFERROR(--(INDEX('Reguler Class Availability'!$G:$G,M27)&""),0)>IFERROR(--(INDEX('Reguler Class Availability'!$F:$F,M27)&""),0),"Lebih",IF(IFERROR(--(INDEX('Reguler Class Availability'!$G:$G,M27)&""),0)=IFERROR(--(INDEX('Reguler Class Availability'!$F:$F,M27)&""),0),"Penuh",IF(IFERROR(--(INDEX('Reguler Class Availability'!$G:$G,M27)&""),0)=0,IF(INDEX('Reguler Class Availability'!$B:$B,M27)&""="","Kosong","Belum terisi"),IF(IFERROR(--(INDEX('Reguler Class Availability'!$G:$G,M27)&""),0)/IFERROR(--(INDEX('Reguler Class Availability'!$F:$F,M27)&""),0)>=0.6,"Tinggi","Sebagian")))))) -> Belum terisi | V27: =IF(N27="","",IF(AND(IFERROR(--(INDEX('Reguler Class Availability'!$F:$F,N27)&""),0)=0,IFERROR(--(INDEX('Reguler Class Availability'!$G:$G,N27)&""),0)=0),IF(OR(INDEX('Reguler Class Availability'!$B:$B,N27)&""<>"",INDEX('Reguler Class Availability'!$I:$I,N27)&""<>""),"Tutup","Tidak dibuka"),IF(IFERROR(--(INDEX('Reguler Class Availability'!$G:$G,N27)&""),0)>IFERROR(--(INDEX('Reguler Class Availability'!$F:$F,N27)&""),0),"Lebih",IF(IFERROR(--(INDEX('Reguler Class Availability'!$G:$G,N27)&""),0)=IFERROR(--(INDEX('Reguler Class Availability'!$F:$F,N27)&""),0),"Penuh",IF(IFERROR(--(INDEX('Reguler Class Availability'!$G:$G,N27)&""),0)=0,IF(INDEX('Reguler Class Availability'!$B:$B,N27)&""="","Kosong","Belum terisi"),IF(IFERROR(--(INDEX('Reguler Class Availability'!$G:$G,N27)&""),0)/IFERROR(--(INDEX('Reguler Class Availability'!$F:$F,N27)&""),0)>=0.6,"Tinggi","Sebagian")))))) -> Belum terisi | W27: =IF(O27="","",IF(AND(IFERROR(--(INDEX('Reguler Class Availability'!$F:$F,O27)&""),0)=0,IFERROR(--(INDEX('Reguler Class Availability'!$G:$G,O27)&""),0)=0),IF(OR(INDEX('Reguler Class Availability'!$B:$B,O27)&""<>"",INDEX('Reguler Class Availability'!$I:$I,O27)&""<>""),"Tutup","Tidak dibuka"),IF(IFERROR(--(INDEX('Reguler Class Availability'!$G:$G,O27)&""),0)>IFERROR(--(INDEX('Reguler Class Availability'!$F:$F,O27)&""),0),"Lebih",IF(IFERROR(--(INDEX('Reguler Class Availability'!$G:$G,O27)&""),0)=IFERROR(--(INDEX('Reguler Class Availability'!$F:$F,O27)&""),0),"Penuh",IF(IFERROR(--(INDEX('Reguler Class Availability'!$G:$G,O27)&""),0)=0,IF(INDEX('Reguler Class Availability'!$B:$B,O27)&""="","Kosong","Belum terisi"),IF(IFERROR(--(INDEX('Reguler Class Availability'!$G:$G,O27)&""),0)/IFERROR(--(INDEX('Reguler Class Availability'!$F:$F,O27)&""),0)>=0.6,"Tinggi","Sebagian")))))) -> Belum terisi | X27: =IF(P27="","",IF(AND(IFERROR(--(INDEX('Reguler Class Availability'!$F:$F,P27)&""),0)=0,IFERROR(--(INDEX('Reguler Class Availability'!$G:$G,P27)&""),0)=0),IF(OR(INDEX('Reguler Class Availability'!$B:$B,P27)&""<>"",INDEX('Reguler Class Availability'!$I:$I,P27)&""<>""),"Tutup","Tidak dibuka"),IF(IFERROR(--(INDEX('Reguler Class Availability'!$G:$G,P27)&""),0)>IFERROR(--(INDEX('Reguler Class Availability'!$F:$F,P27)&""),0),"Lebih",IF(IFERROR(--(INDEX('Reguler Class Availability'!$G:$G,P27)&""),0)=IFERROR(--(INDEX('Reguler Class Availability'!$F:$F,P27)&""),0),"Penuh",IF(IFERROR(--(INDEX('Reguler Class Availability'!$G:$G,P27)&""),0)=0,IF(INDEX('Reguler Class Availability'!$B:$B,P27)&""="","Kosong","Belum terisi"),IF(IFERROR(--(INDEX('Reguler Class Availability'!$G:$G,P27)&""),0)/IFERROR(--(INDEX('Reguler Class Availability'!$F:$F,P27)&""),0)>=0.6,"Tinggi","Sebagian")))))) -> Belum terisi | Z27: 12:15 | AA27: =IF(COUNTIFS('Reguler Class Availability'!$L:$L,$B$4&"|- Lane 1 - *|"&Z27)>0,1,0) -> 0 | AB27: =AA27+AB26 -> 7
A28: =IFERROR(INDEX($Z$2:$Z$61,MATCH(15,$AB$2:$AB$61,0)),"") | B28: =IF(J28="","",IF(R28="Tidak dibuka","–",IF(INDEX('Reguler Class Availability'!$B:$B,J28)&""="","Kosong",PROPER(INDEX('Reguler Class Availability'!$B:$B,J28)&""))&" "&IFERROR(--(INDEX('Reguler Class Availability'!$G:$G,J28)&""),0)&"/"&IFERROR(--(INDEX('Reguler Class Availability'!$F:$F,J28)&""),0)&IF(IFERROR(--(INDEX('Reguler Class Availability'!$F:$F,J28)&""),0)>0," ("&TEXT(IFERROR(--(INDEX('Reguler Class Availability'!$G:$G,J28)&""),0)/IFERROR(--(INDEX('Reguler Class Availability'!$F:$F,J28)&""),0),"0%")&")","")&CHAR(10)&IF(INDEX('Reguler Class Availability'!$I:$I,J28)&""="","coach: –",PROPER(INDEX('Reguler Class Availability'!$I:$I,J28)&""))&IF(INDEX('Reguler Class Availability'!$J:$J,J28)&""="","",CHAR(10)&"asst: "&PROPER(INDEX('Reguler Class Availability'!$J:$J,J28)&"")))) | C28: =IF(K28="","",IF(S28="Tidak dibuka","–",IF(INDEX('Reguler Class Availability'!$B:$B,K28)&""="","Kosong",PROPER(INDEX('Reguler Class Availability'!$B:$B,K28)&""))&" "&IFERROR(--(INDEX('Reguler Class Availability'!$G:$G,K28)&""),0)&"/"&IFERROR(--(INDEX('Reguler Class Availability'!$F:$F,K28)&""),0)&IF(IFERROR(--(INDEX('Reguler Class Availability'!$F:$F,K28)&""),0)>0," ("&TEXT(IFERROR(--(INDEX('Reguler Class Availability'!$G:$G,K28)&""),0)/IFERROR(--(INDEX('Reguler Class Availability'!$F:$F,K28)&""),0),"0%")&")","")&CHAR(10)&IF(INDEX('Reguler Class Availability'!$I:$I,K28)&""="","coach: –",PROPER(INDEX('Reguler Class Availability'!$I:$I,K28)&""))&IF(INDEX('Reguler Class Availability'!$J:$J,K28)&""="","",CHAR(10)&"asst: "&PROPER(INDEX('Reguler Class Availability'!$J:$J,K28)&"")))) | D28: =IF(L28="","",IF(T28="Tidak dibuka","–",IF(INDEX('Reguler Class Availability'!$B:$B,L28)&""="","Kosong",PROPER(INDEX('Reguler Class Availability'!$B:$B,L28)&""))&" "&IFERROR(--(INDEX('Reguler Class Availability'!$G:$G,L28)&""),0)&"/"&IFERROR(--(INDEX('Reguler Class Availability'!$F:$F,L28)&""),0)&IF(IFERROR(--(INDEX('Reguler Class Availability'!$F:$F,L28)&""),0)>0," ("&TEXT(IFERROR(--(INDEX('Reguler Class Availability'!$G:$G,L28)&""),0)/IFERROR(--(INDEX('Reguler Class Availability'!$F:$F,L28)&""),0),"0%")&")","")&CHAR(10)&IF(INDEX('Reguler Class Availability'!$I:$I,L28)&""="","coach: –",PROPER(INDEX('Reguler Class Availability'!$I:$I,L28)&""))&IF(INDEX('Reguler Class Availability'!$J:$J,L28)&""="","",CHAR(10)&"asst: "&PROPER(INDEX('Reguler Class Availability'!$J:$J,L28)&"")))) | E28: =IF(M28="","",IF(U28="Tidak dibuka","–",IF(INDEX('Reguler Class Availability'!$B:$B,M28)&""="","Kosong",PROPER(INDEX('Reguler Class Availability'!$B:$B,M28)&""))&" "&IFERROR(--(INDEX('Reguler Class Availability'!$G:$G,M28)&""),0)&"/"&IFERROR(--(INDEX('Reguler Class Availability'!$F:$F,M28)&""),0)&IF(IFERROR(--(INDEX('Reguler Class Availability'!$F:$F,M28)&""),0)>0," ("&TEXT(IFERROR(--(INDEX('Reguler Class Availability'!$G:$G,M28)&""),0)/IFERROR(--(INDEX('Reguler Class Availability'!$F:$F,M28)&""),0),"0%")&")","")&CHAR(10)&IF(INDEX('Reguler Class Availability'!$I:$I,M28)&""="","coach: –",PROPER(INDEX('Reguler Class Availability'!$I:$I,M28)&""))&IF(INDEX('Reguler Class Availability'!$J:$J,M28)&""="","",CHAR(10)&"asst: "&PROPER(INDEX('Reguler Class Availability'!$J:$J,M28)&"")))) | F28: =IF(N28="","",IF(V28="Tidak dibuka","–",IF(INDEX('Reguler Class Availability'!$B:$B,N28)&""="","Kosong",PROPER(INDEX('Reguler Class Availability'!$B:$B,N28)&""))&" "&IFERROR(--(INDEX('Reguler Class Availability'!$G:$G,N28)&""),0)&"/"&IFERROR(--(INDEX('Reguler Class Availability'!$F:$F,N28)&""),0)&IF(IFERROR(--(INDEX('Reguler Class Availability'!$F:$F,N28)&""),0)>0," ("&TEXT(IFERROR(--(INDEX('Reguler Class Availability'!$G:$G,N28)&""),0)/IFERROR(--(INDEX('Reguler Class Availability'!$F:$F,N28)&""),0),"0%")&")","")&CHAR(10)&IF(INDEX('Reguler Class Availability'!$I:$I,N28)&""="","coach: –",PROPER(INDEX('Reguler Class Availability'!$I:$I,N28)&""))&IF(INDEX('Reguler Class Availability'!$J:$J,N28)&""="","",CHAR(10)&"asst: "&PROPER(INDEX('Reguler Class Availability'!$J:$J,N28)&"")))) | G28: =IF(O28="","",IF(W28="Tidak dibuka","–",IF(INDEX('Reguler Class Availability'!$B:$B,O28)&""="","Kosong",PROPER(INDEX('Reguler Class Availability'!$B:$B,O28)&""))&" "&IFERROR(--(INDEX('Reguler Class Availability'!$G:$G,O28)&""),0)&"/"&IFERROR(--(INDEX('Reguler Class Availability'!$F:$F,O28)&""),0)&IF(IFERROR(--(INDEX('Reguler Class Availability'!$F:$F,O28)&""),0)>0," ("&TEXT(IFERROR(--(INDEX('Reguler Class Availability'!$G:$G,O28)&""),0)/IFERROR(--(INDEX('Reguler Class Availability'!$F:$F,O28)&""),0),"0%")&")","")&CHAR(10)&IF(INDEX('Reguler Class Availability'!$I:$I,O28)&""="","coach: –",PROPER(INDEX('Reguler Class Availability'!$I:$I,O28)&""))&IF(INDEX('Reguler Class Availability'!$J:$J,O28)&""="","",CHAR(10)&"asst: "&PROPER(INDEX('Reguler Class Availability'!$J:$J,O28)&"")))) | H28: =IF(P28="","",IF(X28="Tidak dibuka","–",IF(INDEX('Reguler Class Availability'!$B:$B,P28)&""="","Kosong",PROPER(INDEX('Reguler Class Availability'!$B:$B,P28)&""))&" "&IFERROR(--(INDEX('Reguler Class Availability'!$G:$G,P28)&""),0)&"/"&IFERROR(--(INDEX('Reguler Class Availability'!$F:$F,P28)&""),0)&IF(IFERROR(--(INDEX('Reguler Class Availability'!$F:$F,P28)&""),0)>0," ("&TEXT(IFERROR(--(INDEX('Reguler Class Availability'!$G:$G,P28)&""),0)/IFERROR(--(INDEX('Reguler Class Availability'!$F:$F,P28)&""),0),"0%")&")","")&CHAR(10)&IF(INDEX('Reguler Class Availability'!$I:$I,P28)&""="","coach: –",PROPER(INDEX('Reguler Class Availability'!$I:$I,P28)&""))&IF(INDEX('Reguler Class Availability'!$J:$J,P28)&""="","",CHAR(10)&"asst: "&PROPER(INDEX('Reguler Class Availability'!$J:$J,P28)&"")))) | J28: =IF($A28="","",IFERROR(MATCH($B$4&"|- Lane 1 - "&B$13&"|"&$A28,'Reguler Class Availability'!$L:$L,0),"")) | K28: =IF($A28="","",IFERROR(MATCH($B$4&"|- Lane 1 - "&C$13&"|"&$A28,'Reguler Class Availability'!$L:$L,0),"")) | L28: =IF($A28="","",IFERROR(MATCH($B$4&"|- Lane 1 - "&D$13&"|"&$A28,'Reguler Class Availability'!$L:$L,0),"")) | M28: =IF($A28="","",IFERROR(MATCH($B$4&"|- Lane 1 - "&E$13&"|"&$A28,'Reguler Class Availability'!$L:$L,0),"")) | N28: =IF($A28="","",IFERROR(MATCH($B$4&"|- Lane 1 - "&F$13&"|"&$A28,'Reguler Class Availability'!$L:$L,0),"")) | O28: =IF($A28="","",IFERROR(MATCH($B$4&"|- Lane 1 - "&G$13&"|"&$A28,'Reguler Class Availability'!$L:$L,0),"")) | P28: =IF($A28="","",IFERROR(MATCH($B$4&"|- Lane 1 - "&H$13&"|"&$A28,'Reguler Class Availability'!$L:$L,0),"")) | R28: =IF(J28="","",IF(AND(IFERROR(--(INDEX('Reguler Class Availability'!$F:$F,J28)&""),0)=0,IFERROR(--(INDEX('Reguler Class Availability'!$G:$G,J28)&""),0)=0),IF(OR(INDEX('Reguler Class Availability'!$B:$B,J28)&""<>"",INDEX('Reguler Class Availability'!$I:$I,J28)&""<>""),"Tutup","Tidak dibuka"),IF(IFERROR(--(INDEX('Reguler Class Availability'!$G:$G,J28)&""),0)>IFERROR(--(INDEX('Reguler Class Availability'!$F:$F,J28)&""),0),"Lebih",IF(IFERROR(--(INDEX('Reguler Class Availability'!$G:$G,J28)&""),0)=IFERROR(--(INDEX('Reguler Class Availability'!$F:$F,J28)&""),0),"Penuh",IF(IFERROR(--(INDEX('Reguler Class Availability'!$G:$G,J28)&""),0)=0,IF(INDEX('Reguler Class Availability'!$B:$B,J28)&""="","Kosong","Belum terisi"),IF(IFERROR(--(INDEX('Reguler Class Availability'!$G:$G,J28)&""),0)/IFERROR(--(INDEX('Reguler Class Availability'!$F:$F,J28)&""),0)>=0.6,"Tinggi","Sebagian")))))) | S28: =IF(K28="","",IF(AND(IFERROR(--(INDEX('Reguler Class Availability'!$F:$F,K28)&""),0)=0,IFERROR(--(INDEX('Reguler Class Availability'!$G:$G,K28)&""),0)=0),IF(OR(INDEX('Reguler Class Availability'!$B:$B,K28)&""<>"",INDEX('Reguler Class Availability'!$I:$I,K28)&""<>""),"Tutup","Tidak dibuka"),IF(IFERROR(--(INDEX('Reguler Class Availability'!$G:$G,K28)&""),0)>IFERROR(--(INDEX('Reguler Class Availability'!$F:$F,K28)&""),0),"Lebih",IF(IFERROR(--(INDEX('Reguler Class Availability'!$G:$G,K28)&""),0)=IFERROR(--(INDEX('Reguler Class Availability'!$F:$F,K28)&""),0),"Penuh",IF(IFERROR(--(INDEX('Reguler Class Availability'!$G:$G,K28)&""),0)=0,IF(INDEX('Reguler Class Availability'!$B:$B,K28)&""="","Kosong","Belum terisi"),IF(IFERROR(--(INDEX('Reguler Class Availability'!$G:$G,K28)&""),0)/IFERROR(--(INDEX('Reguler Class Availability'!$F:$F,K28)&""),0)>=0.6,"Tinggi","Sebagian")))))) | T28: =IF(L28="","",IF(AND(IFERROR(--(INDEX('Reguler Class Availability'!$F:$F,L28)&""),0)=0,IFERROR(--(INDEX('Reguler Class Availability'!$G:$G,L28)&""),0)=0),IF(OR(INDEX('Reguler Class Availability'!$B:$B,L28)&""<>"",INDEX('Reguler Class Availability'!$I:$I,L28)&""<>""),"Tutup","Tidak dibuka"),IF(IFERROR(--(INDEX('Reguler Class Availability'!$G:$G,L28)&""),0)>IFERROR(--(INDEX('Reguler Class Availability'!$F:$F,L28)&""),0),"Lebih",IF(IFERROR(--(INDEX('Reguler Class Availability'!$G:$G,L28)&""),0)=IFERROR(--(INDEX('Reguler Class Availability'!$F:$F,L28)&""),0),"Penuh",IF(IFERROR(--(INDEX('Reguler Class Availability'!$G:$G,L28)&""),0)=0,IF(INDEX('Reguler Class Availability'!$B:$B,L28)&""="","Kosong","Belum terisi"),IF(IFERROR(--(INDEX('Reguler Class Availability'!$G:$G,L28)&""),0)/IFERROR(--(INDEX('Reguler Class Availability'!$F:$F,L28)&""),0)>=0.6,"Tinggi","Sebagian")))))) | U28: =IF(M28="","",IF(AND(IFERROR(--(INDEX('Reguler Class Availability'!$F:$F,M28)&""),0)=0,IFERROR(--(INDEX('Reguler Class Availability'!$G:$G,M28)&""),0)=0),IF(OR(INDEX('Reguler Class Availability'!$B:$B,M28)&""<>"",INDEX('Reguler Class Availability'!$I:$I,M28)&""<>""),"Tutup","Tidak dibuka"),IF(IFERROR(--(INDEX('Reguler Class Availability'!$G:$G,M28)&""),0)>IFERROR(--(INDEX('Reguler Class Availability'!$F:$F,M28)&""),0),"Lebih",IF(IFERROR(--(INDEX('Reguler Class Availability'!$G:$G,M28)&""),0)=IFERROR(--(INDEX('Reguler Class Availability'!$F:$F,M28)&""),0),"Penuh",IF(IFERROR(--(INDEX('Reguler Class Availability'!$G:$G,M28)&""),0)=0,IF(INDEX('Reguler Class Availability'!$B:$B,M28)&""="","Kosong","Belum terisi"),IF(IFERROR(--(INDEX('Reguler Class Availability'!$G:$G,M28)&""),0)/IFERROR(--(INDEX('Reguler Class Availability'!$F:$F,M28)&""),0)>=0.6,"Tinggi","Sebagian")))))) | V28: =IF(N28="","",IF(AND(IFERROR(--(INDEX('Reguler Class Availability'!$F:$F,N28)&""),0)=0,IFERROR(--(INDEX('Reguler Class Availability'!$G:$G,N28)&""),0)=0),IF(OR(INDEX('Reguler Class Availability'!$B:$B,N28)&""<>"",INDEX('Reguler Class Availability'!$I:$I,N28)&""<>""),"Tutup","Tidak dibuka"),IF(IFERROR(--(INDEX('Reguler Class Availability'!$G:$G,N28)&""),0)>IFERROR(--(INDEX('Reguler Class Availability'!$F:$F,N28)&""),0),"Lebih",IF(IFERROR(--(INDEX('Reguler Class Availability'!$G:$G,N28)&""),0)=IFERROR(--(INDEX('Reguler Class Availability'!$F:$F,N28)&""),0),"Penuh",IF(IFERROR(--(INDEX('Reguler Class Availability'!$G:$G,N28)&""),0)=0,IF(INDEX('Reguler Class Availability'!$B:$B,N28)&""="","Kosong","Belum terisi"),IF(IFERROR(--(INDEX('Reguler Class Availability'!$G:$G,N28)&""),0)/IFERROR(--(INDEX('Reguler Class Availability'!$F:$F,N28)&""),0)>=0.6,"Tinggi","Sebagian")))))) | W28: =IF(O28="","",IF(AND(IFERROR(--(INDEX('Reguler Class Availability'!$F:$F,O28)&""),0)=0,IFERROR(--(INDEX('Reguler Class Availability'!$G:$G,O28)&""),0)=0),IF(OR(INDEX('Reguler Class Availability'!$B:$B,O28)&""<>"",INDEX('Reguler Class Availability'!$I:$I,O28)&""<>""),"Tutup","Tidak dibuka"),IF(IFERROR(--(INDEX('Reguler Class Availability'!$G:$G,O28)&""),0)>IFERROR(--(INDEX('Reguler Class Availability'!$F:$F,O28)&""),0),"Lebih",IF(IFERROR(--(INDEX('Reguler Class Availability'!$G:$G,O28)&""),0)=IFERROR(--(INDEX('Reguler Class Availability'!$F:$F,O28)&""),0),"Penuh",IF(IFERROR(--(INDEX('Reguler Class Availability'!$G:$G,O28)&""),0)=0,IF(INDEX('Reguler Class Availability'!$B:$B,O28)&""="","Kosong","Belum terisi"),IF(IFERROR(--(INDEX('Reguler Class Availability'!$G:$G,O28)&""),0)/IFERROR(--(INDEX('Reguler Class Availability'!$F:$F,O28)&""),0)>=0.6,"Tinggi","Sebagian")))))) | X28: =IF(P28="","",IF(AND(IFERROR(--(INDEX('Reguler Class Availability'!$F:$F,P28)&""),0)=0,IFERROR(--(INDEX('Reguler Class Availability'!$G:$G,P28)&""),0)=0),IF(OR(INDEX('Reguler Class Availability'!$B:$B,P28)&""<>"",INDEX('Reguler Class Availability'!$I:$I,P28)&""<>""),"Tutup","Tidak dibuka"),IF(IFERROR(--(INDEX('Reguler Class Availability'!$G:$G,P28)&""),0)>IFERROR(--(INDEX('Reguler Class Availability'!$F:$F,P28)&""),0),"Lebih",IF(IFERROR(--(INDEX('Reguler Class Availability'!$G:$G,P28)&""),0)=IFERROR(--(INDEX('Reguler Class Availability'!$F:$F,P28)&""),0),"Penuh",IF(IFERROR(--(INDEX('Reguler Class Availability'!$G:$G,P28)&""),0)=0,IF(INDEX('Reguler Class Availability'!$B:$B,P28)&""="","Kosong","Belum terisi"),IF(IFERROR(--(INDEX('Reguler Class Availability'!$G:$G,P28)&""),0)/IFERROR(--(INDEX('Reguler Class Availability'!$F:$F,P28)&""),0)>=0.6,"Tinggi","Sebagian")))))) | Z28: 12:30 | AA28: =IF(COUNTIFS('Reguler Class Availability'!$L:$L,$B$4&"|- Lane 1 - *|"&Z28)>0,1,0) -> 0 | AB28: =AA28+AB27 -> 7
