Workbook

Sheet Cara Pakai
B2: Slot Map Weekly Meeting · Center Manager × Senior Coach
B3: Data per 26 Sep 2026 · untuk meeting W40 · 28 Sep – 4 Okt 2026 · sumber: Exboard › Reguler Class Availability
B5: Alur meeting
B6: 1. Buka tab center | C6: Satu tab per center (KLM, KWC, PML, TMP, BTU, HIB). Mulai dari ringkasan di atas: utilisasi, jumlah kelas belum terisi, slot kosong.
B7: 2. Lihat Slot Map | C7: Grid per lane: baris = jam, kolom = hari. Tiap sel berisi age group, terisi/kapasitas, dan coach. Merah = kelas sudah ada tapi 0 murid. Oranye = kapasitas ada tapi belum ada kelas.
B8: 3. Putuskan di Daftar Diskusi | C8: Di bawah slot map ada daftar semua slot merah & oranye. Isi kolom kuning: keputusan, age group yang dijual, coach PIC, target murid, catatan.
B9: 4. Cek coach | C9: Kolom 'Coach available' menyarankan coach yang bertugas hari itu dan tidak sedang mengajar di jam tersebut, beserta age group yang biasa mereka ajar. Tabel Coach di bagian bawah tab menunjukkan beban tiap coach per hari.
B10: 5. Kirim ke Student Advisor | C10: Filter kolom Keputusan = 'Jual minggu ini' atau 'Buka kelas baru'. Itulah daftar kelas yang dijual SA minggu itu.
B12: Arti warna status
B13: Belum terisi | C13: Kelas sudah punya age group, kapasitas > 0, tapi 0 murid. Prioritas untuk dijual.
B14: Slot kosong | C14: Kapasitas > 0 tapi belum ada age group/kelas. Bisa dibuka jadi kelas baru.
B15: Sebagian | C15: Sudah ada murid tapi belum penuh.
B16: Penuh | C16: Terisi = kapasitas.
B17: Lebih kapasitas | C17: Terisi melebihi kapasitas (termasuk slot kapasitas 0 yang masih ada murid). Perlu dicek.
B18: Tutup | C18: Kapasitas 0 dan tidak ada murid, tapi slot masih punya age group/coach.
B19: Tidak dibuka | C19: Kapasitas 0, tanpa kelas. Ditampilkan '–'.
B21: Sel yang diisi
B22: Kuning | C22: Hanya sel kuning yang diisi saat meeting (minggu, peserta, keputusan, age group dijual, coach PIC, target, catatan). Sel lain berisi rumus.
B23: Teks biru | C23: Di tab Master Data: angka yang disalin dari Exboard (age group, kapasitas, terisi, coach).
B25: Contoh pengisian
B26: Hari · Jam · Lane | C26: Selasa · 09:45 · Lane 2
B27: Status | C27: Belum terisi
B28: Coach available | C28: Danti (Baby, Little)
B29: Keputusan | C29: Jual minggu ini
B30: Age group dijual | C30: Tiny
B31: Coach PIC | C31: Danti
B32: Target murid | C32: 3
B33: Catatan | C33: Tawarkan ke leads trial Tiny minggu lalu
B35: Catatan
B36: • | C36: Coach available = coach yang punya jadwal di center itu pada hari yang sama dan tidak mengajar dalam rentang ±45 menit dari slot tersebut. Age group di dalam kurung = age group yang dia ajar minggu ini di center itu. Ini saran; cek ulang ke senior coach.
B37: • | C37: Coach yang tidak punya jadwal sama sekali di hari itu tidak muncul sebagai available (bisa saja libur).
B38: • | C38: Untuk memperbarui data minggu berikutnya: ganti isi tab Master Data (kolom biru) dengan data terbaru. Slot map, ringkasan dan status ikut menghitung ulang. Daftar Diskusi dan saran coach dibuat saat file digenerate, jadi generate ulang file-nya tiap minggu.

Sheet Ringkasan
B2: Ringkasan Utilisasi per Center
B3: Data per 26 Sep 2026 · meeting W40 · 28 Sep – 4 Okt 2026
B5: Center | C5: Utilisasi | D5: Kursi terisi | E5: Kapasitas | F5: Belum terisi (kelas 0 murid) | G5: Slot kosong (belum ada kelas) | H5: Sebagian | I5: Penuh | J5: Lebih kapasitas | K5: Buka tab
B6: KLM | C6: =IFERROR(D6/E6,"") -> 0.56907216 | D6: =SUMIFS('Master Data'!$H$2:$H$2436,'Master Data'!$B$2:$B$2436,B6,'Master Data'!$G$2:$G$2436,">0") -> 828 | E6: =SUMIFS('Master Data'!$G$2:$G$2436,'Master Data'!$B$2:$B$2436,B6,'Master Data'!$G$2:$G$2436,">0") -> 1455 | F6: =COUNTIFS('Master Data'!$B$2:$B$2436,$B6,'Master Data'!$L$2:$L$2436,"Belum terisi") -> 48 | G6: =COUNTIFS('Master Data'!$B$2:$B$2436,$B6,'Master Data'!$L$2:$L$2436,"Slot kosong") -> 56 | H6: =COUNTIFS('Master Data'!$B$2:$B$2436,$B6,'Master Data'!$L$2:$L$2436,"Sebagian") -> 101 | I6: =COUNTIFS('Master Data'!$B$2:$B$2436,$B6,'Master Data'!$L$2:$L$2436,"Penuh") -> 131 | J6: =COUNTIFS('Master Data'!$B$2:$B$2436,$B6,'Master Data'!$L$2:$L$2436,"Lebih kapasitas") -> 18 | K6: → KLM
B7: KWC | C7: =IFERROR(D7/E7,"") -> 0.3956743 | D7: =SUMIFS('Master Data'!$H$2:$H$2436,'Master Data'!$B$2:$B$2436,B7,'Master Data'!$G$2:$G$2436,">0") -> 622 | E7: =SUMIFS('Master Data'!$G$2:$G$2436,'Master Data'!$B$2:$B$2436,B7,'Master Data'!$G$2:$G$2436,">0") -> 1572 | F7: =COUNTIFS('Master Data'!$B$2:$B$2436,$B7,'Master Data'!$L$2:$L$2436,"Belum terisi") -> 110 | G7: =COUNTIFS('Master Data'!$B$2:$B$2436,$B7,'Master Data'!$L$2:$L$2436,"Slot kosong") -> 35 | H7: =COUNTIFS('Master Data'!$B$2:$B$2436,$B7,'Master Data'!$L$2:$L$2436,"Sebagian") -> 125 | I7: =COUNTIFS('Master Data'!$B$2:$B$2436,$B7,'Master Data'!$L$2:$L$2436,"Penuh") -> 76 | J7: =COUNTIFS('Master Data'!$B$2:$B$2436,$B7,'Master Data'!$L$2:$L$2436,"Lebih kapasitas") -> 3 | K7: → KWC
B8: PML | C8: =IFERROR(D8/E8,"") -> 0.39257101 | D8: =SUMIFS('Master Data'!$H$2:$H$2436,'Master Data'!$B$2:$B$2436,B8,'Master Data'!$G$2:$G$2436,">0") -> 539 | E8: =SUMIFS('Master Data'!$G$2:$G$2436,'Master Data'!$B$2:$B$2436,B8,'Master Data'!$G$2:$G$2436,">0") -> 1373 | F8: =COUNTIFS('Master Data'!$B$2:$B$2436,$B8,'Master Data'!$L$2:$L$2436,"Belum terisi") -> 107 | G8: =COUNTIFS('Master Data'!$B$2:$B$2436,$B8,'Master Data'!$L$2:$L$2436,"Slot kosong") -> 33 | H8: =COUNTIFS('Master Data'!$B$2:$B$2436,$B8,'Master Data'!$L$2:$L$2436,"Sebagian") -> 99 | I8: =COUNTIFS('Master Data'!$B$2:$B$2436,$B8,'Master Data'!$L$2:$L$2436,"Penuh") -> 71 | J8: =COUNTIFS('Master Data'!$B$2:$B$2436,$B8,'Master Data'!$L$2:$L$2436,"Lebih kapasitas") -> 9 | K8: → PML
B9: TMP | C9: =IFERROR(D9/E9,"") -> 0.077380952 | D9: =SUMIFS('Master Data'!$H$2:$H$2436,'Master Data'!$B$2:$B$2436,B9,'Master Data'!$G$2:$G$2436,">0") -> 117 | E9: =SUMIFS('Master Data'!$G$2:$G$2436,'Master Data'!$B$2:$B$2436,B9,'Master Data'!$G$2:$G$2436,">0") -> 1512 | F9: =COUNTIFS('Master Data'!$B$2:$B$2436,$B9,'Master Data'!$L$2:$L$2436,"Belum terisi") -> 269 | G9: =COUNTIFS('Master Data'!$B$2:$B$2436,$B9,'Master Data'!$L$2:$L$2436,"Slot kosong") -> 0 | H9: =COUNTIFS('Master Data'!$B$2:$B$2436,$B9,'Master Data'!$L$2:$L$2436,"Sebagian") -> 66 | I9: =COUNTIFS('Master Data'!$B$2:$B$2436,$B9,'Master Data'!$L$2:$L$2436,"Penuh") -> 1 | J9: =COUNTIFS('Master Data'!$B$2:$B$2436,$B9,'Master Data'!$L$2:$L$2436,"Lebih kapasitas") -> 0 | K9: → TMP
B10: BTU | C10: =IFERROR(D10/E10,"") -> 0.096320346 | D10: =SUMIFS('Master Data'!$H$2:$H$2436,'Master Data'!$B$2:$B$2436,B10,'Master Data'!$G$2:$G$2436,">0") -> 178 | E10: =SUMIFS('Master Data'!$G$2:$G$2436,'Master Data'!$B$2:$B$2436,B10,'Master Data'!$G$2:$G$2436,">0") -> 1848 | F10: =COUNTIFS('Master Data'!$B$2:$B$2436,$B10,'Master Data'!$L$2:$L$2436,"Belum terisi") -> 263 | G10: =COUNTIFS('Master Data'!$B$2:$B$2436,$B10,'Master Data'!$L$2:$L$2436,"Slot kosong") -> 84 | H10: =COUNTIFS('Master Data'!$B$2:$B$2436,$B10,'Master Data'!$L$2:$L$2436,"Sebagian") -> 61 | I10: =COUNTIFS('Master Data'!$B$2:$B$2436,$B10,'Master Data'!$L$2:$L$2436,"Penuh") -> 12 | J10: =COUNTIFS('Master Data'!$B$2:$B$2436,$B10,'Master Data'!$L$2:$L$2436,"Lebih kapasitas") -> 0 | K10: → BTU
B11: HIB | C11: =IFERROR(D11/E11,"") -> 0.091991342 | D11: =SUMIFS('Master Data'!$H$2:$H$2436,'Master Data'!$B$2:$B$2436,B11,'Master Data'!$G$2:$G$2436,">0") -> 170 | E11: =SUMIFS('Master Data'!$G$2:$G$2436,'Master Data'!$B$2:$B$2436,B11,'Master Data'!$G$2:$G$2436,">0") -> 1848 | F11: =COUNTIFS('Master Data'!$B$2:$B$2436,$B11,'Master Data'!$L$2:$L$2436,"Belum terisi") -> 244 | G11: =COUNTIFS('Master Data'!$B$2:$B$2436,$B11,'Master Data'!$L$2:$L$2436,"Slot kosong") -> 84 | H11: =COUNTIFS('Master Data'!$B$2:$B$2436,$B11,'Master Data'!$L$2:$L$2436,"Sebagian") -> 82 | I11: =COUNTIFS('Master Data'!$B$2:$B$2436,$B11,'Master Data'!$L$2:$L$2436,"Penuh") -> 10 | J11: =COUNTIFS('Master Data'!$B$2:$B$2436,$B11,'Master Data'!$L$2:$L$2436,"Lebih kapasitas") -> 0 | K11: → HIB
B12: Total | C12: =IFERROR(D12/E12,"") -> 0.25541216 | D12: =SUM(D6:D11) -> 2454 | E12: =SUM(E6:E11) -> 9608 | F12: =SUM(F6:F11) -> 1041 | G12: =SUM(G6:G11) -> 292 | H12: =SUM(H6:H11) -> 534 | I12: =SUM(I6:I11) -> 301 | J12: =SUM(J6:J11) -> 30
B14: Utilisasi = kursi terisi ÷ kapasitas, hanya slot dengan kapasitas > 0.

Sheet KLM
A1: SLOT MAP · KLM · Kalimalang
A2: Data per 26 Sep 2026 · sumber: Exboard › Reguler Class Availability
A3: Center | B3: KLM | C3: Center Manager
A4: Minggu | B4: W40 · 28 Sep – 4 Okt 2026 | C4: Senior Coach
A6: Ringkasan | B6: Utilisasi | C6: Kursi terisi | D6: Belum terisi | E6: Slot kosong | F6: Sebagian | G6: Penuh | H6: Lebih kapasitas
B7: =IFERROR(SUMIFS('Master Data'!$H$2:$H$2436,'Master Data'!$B$2:$B$2436,$B$3,'Master Data'!$G$2:$G$2436,">0")/SUMIFS('Master Data'!$G$2:$G$2436,'Master Data'!$B$2:$B$2436,$B$3,'Master Data'!$G$2:$G$2436,">0"),"") -> 0.56907216 | C7: =SUMIFS('Master Data'!$H$2:$H$2436,'Master Data'!$B$2:$B$2436,$B$3,'Master Data'!$G$2:$G$2436,">0")&" / "&SUMIFS('Master Data'!$G$2:$G$2436,'Master Data'!$B$2:$B$2436,$B$3,'Master Data'!$G$2:$G$2436,">0") -> 828 / 1455 | D7: =COUNTIFS('Master Data'!$B$2:$B$2436,$B$3,'Master Data'!$L$2:$L$2436,"Belum terisi") -> 48 | E7: =COUNTIFS('Master Data'!$B$2:$B$2436,$B$3,'Master Data'!$L$2:$L$2436,"Slot kosong") -> 56 | F7: =COUNTIFS('Master Data'!$B$2:$B$2436,$B$3,'Master Data'!$L$2:$L$2436,"Sebagian") -> 101 | G7: =COUNTIFS('Master Data'!$B$2:$B$2436,$B$3,'Master Data'!$L$2:$L$2436,"Penuh") -> 131 | H7: =COUNTIFS('Master Data'!$B$2:$B$2436,$B$3,'Master Data'!$L$2:$L$2436,"Lebih kapasitas") -> 18
A9: Warna | B9: Belum terisi | C9: Slot kosong | D9: Sebagian | E9: Penuh | F9: Lebih kapasitas | G9: Tutup
B10: Isi sel: age group terisi/kapasitas, lalu coach. Merah & oranye = bahan diskusi (lihat Daftar Diskusi di bawah).
A11: Lompat ke | B11: → Slot Map | C11: → Daftar Diskusi | D11: → Coach
A13: LANE 1 | C13: ="Utilisasi lane: "&IFERROR(TEXT(SUMIFS('Master Data'!$H$2:$H$2436,'Master Data'!$B$2:$B$2436,$B$3,'Master Data'!$C$2:$C$2436,1,'Master Data'!$G$2:$G$2436,">0")/SUMIFS('Master Data'!$G$2:$G$2436,'Master Data'!$B$2:$B$2436,$B$3,'Master Data'!$C$2:$C$2436,1,'Master Data'!$G$2:$G$2436,">0"),"0%"),"–")&" · Belum terisi: "&COUNTIFS('Master Data'!$B$2:$B$2436,$B$3,'Master Data'!$C$2:$C$2436,1,'Master Data'!$L$2:$L$2436,"Belum terisi")&" · Slot kosong: "&COUNTIFS('Master Data'!$B$2:$B$2436,$B$3,'Master Data'!$C$2:$C$2436,1,'Master Data'!$L$2:$L$2436,"Slot kosong") -> Utilisasi lane: 41% · Belum terisi: 1 · Slot kosong: 27
A14: Jam | B14: Senin | C14: Selasa | D14: Rabu | E14: Kamis | F14: Jumat | G14: Sabtu | H14: Minggu
A15: 08:15 | B15: =IFERROR(INDEX('Master Data'!$M$2:$M$2436,MATCH($B$3&"|1|"&B$14&"|"&$A15,'Master Data'!$A$2:$A$2436,0)),"") -> – | C15: =IFERROR(INDEX('Master Data'!$M$2:$M$2436,MATCH($B$3&"|1|"&C$14&"|"&$A15,'Master Data'!$A$2:$A$2436,0)),"") -> – | D15: =IFERROR(INDEX('Master Data'!$M$2:$M$2436,MATCH($B$3&"|1|"&D$14&"|"&$A15,'Master Data'!$A$2:$A$2436,0)),"") -> – | E15: =IFERROR(INDEX('Master Data'!$M$2:$M$2436,MATCH($B$3&"|1|"&E$14&"|"&$A15,'Master Data'!$A$2:$A$2436,0)),"") -> – | F15: =IFERROR(INDEX('Master Data'!$M$2:$M$2436,MATCH($B$3&"|1|"&F$14&"|"&$A15,'Master Data'!$A$2:$A$2436,0)),"") -> – | G15: =IFERROR(INDEX('Master Data'!$M$2:$M$2436,MATCH($B$3&"|1|"&G$14&"|"&$A15,'Master Data'!$A$2:$A$2436,0)),"") -> – | H15: =IFERROR(INDEX('Master Data'!$M$2:$M$2436,MATCH($B$3&"|1|"&H$14&"|"&$A15,'Master Data'!$A$2:$A$2436,0)),"") -> – | T15: =IFERROR(INDEX('Master Data'!$L$2:$L$2436,MATCH($B$3&"|1|"&B$14&"|"&$A15,'Master Data'!$A$2:$A$2436,0)),"") -> Tidak dibuka | U15: =IFERROR(INDEX('Master Data'!$L$2:$L$2436,MATCH($B$3&"|1|"&C$14&"|"&$A15,'Master Data'!$A$2:$A$2436,0)),"") -> Tidak dibuka | V15: =IFERROR(INDEX('Master Data'!$L$2:$L$2436,MATCH($B$3&"|1|"&D$14&"|"&$A15,'Master Data'!$A$2:$A$2436,0)),"") -> Tidak dibuka | W15: =IFERROR(INDEX('Master Data'!$L$2:$L$2436,MATCH($B$3&"|1|"&E$14&"|"&$A15,'Master Data'!$A$2:$A$2436,0)),"") -> Tidak dibuka | X15: =IFERROR(INDEX('Master Data'!$L$2:$L$2436,MATCH($B$3&"|1|"&F$14&"|"&$A15,'Master Data'!$A$2:$A$2436,0)),"") -> Tidak dibuka | Y15: =IFERROR(INDEX('Master Data'!$L$2:$L$2436,MATCH($B$3&"|1|"&G$14&"|"&$A15,'Master Data'!$A$2:$A$2436,0)),"") -> Tidak dibuka | Z15: =IFERROR(INDEX('Master Data'!$L$2:$L$2436,MATCH($B$3&"|1|"&H$14&"|"&$A15,'Master Data'!$A$2:$A$2436,0)),"") -> Tidak dibuka
A16: 09:00 | B16: =IFERROR(INDEX('Master Data'!$M$2:$M$2436,MATCH($B$3&"|1|"&B$14&"|"&$A16,'Master Data'!$A$2:$A$2436,0)),"") -> (tanpa age group) 0/5 coach: – | C16: =IFERROR(INDEX('Master Data'!$M$2:$M$2436,MATCH($B$3&"|1|"&C$14&"|"&$A16,'Master Data'!$A$2:$A$2436,0)),"") -> (tanpa age group) 0/5 coach: – | D16: =IFERROR(INDEX('Master Data'!$M$2:$M$2436,MATCH($B$3&"|1|"&D$14&"|"&$A16,'Master Data'!$A$2:$A$2436,0)),"") -> Baby 5/5 coach: Nuky | E16: =IFERROR(INDEX('Master Data'!$M$2:$M$2436,MATCH($B$3&"|1|"&E$14&"|"&$A16,'Master Data'!$A$2:$A$2436,0)),"") -> (tanpa age group) 0/5 coach: – | F16: =IFERROR(INDEX('Master Data'!$M$2:$M$2436,MATCH($B$3&"|1|"&F$14&"|"&$A16,'Master Data'!$A$2:$A$2436,0)),"") -> Baby 5/5 coach: Surya | G16: =IFERROR(INDEX('Master Data'!$M$2:$M$2436,MATCH($B$3&"|1|"&G$14&"|"&$A16,'Master Data'!$A$2:$A$2436,0)),"") -> Baby 5/5 coach: Eka | H16: =IFERROR(INDEX('Master Data'!$M$2:$M$2436,MATCH($B$3&"|1|"&H$14&"|"&$A16,'Master Data'!$A$2:$A$2436,0)),"") -> Baby 5/5 coach: Rischa | T16: =IFERROR(INDEX('Master Data'!$L$2:$L$2436,MATCH($B$3&"|1|"&B$14&"|"&$A16,'Master Data'!$A$2:$A$2436,0)),"") -> Slot kosong | U16: =IFERROR(INDEX('Master Data'!$L$2:$L$2436,MATCH($B$3&"|1|"&C$14&"|"&$A16,'Master Data'!$A$2:$A$2436,0)),"") -> Slot kosong | V16: =IFERROR(INDEX('Master Data'!$L$2:$L$2436,MATCH($B$3&"|1|"&D$14&"|"&$A16,'Master Data'!$A$2:$A$2436,0)),"") -> Penuh | W16: =IFERROR(INDEX('Master Data'!$L$2:$L$2436,MATCH($B$3&"|1|"&E$14&"|"&$A16,'Master Data'!$A$2:$A$2436,0)),"") -> Slot kosong | X16: =IFERROR(INDEX('Master Data'!$L$2:$L$2436,MATCH($B$3&"|1|"&F$14&"|"&$A16,'Master Data'!$A$2:$A$2436,0)),"") -> Penuh | Y16: =IFERROR(INDEX('Master Data'!$L$2:$L$2436,MATCH($B$3&"|1|"&G$14&"|"&$A16,'Master Data'!$A$2:$A$2436,0)),"") -> Penuh | Z16: =IFERROR(INDEX('Master Data'!$L$2:$L$2436,MATCH($B$3&"|1|"&H$14&"|"&$A16,'Master Data'!$A$2:$A$2436,0)),"") -> Penuh
A17: 09:45 | B17: =IFERROR(INDEX('Master Data'!$M$2:$M$2436,MATCH($B$3&"|1|"&B$14&"|"&$A17,'Master Data'!$A$2:$A$2436,0)),"") -> (tanpa age group) 0/5 coach: – | C17: =IFERROR(INDEX('Master Data'!$M$2:$M$2436,MATCH($B$3&"|1|"&C$14&"|"&$A17,'Master Data'!$A$2:$A$2436,0)),"") -> (tanpa age group) 0/5 coach: – | D17: =IFERROR(INDEX('Master Data'!$M$2:$M$2436,MATCH($B$3&"|1|"&D$14&"|"&$A17,'Master Data'!$A$2:$A$2436,0)),"") -> (tanpa age group) 0/5 coach: – | E17: =IFERROR(INDEX('Master Data'!$M$2:$M$2436,MATCH($B$3&"|1|"&E$14&"|"&$A17,'Master Data'!$A$2:$A$2436,0)),"") -> (tanpa age group) 0/5 coach: – | F17: =IFERROR(INDEX('Master Data'!$M$2:$M$2436,MATCH($B$3&"|1|"&F$14&"|"&$A17,'Master Data'!$A$2:$A$2436,0)),"") -> (tanpa age group) 0/5 coach: – | G17: =IFERROR(INDEX('Master Data'!$M$2:$M$2436,MATCH($B$3&"|1|"&G$14&"|"&$A17,'Master Data'!$A$2:$A$2436,0)),"") -> Baby 5/5 coach: Rischa | H17: =IFERROR(INDEX('Master Data'!$M$2:$M$2436,MATCH($B$3&"|1|"&H$14&"|"&$A17,'Master Data'!$A$2:$A$2436,0)),"") -> Baby 5/5 coach: Zidane | T17: =IFERROR(INDEX('Master Data'!$L$2:$L$2436,MATCH($B$3&"|1|"&B$14&"|"&$A17,'Master Data'!$A$2:$A$2436,0)),"") -> Slot kosong | U17: =IFERROR(INDEX('Master Data'!$L$2:$L$2436,MATCH($B$3&"|1|"&C$14&"|"&$A17,'Master Data'!$A$2:$A$2436,0)),"") -> Slot kosong | V17: =IFERROR(INDEX('Master Data'!$L$2:$L$2436,MATCH($B$3&"|1|"&D$14&"|"&$A17,'Master Data'!$A$2:$A$2436,0)),"") -> Slot kosong | W17: =IFERROR(INDEX('Master Data'!$L$2:$L$2436,MATCH($B$3&"|1|"&E$14&"|"&$A17,'Master Data'!$A$2:$A$2436,0)),"") -> Slot kosong | X17: =IFERROR(INDEX('Master Data'!$L$2:$L$2436,MATCH($B$3&"|1|"&F$14&"|"&$A17,'Master Data'!$A$2:$A$2436,0)),"") -> Slot kosong | Y17: =IFERROR(INDEX('Master Data'!$L$2:$L$2436,MATCH($B$3&"|1|"&G$14&"|"&$A17,'Master Data'!$A$2:$A$2436,0)),"") -> Penuh | Z17: =IFERROR(INDEX('Master Data'!$L$2:$L$2436,MATCH($B$3&"|1|"&H$14&"|"&$A17,'Master Data'!$A$2:$A$2436,0)),"") -> Penuh
A18: 10:30 | B18: =IFERROR(INDEX('Master Data'!$M$2:$M$2436,MATCH($B$3&"|1|"&B$14&"|"&$A18,'Master Data'!$A$2:$A$2436,0)),"") -> Baby 1/5 coach: Danti | C18: =IFERROR(INDEX('Master Data'!$M$2:$M$2436,MATCH($B$3&"|1|"&C$14&"|"&$A18,'Master Data'!$A$2:$A$2436,0)),"") -> Baby 1/5 coach: Zidane | D18: =IFERROR(INDEX('Master Data'!$M$2:$M$2436,MATCH($B$3&"|1|"&D$14&"|"&$A18,'Master Data'!$A$2:$A$2436,0)),"") -> (tanpa age group) 0/5 coach: – | E18: =IFERROR(INDEX('Master Data'!$M$2:$M$2436,MATCH($B$3&"|1|"&E$14&"|"&$A18,'Master Data'!$A$2:$A$2436,0)),"") -> (tanpa age group) 0/5 coach: – | F18: =IFERROR(INDEX('Master Data'!$M$2:$M$2436,MATCH($B$3&"|1|"&F$14&"|"&$A18,'Master Data'!$A$2:$A$2436,0)),"") -> (tanpa age group) 0/5 coach: – | G18: =IFERROR(INDEX('Master Data'!$M$2:$M$2436,MATCH($B$3&"|1|"&G$14&"|"&$A18,'Master Data'!$A$2:$A$2436,0)),"") -> Baby 5/5 coach: Rischa | H18: =IFERROR(INDEX('Master Data'!$M$2:$M$2436,MATCH($B$3&"|1|"&H$14&"|"&$A18,'Master Data'!$A$2:$A$2436,0)),"") -> Baby 4/5 coach: Nuky | T18: =IFERROR(INDEX('Master Data'!$L$2:$L$2436,MATCH($B$3&"|1|"&B$14&"|"&$A18,'Master Data'!$A$2:$A$2436,0)),"") -> Sebagian | U18: =IFERROR(INDEX('Master Data'!$L$2:$L$2436,MATCH($B$3&"|1|"&C$14&"|"&$A18,'Master Data'!$A$2:$A$2436,0)),"") -> Sebagian | V18: =IFERROR(INDEX('Master Data'!$L$2:$L$2436,MATCH($B$3&"|1|"&D$14&"|"&$A18,'Master Data'!$A$2:$A$2436,0)),"") -> Slot kosong | W18: =IFERROR(INDEX('Master Data'!$L$2:$L$2436,MATCH($B$3&"|1|"&E$14&"|"&$A18,'Master Data'!$A$2:$A$2436,0)),"") -> Slot kosong | X18: =IFERROR(INDEX('Master Data'!$L$2:$L$2436,MATCH($B$3&"|1|"&F$14&"|"&$A18,'Master Data'!$A$2:$A$2436,0)),"") -> Slot kosong | Y18: =IFERROR(INDEX('Master Data'!$L$2:$L$2436,MATCH($B$3&"|1|"&G$14&"|"&$A18,'Master Data'!$A$2:$A$2436,0)),"") -> Penuh | Z18: =IFERROR(INDEX('Master Data'!$L$2:$L$2436,MATCH($B$3&"|1|"&H$14&"|"&$A18,'Master Data'!$A$2:$A$2436,0)),"") -> Sebagian
A19: 11:15 | B19: =IFERROR(INDEX('Master Data'!$M$2:$M$2436,MATCH($B$3&"|1|"&B$14&"|"&$A19,'Master Data'!$A$2:$A$2436,0)),"") -> (tanpa age group) 0/5 coach: – | C19: =IFERROR(INDEX('Master Data'!$M$2:$M$2436,MATCH($B$3&"|1|"&C$14&"|"&$A19,'Master Data'!$A$2:$A$2436,0)),"") -> Baby 2/5 coach: Zidane | D19: =IFERROR(INDEX('Master Data'!$M$2:$M$2436,MATCH($B$3&"|1|"&D$14&"|"&$A19,'Master Data'!$A$2:$A$2436,0)),"") -> Baby 2/5 coach: Nuky | E19: =IFERROR(INDEX('Master Data'!$M$2:$M$2436,MATCH($B$3&"|1|"&E$14&"|"&$A19,'Master Data'!$A$2:$A$2436,0)),"") -> (tanpa age group) 0/5 coach: – | F19: =IFERROR(INDEX('Master Data'!$M$2:$M$2436,MATCH($B$3&"|1|"&F$14&"|"&$A19,'Master Data'!$A$2:$A$2436,0)),"") -> (tanpa age group) 0/5 coach: – | G19: =IFERROR(INDEX('Master Data'!$M$2:$M$2436,MATCH($B$3&"|1|"&G$14&"|"&$A19,'Master Data'!$A$2:$A$2436,0)),"") -> Little 4/4 coach: Tessa | H19: =IFERROR(INDEX('Master Data'!$M$2:$M$2436,MATCH($B$3&"|1|"&H$14&"|"&$A19,'Master Data'!$A$2:$A$2436,0)),"") -> Little 4/4 coach: Gita | T19: =IFERROR(INDEX('Master Data'!$L$2:$L$2436,MATCH($B$3&"|1|"&B$14&"|"&$A19,'Master Data'!$A$2:$A$2436,0)),"") -> Slot kosong | U19: =IFERROR(INDEX('Master Data'!$L$2:$L$2436,MATCH($B$3&"|1|"&C$14&"|"&$A19,'Master Data'!$A$2:$A$2436,0)),"") -> Sebagian | V19: =IFERROR(INDEX('Master Data'!$L$2:$L$2436,MATCH($B$3&"|1|"&D$14&"|"&$A19,'Master Data'!$A$2:$A$2436,0)),"") -> Sebagian | W19: =IFERROR(INDEX('Master Data'!$L$2:$L$2436,MATCH($B$3&"|1|"&E$14&"|"&$A19,'Master Data'!$A$2:$A$2436,0)),"") -> Slot kosong | X19: =IFERROR(INDEX('Master Data'!$L$2:$L$2436,MATCH($B$3&"|1|"&F$14&"|"&$A19,'Master Data'!$A$2:$A$2436,0)),"") -> Slot kosong | Y19: =IFERROR(INDEX('Master Data'!$L$2:$L$2436,MATCH($B$3&"|1|"&G$14&"|"&$A19,'Master Data'!$A$2:$A$2436,0)),"") -> Penuh | Z19: =IFERROR(INDEX('Master Data'!$L$2:$L$2436,MATCH($B$3&"|1|"&H$14&"|"&$A19,'Master Data'!$A$2:$A$2436,0)),"") -> Penuh
A20: 12:00 | B20: =IFERROR(INDEX('Master Data'!$M$2:$M$2436,MATCH($B$3&"|1|"&B$14&"|"&$A20,'Master Data'!$A$2:$A$2436,0)),"") -> Baby 3/5 coach: Danti | C20: =IFERROR(INDEX('Master Data'!$M$2:$M$2436,MATCH($B$3&"|1|"&C$14&"|"&$A20,'Master Data'!$A$2:$A$2436,0)),"") -> – | D20: =IFERROR(INDEX('Master Data'!$M$2:$M$2436,MATCH($B$3&"|1|"&D$14&"|"&$A20,'Master Data'!$A$2:$A$2436,0)),"") -> – | E20: =IFERROR(INDEX('Master Data'!$M$2:$M$2436,MATCH($B$3&"|1|"&E$14&"|"&$A20,'Master Data'!$A$2:$A$2436,0)),"") -> – | F20: =IFERROR(INDEX('Master Data'!$M$2:$M$2436,MATCH($B$3&"|1|"&F$14&"|"&$A20,'Master Data'!$A$2:$A$2436,0)),"") -> – | G20: =IFERROR(INDEX('Master Data'!$M$2:$M$2436,MATCH($B$3&"|1|"&G$14&"|"&$A20,'Master Data'!$A$2:$A$2436,0)),"") -> Little 2/4 coach: Daffa | H20: =IFERROR(INDEX('Master Data'!$M$2:$M$2436,MATCH($B$3&"|1|"&H$14&"|"&$A20,'Master Data'!$A$2:$A$2436,0)),"") -> (tanpa age group) 0/5 coach: – | T20: =IFERROR(INDEX('Master Data'!$L$2:$L$2436,MATCH($B$3&"|1|"&B$14&"|"&$A20,'Master Data'!$A$2:$A$2436,0)),"") -> Sebagian | U20: =IFERROR(INDEX('Master Data'!$L$2:$L$2436,MATCH($B$3&"|1|"&C$14&"|"&$A20,'Master Data'!$A$2:$A$2436,0)),"") -> Tidak dibuka | V20: =IFERROR(INDEX('Master Data'!$L$2:$L$2436,MATCH($B$3&"|1|"&D$14&"|"&$A20,'Master Data'!$A$2:$A$2436,0)),"") -> Tidak dibuka | W20: =IFERROR(INDEX('Master Data'!$L$2:$L$2436,MATCH($B$3&"|1|"&E$14&"|"&$A20,'Master Data'!$A$2:$A$2436,0)),"") -> Tidak dibuka | X20: =IFERROR(INDEX('Master Data'!$L$2:$L$2436,MATCH($B$3&"|1|"&F$14&"|"&$A20,'Master Data'!$A$2:$A$2436,0)),"") -> Tidak dibuka | Y20: =IFERROR(INDEX('Master Data'!$L$2:$L$2436,MATCH($B$3&"|1|"&G$14&"|"&$A20,'Master Data'!$A$2:$A$2436,0)),"") -> Sebagian | Z20: =IFERROR(INDEX('Master Data'!$L$2:$L$2436,MATCH($B$3&"|1|"&H$14&"|"&$A20,'Master Data'!$A$2:$A$2436,0)),"") -> Slot kosong
A21: 13:30 | B21: =IFERROR(INDEX('Master Data'!$M$2:$M$2436,MATCH($B$3&"|1|"&B$14&"|"&$A21,'Master Data'!$A$2:$A$2436,0)),"") -> Little 1/4 coach: Gita | C21: =IFERROR(INDEX('Master Data'!$M$2:$M$2436,MATCH($B$3&"|1|"&C$14&"|"&$A21,'Master Data'!$A$2:$A$2436,0)),"") -> (tanpa age group) 0/5 coach: – | D21: =IFERROR(INDEX('Master Data'!$M$2:$M$2436,MATCH($B$3&"|1|"&D$14&"|"&$A21,'Master Data'!$A$2:$A$2436,0)),"") -> Baby 0/5 coach: – | E21: =IFERROR(INDEX('Master Data'!$M$2:$M$2436,MATCH($B$3&"|1|"&E$14&"|"&$A21,'Master Data'!$A$2:$A$2436,0)),"") -> (tanpa age group) 0/5 coach: – | F21: =IFERROR(INDEX('Master Data'!$M$2:$M$2436,MATCH($B$3&"|1|"&F$14&"|"&$A21,'Master Data'!$A$2:$A$2436,0)),"") -> (tanpa age group) 0/5 coach: – | G21: =IFERROR(INDEX('Master Data'!$M$2:$M$2436,MATCH($B$3&"|1|"&G$14&"|"&$A21,'Master Data'!$A$2:$A$2436,0)),"") -> Baby 5/5 coach: Danti | H21: =IFERROR(INDEX('Master Data'!$M$2:$M$2436,MATCH($B$3&"|1|"&H$14&"|"&$A21,'Master Data'!$A$2:$A$2436,0)),"") -> Baby 3/5 coach: Eka | T21: =IFERROR(INDEX('Master Data'!$L$2:$L$2436,MATCH($B$3&"|1|"&B$14&"|"&$A21,'Master Data'!$A$2:$A$2436,0)),"") -> Sebagian | U21: =IFERROR(INDEX('Master Data'!$L$2:$L$2436,MATCH($B$3&"|1|"&C$14&"|"&$A21,'Master Data'!$A$2:$A$2436,0)),"") -> Slot kosong | V21: =IFERROR(INDEX('Master Data'!$L$2:$L$2436,MATCH($B$3&"|1|"&D$14&"|"&$A21,'Master Data'!$A$2:$A$2436,0)),"") -> Belum terisi | W21: =IFERROR(INDEX('Master Data'!$L$2:$L$2436,MATCH($B$3&"|1|"&E$14&"|"&$A21,'Master Data'!$A$2:$A$2436,0)),"") -> Slot kosong | X21: =IFERROR(INDEX('Master Data'!$L$2:$L$2436,MATCH($B$3&"|1|"&F$14&"|"&$A21,'Master Data'!$A$2:$A$2436,0)),"") -> Slot kosong | Y21: =IFERROR(INDEX('Master Data'!$L$2:$L$2436,MATCH($B$3&"|1|"&G$14&"|"&$A21,'Master Data'!$A$2:$A$2436,0)),"") -> Penuh | Z21: =IFERROR(INDEX('Master Data'!$L$2:$L$2436,MATCH($B$3&"|1|"&H$14&"|"&$A21,'Master Data'!$A$2:$A$2436,0)),"") -> Sebagian
A22: 14:15 | B22: =IFERROR(INDEX('Master Data'!$M$2:$M$2436,MATCH($B$3&"|1|"&B$14&"|"&$A22,'Master Data'!$A$2:$A$2436,0)),"") -> (tanpa age group) 0/5 coach: – | C22: =IFERROR(INDEX('Master Data'!$M$2:$M$2436,MATCH($B$3&"|1|"&C$14&"|"&$A22,'Master Data'!$A$2:$A$2436,0)),"") -> (tanpa age group) 0/5 coach: – | D22: =IFERROR(INDEX('Master Data'!$M$2:$M$2436,MATCH($B$3&"|1|"&D$14&"|"&$A22,'Master Data'!$A$2:$A$2436,0)),"") -> (tanpa age group) 0/5 coach: – | E22: =IFERROR(INDEX('Master Data'!$M$2:$M$2436,MATCH($B$3&"|1|"&E$14&"|"&$A22,'Master Data'!$A$2:$A$2436,0)),"") -> Kids 1/5 coach: Tessa | F22: =IFERROR(INDEX('Master Data'!$M$2:$M$2436,MATCH($B$3&"|1|"&F$14&"|"&$A22,'Master Data'!$A$2:$A$2436,0)),"") -> Kids 3/4 coach: Tessa | G22: =IFERROR(INDEX('Master Data'!$M$2:$M$2436,MATCH($B$3&"|1|"&G$14&"|"&$A22,'Master Data'!$A$2:$A$2436,0)),"") -> Kids 4/4 coach: Daffa | H22: =IFERROR(INDEX('Master Data'!$M$2:$M$2436,MATCH($B$3&"|1|"&H$14&"|"&$A22,'Master Data'!$A$2:$A$2436,0)),"") -> Kids 4/4 coach: Danti | T22: =IFERROR(INDEX('Master Data'!$L$2:$L$2436,MATCH($B$3&"|1|"&B$14&"|"&$A22,'Master Data'!$A$2:$A$2436,0)),"") -> Slot kosong | U22: =IFERROR(INDEX('Master Data'!$L$2:$L$2436,MATCH($B$3&"|1|"&C$14&"|"&$A22,'Master Data'!$A$2:$A$2436,0)),"") -> Slot kosong | V22: =IFERROR(INDEX('Master Data'!$L$2:$L$2436,MATCH($B$3&"|1|"&D$14&"|"&$A22,'Master Data'!$A$2:$A$2436,0)),"") -> Slot kosong | W22: =IFERROR(INDEX('Master Data'!$L$2:$L$2436,MATCH($B$3&"|1|"&E$14&"|"&$A22,'Master Data'!$A$2:$A$2436,0)),"") -> Sebagian | X22: =IFERROR(INDEX('Master Data'!$L$2:$L$2436,MATCH($B$3&"|1|"&F$14&"|"&$A22,'Master Data'!$A$2:$A$2436,0)),"") -> Sebagian | Y22: =IFERROR(INDEX('Master Data'!$L$2:$L$2436,MATCH($B$3&"|1|"&G$14&"|"&$A22,'Master Data'!$A$2:$A$2436,0)),"") -> Penuh | Z22: =IFERROR(INDEX('Master Data'!$L$2:$L$2436,MATCH($B$3&"|1|"&H$14&"|"&$A22,'Master Data'!$A$2:$A$2436,0)),"") -> Penuh
A23: 15:00 | B23: =IFERROR(INDEX('Master Data'!$M$2:$M$2436,MATCH($B$3&"|1|"&B$14&"|"&$A23,'Master Data'!$A$2:$A$2436,0)),"") -> Little 2/0 coach: Gita | C23: =IFERROR(INDEX('Master Data'!$M$2:$M$2436,MATCH($B$3&"|1|"&C$14&"|"&$A23,'Master Data'!$A$2:$A$2436,0)),"") -> Kids 4/0 coach: Tessa | D23: =IFERROR(INDEX('Master Data'!$M$2:$M$2436,MATCH($B$3&"|1|"&D$14&"|"&$A23,'Master Data'!$A$2:$A$2436,0)),"") -> Baby 1/0 coach: Zidane | E23: =IFERROR(INDEX('Master Data'!$M$2:$M$2436,MATCH($B$3&"|1|"&E$14&"|"&$A23,'Master Data'!$A$2:$A$2436,0)),"") -> Baby 1/0 coach: Tessa | F23: =IFERROR(INDEX('Master Data'!$M$2:$M$2436,MATCH($B$3&"|1|"&F$14&"|"&$A23,'Master Data'!$A$2:$A$2436,0)),"") -> Little 3/4 coach: Dian | G23: =IFERROR(INDEX('Master Data'!$M$2:$M$2436,MATCH($B$3&"|1|"&G$14&"|"&$A23,'Master Data'!$A$2:$A$2436,0)),"") -> Baby 5/5 coach: Eka | H23: =IFERROR(INDEX('Master Data'!$M$2:$M$2436,MATCH($B$3&"|1|"&H$14&"|"&$A23,'Master Data'!$A$2:$A$2436,0)),"") -> Baby 4/5 coach: Zidane | T23: =IFERROR(INDEX('Master Data'!$L$2:$L$2436,MATCH($B$3&"|1|"&B$14&"|"&$A23,'Master Data'!$A$2:$A$2436,0)),"") -> Lebih kapasitas | U23: =IFERROR(INDEX('Master Data'!$L$2:$L$2436,MATCH($B$3&"|1|"&C$14&"|"&$A23,'Master Data'!$A$2:$A$2436,0)),"") -> Lebih kapasitas | V23: =IFERROR(INDEX('Master Data'!$L$2:$L$2436,MATCH($B$3&"|1|"&D$14&"|"&$A23,'Master Data'!$A$2:$A$2436,0)),"") -> Lebih kapasitas | W23: =IFERROR(INDEX('Master Data'!$L$2:$L$2436,MATCH($B$3&"|1|"&E$14&"|"&$A23,'Master Data'!$A$2:$A$2436,0)),"") -> Lebih kapasitas | X23: =IFERROR(INDEX('Master Data'!$L$2:$L$2436,MATCH($B$3&"|1|"&F$14&"|"&$A23,'Master Data'!$A$2:$A$2436,0)),"") -> Sebagian | Y23: =IFERROR(INDEX('Master Data'!$L$2:$L$2436,MATCH($B$3&"|1|"&G$14&"|"&$A23,'Master Data'!$A$2:$A$2436,0)),"") -> Penuh | Z23: =IFERROR(INDEX('Master Data'!$L$2:$L$2436,MATCH($B$3&"|1|"&H$14&"|"&$A23,'Master Data'!$A$2:$A$2436,0)),"") -> Sebagian
A24: 15:45 | B24: =IFERROR(INDEX('Master Data'!$M$2:$M$2436,MATCH($B$3&"|1|"&B$14&"|"&$A24,'Master Data'!$A$2:$A$2436,0)),"") -> – | C24: =IFERROR(INDEX('Master Data'!$M$2:$M$2436,MATCH($B$3&"|1|"&C$14&"|"&$A24,'Master Data'!$A$2:$A$2436,0)),"") -> – | D24: =IFERROR(INDEX('Master Data'!$M$2:$M$2436,MATCH($B$3&"|1|"&D$14&"|"&$A24,'Master Data'!$A$2:$A$2436,0)),"") -> Little 3/0 coach: Gita | E24: =IFERROR(INDEX('Master Data'!$M$2:$M$2436,MATCH($B$3&"|1|"&E$14&"|"&$A24,'Master Data'!$A$2:$A$2436,0)),"") -> Kids 1/0 coach: Daffa | F24: =IFERROR(INDEX('Master Data'!$M$2:$M$2436,MATCH($B$3&"|1|"&F$14&"|"&$A24,'Master Data'!$A$2:$A$2436,0)),"") -> Kids 4/4 coach: Surya | G24: =IFERROR(INDEX('Master Data'!$M$2:$M$2436,MATCH($B$3&"|1|"&G$14&"|"&$A24,'Master Data'!$A$2:$A$2436,0)),"") -> Little 4/4 coach: Daffa | H24: =IFERROR(INDEX('Master Data'!$M$2:$M$2436,MATCH($B$3&"|1|"&H$14&"|"&$A24,'Master Data'!$A$2:$A$2436,0)),"") -> Kids 2/4 coach: Zidane | T24: =IFERROR(INDEX('Master Data'!$L$2:$L$2436,MATCH($B$3&"|1|"&B$14&"|"&$A24,'Master Data'!$A$2:$A$2436,0)),"") -> Tidak dibuka | U24: =IFERROR(INDEX('Master Data'!$L$2:$L$2436,MATCH($B$3&"|1|"&C$14&"|"&$A24,'Master Data'!$A$2:$A$2436,0)),"") -> Tidak dibuka | V24: =IFERROR(INDEX('Master Data'!$L$2:$L$2436,MATCH($B$3&"|1|"&D$14&"|"&$A24,'Master Data'!$A$2:$A$2436,0)),"") -> Lebih kapasitas | W24: =IFERROR(INDEX('Master Data'!$L$2:$L$2436,MATCH($B$3&"|1|"&E$14&"|"&$A24,'Master Data'!$A$2:$A$2436,0)),"") -> Lebih kapasitas | X24: =IFERROR(INDEX('Master Data'!$L$2:$L$2436,MATCH($B$3&"|1|"&F$14&"|"&$A24,'Master Data'!$A$2:$A$2436,0)),"") -> Penuh | Y24: =IFERROR(INDEX('Master Data'!$L$2:$L$2436,MATCH($B$3&"|1|"&G$14&"|"&$A24,'Master Data'!$A$2:$A$2436,0)),"") -> Penuh | Z24: =IFERROR(INDEX('Master Data'!$L$2:$L$2436,MATCH($B$3&"|1|"&H$14&"|"&$A24,'Master Data'!$A$2:$A$2436,0)),"") -> Sebagian
A25: 16:30 | B25: =IFERROR(INDEX('Master Data'!$M$2:$M$2436,MATCH($B$3&"|1|"&B$14&"|"&$A25,'Master Data'!$A$2:$A$2436,0)),"") -> Kids 3/5 coach: Gita | C25: =IFERROR(INDEX('Master Data'!$M$2:$M$2436,MATCH($B$3&"|1|"&C$14&"|"&$A25,'Master Data'!$A$2:$A$2436,0)),"") -> (tanpa age group) 0/5 coach: – | D25: =IFERROR(INDEX('Master Data'!$M$2:$M$2436,MATCH($B$3&"|1|"&D$14&"|"&$A25,'Master Data'!$A$2:$A$2436,0)),"") -> (tanpa age group) 0/5 coach: – | E25: =IFERROR(INDEX('Master Data'!$M$2:$M$2436,MATCH($B$3&"|1|"&E$14&"|"&$A25,'Master Data'!$A$2:$A$2436,0)),"") -> Kids 4/4 coach: Tessa | F25: =IFERROR(INDEX('Master Data'!$M$2:$M$2436,MATCH($B$3&"|1|"&F$14&"|"&$A25,'Master Data'!$A$2:$A$2436,0)),"") -> Little 3/4 coach: Tessa | G25: =IFERROR(INDEX('Master Data'!$M$2:$M$2436,MATCH($B$3&"|1|"&G$14&"|"&$A25,'Master Data'!$A$2:$A$2436,0)),"") -> Baby 4/5 coach: Danti | H25: =IFERROR(INDEX('Master Data'!$M$2:$M$2436,MATCH($B$3&"|1|"&H$14&"|"&$A25,'Master Data'!$A$2:$A$2436,0)),"") -> Little 1/4 coach: Dian | T25: =IFERROR(INDEX('Master Data'!$L$2:$L$2436,MATCH($B$3&"|1|"&B$14&"|"&$A25,'Master Data'!$A$2:$A$2436,0)),"") -> Sebagian | U25: =IFERROR(INDEX('Master Data'!$L$2:$L$2436,MATCH($B$3&"|1|"&C$14&"|"&$A25,'Master Data'!$A$2:$A$2436,0)),"") -> Slot kosong | V25: =IFERROR(INDEX('Master Data'!$L$2:$L$2436,MATCH($B$3&"|1|"&D$14&"|"&$A25,'Master Data'!$A$2:$A$2436,0)),"") -> Slot kosong | W25: =IFERROR(INDEX('Master Data'!$L$2:$L$2436,MATCH($B$3&"|1|"&E$14&"|"&$A25,'Master Data'!$A$2:$A$2436,0)),"") -> Penuh | X25: =IFERROR(INDEX('Master Data'!$L$2:$L$2436,MATCH($B$3&"|1|"&F$14&"|"&$A25,'Master Data'!$A$2:$A$2436,0)),"") -> Sebagian | Y25: =IFERROR(INDEX('Master Data'!$L$2:$L$2436,MATCH($B$3&"|1|"&G$14&"|"&$A25,'Master Data'!$A$2:$A$2436,0)),"") -> Sebagian | Z25: =IFERROR(INDEX('Master Data'!$L$2:$L$2436,MATCH($B$3&"|1|"&H$14&"|"&$A25,'Master Data'!$A$2:$A$2436,0)),"") -> Sebagian
A26: 17:15 | B26: =IFERROR(INDEX('Master Data'!$M$2:$M$2436,MATCH($B$3&"|1|"&B$14&"|"&$A26,'Master Data'!$A$2:$A$2436,0)),"") -> Baby 2/5 coach: Rischa | C26: =IFERROR(INDEX('Master Data'!$M$2:$M$2436,MATCH($B$3&"|1|"&C$14&"|"&$A26,'Master Data'!$A$2:$A$2436,0)),"") -> Baby 4/5 coach: Danti | D26: =IFERROR(INDEX('Master Data'!$M$2:$M$2436,MATCH($B$3&"|1|"&D$14&"|"&$A26,'Master Data'!$A$2:$A$2436,0)),"") -> (tanpa age group) 0/5 coach: – | E26: =IFERROR(INDEX('Master Data'!$M$2:$M$2436,MATCH($B$3&"|1|"&E$14&"|"&$A26,'Master Data'!$A$2:$A$2436,0)),"") -> (tanpa age group) 0/5 coach: – | F26: =IFERROR(INDEX('Master Data'!$M$2:$M$2436,MATCH($B$3&"|1|"&F$14&"|"&$A26,'Master Data'!$A$2:$A$2436,0)),"") -> Baby 5/5 coach: Nuky | G26: =IFERROR(INDEX('Master Data'!$M$2:$M$2436,MATCH($B$3&"|1|"&G$14&"|"&$A26,'Master Data'!$A$2:$A$2436,0)),"") -> (tanpa age group) 0/5 coach: – | H26: =IFERROR(INDEX('Master Data'!$M$2:$M$2436,MATCH($B$3&"|1|"&H$14&"|"&$A26,'Master Data'!$A$2:$A$2436,0)),"") -> (tanpa age group) 0/5 coach: – | T26: =IFERROR(INDEX('Master Data'!$L$2:$L$2436,MATCH($B$3&"|1|"&B$14&"|"&$A26,'Master Data'!$A$2:$A$2436,0)),"") -> Sebagian | U26: =IFERROR(INDEX('Master Data'!$L$2:$L$2436,MATCH($B$3&"|1|"&C$14&"|"&$A26,'Master Data'!$A$2:$A$2436,0)),"") -> Sebagian | V26: =IFERROR(INDEX('Master Data'!$L$2:$L$2436,MATCH($B$3&"|1|"&D$14&"|"&$A26,'Master Data'!$A$2:$A$2436,0)),"") -> Slot kosong | W26: =IFERROR(INDEX('Master Data'!$L$2:$L$2436,MATCH($B$3&"|1|"&E$14&"|"&$A26,'Master Data'!$A$2:$A$2436,0)),"") -> Slot kosong | X26: =IFERROR(INDEX('Master Data'!$L$2:$L$2436,MATCH($B$3&"|1|"&F$14&"|"&$A26,'Master Data'!$A$2:$A$2436,0)),"") -> Penuh | Y26: =IFERROR(INDEX('Master Data'!$L$2:$L$2436,MATCH($B$3&"|1|"&G$14&"|"&$A26,'Master Data'!$A$2:$A$2436,0)),"") -> Slot kosong | Z26: =IFERROR(INDEX('Master Data'!$L$2:$L$2436,MATCH($B$3&"|1|"&H$14&"|"&$A26,'Master Data'!$A$2:$A$2436,0)),"") -> Slot kosong
A28: LANE 2 | C28: ="Utilisasi lane: "&IFERROR(TEXT(SUMIFS('Master Data'!$H$2:$H$2436,'Master Data'!$B$2:$B$2436,$B$3,'Master Data'!$C$2:$C$2436,2,'Master Data'!$G$2:$G$2436,">0")/SUMIFS('Master Data'!$G$2:$G$2436,'Master Data'!$B$2:$B$2436,$B$3,'Master Data'!$C$2:$C$2436,2,'Master Data'!$G$2:$G$2436,">0"),"0%"),"–")&" · Belum terisi: "&COUNTIFS('Master Data'!$B$2:$B$2436,$B$3,'Master Data'!$C$2:$C$2436,2,'Master Data'!$L$2:$L$2436,"Belum terisi")&" · Slot kosong: "&COUNTIFS('Master Data'!$B$2:$B$2436,$B$3,'Master Data'!$C$2:$C$2436,2,'Master Data'!$L$2:$L$2436,"Slot kosong") -> Utilisasi lane: 48% · Belum terisi: 24 · Slot kosong: 0
A29: Jam | B29: Senin | C29: Selasa | D29: Rabu | E29: Kamis | F29: Jumat | G29: Sabtu | H29: Minggu
A30: 08:15 | B30: =IFERROR(INDEX('Master Data'!$M$2:$M$2436,MATCH($B$3&"|2|"&B$29&"|"&$A30,'Master Data'!$A$2:$A$2436,0)),"") -> Tiny 0/0 coach: – | C30: =IFERROR(INDEX('Master Data'!$M$2:$M$2436,MATCH($B$3&"|2|"&C$29&"|"&$A30,'Master Data'!$A$2:$A$2436,0)),"") -> Tiny 0/0 coach: – | D30: =IFERROR(INDEX('Master Data'!$M$2:$M$2436,MATCH($B$3&"|2|"&D$29&"|"&$A30,'Master Data'!$A$2:$A$2436,0)),"") -> Tiny 0/0 coach: – | E30: =IFERROR(INDEX('Master Data'!$M$2:$M$2436,MATCH($B$3&"|2|"&E$29&"|"&$A30,'Master Data'!$A$2:$A$2436,0)),"") -> Tiny 0/0 coach: – | F30: =IFERROR(INDEX('Master Data'!$M$2:$M$2436,MATCH($B$3&"|2|"&F$29&"|"&$A30,'Master Data'!$A$2:$A$2436,0)),"") -> Tiny 0/0 coach: – | G30: =IFERROR(INDEX('Master Data'!$M$2:$M$2436,MATCH($B$3&"|2|"&G$29&"|"&$A30,'Master Data'!$A$2:$A$2436,0)),"") -> Tiny 0/0 coach: – | H30: =IFERROR(INDEX('Master Data'!$M$2:$M$2436,MATCH($B$3&"|2|"&H$29&"|"&$A30,'Master Data'!$A$2:$A$2436,0)),"") -> Tiny 0/0 coach: – | T30: =IFERROR(INDEX('Master Data'!$L$2:$L$2436,MATCH($B$3&"|2|"&B$29&"|"&$A30,'Master Data'!$A$2:$A$2436,0)),"") -> Tutup | U30: =IFERROR(INDEX('Master Data'!$L$2:$L$2436,MATCH($B$3&"|2|"&C$29&"|"&$A30,'Master Data'!$A$2:$A$2436,0)),"") -> Tutup | V30: =IFERROR(INDEX('Master Data'!$L$2:$L$2436,MATCH($B$3&"|2|"&D$29&"|"&$A30,'Master Data'!$A$2:$A$2436,0)),"") -> Tutup | W30: =IFERROR(INDEX('Master Data'!$L$2:$L$2436,MATCH($B$3&"|2|"&E$29&"|"&$A30,'Master Data'!$A$2:$A$2436,0)),"") -> Tutup | X30: =IFERROR(INDEX('Master Data'!$L$2:$L$2436,MATCH($B$3&"|2|"&F$29&"|"&$A30,'Master Data'!$A$2:$A$2436,0)),"") -> Tutup | Y30: =IFERROR(INDEX('Master Data'!$L$2:$L$2436,MATCH($B$3&"|2|"&G$29&"|"&$A30,'Master Data'!$A$2:$A$2436,0)),"") -> Tutup | Z30: =IFERROR(INDEX('Master Data'!$L$2:$L$2436,MATCH($B$3&"|2|"&H$29&"|"&$A30,'Master Data'!$A$2:$A$2436,0)),"") -> Tutup
A31: 09:00 | B31: =IFERROR(INDEX('Master Data'!$M$2:$M$2436,MATCH($B$3&"|2|"&B$29&"|"&$A31,'Master Data'!$A$2:$A$2436,0)),"") -> Tiny 3/5 coach: Zidane | C31: =IFERROR(INDEX('Master Data'!$M$2:$M$2436,MATCH($B$3&"|2|"&C$29&"|"&$A31,'Master Data'!$A$2:$A$2436,0)),"") -> Tiny 5/5 coach: Zidane | D31: =IFERROR(INDEX('Master Data'!$M$2:$M$2436,MATCH($B$3&"|2|"&D$29&"|"&$A31,'Master Data'!$A$2:$A$2436,0)),"") -> Tiny 4/5 coach: Eka | E31: =IFERROR(INDEX('Master Data'!$M$2:$M$2436,MATCH($B$3&"|2|"&E$29&"|"&$A31,'Master Data'!$A$2:$A$2436,0)),"") -> Tiny 0/5 coach: – | F31: =IFERROR(INDEX('Master Data'!$M$2:$M$2436,MATCH($B$3&"|2|"&F$29&"|"&$A31,'Master Data'!$A$2:$A$2436,0)),"") -> Tiny 2/5 coach: Gita | G31: =IFERROR(INDEX('Master Data'!$M$2:$M$2436,MATCH($B$3&"|2|"&G$29&"|"&$A31,'Master Data'!$A$2:$A$2436,0)),"") -> Tiny 5/5 coach: Rischa | H31: =IFERROR(INDEX('Master Data'!$M$2:$M$2436,MATCH($B$3&"|2|"&H$29&"|"&$A31,'Master Data'!$A$2:$A$2436,0)),"") -> Tiny 5/5 coach: Danti | T31: =IFERROR(INDEX('Master Data'!$L$2:$L$2436,MATCH($B$3&"|2|"&B$29&"|"&$A31,'Master Data'!$A$2:$A$2436,0)),"") -> Sebagian | U31: =IFERROR(INDEX('Master Data'!$L$2:$L$2436,MATCH($B$3&"|2|"&C$29&"|"&$A31,'Master Data'!$A$2:$A$2436,0)),"") -> Penuh | V31: =IFERROR(INDEX('Master Data'!$L$2:$L$2436,MATCH($B$3&"|2|"&D$29&"|"&$A31,'Master Data'!$A$2:$A$2436,0)),"") -> Sebagian | W31: =IFERROR(INDEX('Master Data'!$L$2:$L$2436,MATCH($B$3&"|2|"&E$29&"|"&$A31,'Master Data'!$A$2:$A$2436,0)),"") -> Belum terisi | X31: =IFERROR(INDEX('Master Data'!$L$2:$L$2436,MATCH($B$3&"|2|"&F$29&"|"&$A31,'Master Data'!$A$2:$A$2436,0)),"") -> Sebagian | Y31: =IFERROR(INDEX('Master Data'!$L$2:$L$2436,MATCH($B$3&"|2|"&G$29&"|"&$A31,'Master Data'!$A$2:$A$2436,0)),"") -> Penuh | Z31: =IFERROR(INDEX('Master Data'!$L$2:$L$2436,MATCH($B$3&"|2|"&H$29&"|"&$A31,'Master Data'!$A$2:$A$2436,0)),"") -> Penuh
A32: 09:45 | B32: =IFERROR(INDEX('Master Data'!$M$2:$M$2436,MATCH($B$3&"|2|"&B$29&"|"&$A32,'Master Data'!$A$2:$A$2436,0)),"") -> Tiny 3/5 coach: Zidane | C32: =IFERROR(INDEX('Master Data'!$M$2:$M$2436,MATCH($B$3&"|2|"&C$29&"|"&$A32,'Master Data'!$A$2:$A$2436,0)),"") -> Tiny 4/5 coach: Rischa | D32: =IFERROR(INDEX('Master Data'!$M$2:$M$2436,MATCH($B$3&"|2|"&D$29&"|"&$A32,'Master Data'!$A$2:$A$2436,0)),"") -> Tiny 4/5 coach: Surya | E32: =IFERROR(INDEX('Master Data'!$M$2:$M$2436,MATCH($B$3&"|2|"&E$29&"|"&$A32,'Master Data'!$A$2:$A$2436,0)),"") -> Tiny 4/5 coach: Eka | F32: =IFERROR(INDEX('Master Data'!$M$2:$M$2436,MATCH($B$3&"|2|"&F$29&"|"&$A32,'Master Data'!$A$2:$A$2436,0)),"") -> Tiny 5/5 coach: Surya | G32: =IFERROR(INDEX('Master Data'!$M$2:$M$2436,MATCH($B$3&"|2|"&G$29&"|"&$A32,'Master Data'!$A$2:$A$2436,0)),"") -> Tiny 5/5 coach: Eka | H32: =IFERROR(INDEX('Master Data'!$M$2:$M$2436,MATCH($B$3&"|2|"&H$29&"|"&$A32,'Master Data'!$A$2:$A$2436,0)),"") -> Tiny 4/5 coach: Rischa | T32: =IFERROR(INDEX('Master Data'!$L$2:$L$2436,MATCH($B$3&"|2|"&B$29&"|"&$A32,'Master Data'!$A$2:$A$2436,0)),"") -> Sebagian | U32: =IFERROR(INDEX('Master Data'!$L$2:$L$2436,MATCH($B$3&"|2|"&C$29&"|"&$A32,'Master Data'!$A$2:$A$2436,0)),"") -> Sebagian | V32: =IFERROR(INDEX('Master Data'!$L$2:$L$2436,MATCH($B$3&"|2|"&D$29&"|"&$A32,'Master Data'!$A$2:$A$2436,0)),"") -> Sebagian | W32: =IFERROR(INDEX('Master Data'!$L$2:$L$2436,MATCH($B$3&"|2|"&E$29&"|"&$A32,'Master Data'!$A$2:$A$2436,0)),"") -> Sebagian | X32: =IFERROR(INDEX('Master Data'!$L$2:$L$2436,MATCH($B$3&"|2|"&F$29&"|"&$A32,'Master Data'!$A$2:$A$2436,0)),"") -> Penuh | Y32: =IFERROR(INDEX('Master Data'!$L$2:$L$2436,MATCH($B$3&"|2|"&G$29&"|"&$A32,'Master Data'!$A$2:$A$2436,0)),"") -> Penuh | Z32: =IFERROR(INDEX('Master Data'!$L$2:$L$2436,MATCH($B$3&"|2|"&H$29&"|"&$A32,'Master Data'!$A$2:$A$2436,0)),"") -> Sebagian
A33: 10:30 | B33: =IFERROR(INDEX('Master Data'!$M$2:$M$2436,MATCH($B$3&"|2|"&B$29&"|"&$A33,'Master Data'!$A$2:$A$2436,0)),"") -> Tiny 0/5 coach: – | C33: =IFERROR(INDEX('Master Data'!$M$2:$M$2436,MATCH($B$3&"|2|"&C$29&"|"&$A33,'Master Data'!$A$2:$A$2436,0)),"") -> Tiny 3/5 coach: Rischa | D33: =IFERROR(INDEX('Master Data'!$M$2:$M$2436,MATCH($B$3&"|2|"&D$29&"|"&$A33,'Master Data'!$A$2:$A$2436,0)),"") -> Tiny 5/5 coach: Surya | E33: =IFERROR(INDEX('Master Data'!$M$2:$M$2436,MATCH($B$3&"|2|"&E$29&"|"&$A33,'Master Data'!$A$2:$A$2436,0)),"") -> Tiny 0/5 coach: – | F33: =IFERROR(INDEX('Master Data'!$M$2:$M$2436,MATCH($B$3&"|2|"&F$29&"|"&$A33,'Master Data'!$A$2:$A$2436,0)),"") -> Tiny 0/5 coach: – | G33: =IFERROR(INDEX('Master Data'!$M$2:$M$2436,MATCH($B$3&"|2|"&G$29&"|"&$A33,'Master Data'!$A$2:$A$2436,0)),"") -> Tiny 5/5 coach: Eka | H33: =IFERROR(INDEX('Master Data'!$M$2:$M$2436,MATCH($B$3&"|2|"&H$29&"|"&$A33,'Master Data'!$A$2:$A$2436,0)),"") -> Tiny 5/5 coach: Danti | T33: =IFERROR(INDEX('Master Data'!$L$2:$L$2436,MATCH($B$3&"|2|"&B$29&"|"&$A33,'Master Data'!$A$2:$A$2436,0)),"") -> Belum terisi | U33: =IFERROR(INDEX('Master Data'!$L$2:$L$2436,MATCH($B$3&"|2|"&C$29&"|"&$A33,'Master Data'!$A$2:$A$2436,0)),"") -> Sebagian | V33: =IFERROR(INDEX('Master Data'!$L$2:$L$2436,MATCH($B$3&"|2|"&D$29&"|"&$A33,'Master Data'!$A$2:$A$2436,0)),"") -> Penuh | W33: =IFERROR(INDEX('Master Data'!$L$2:$L$2436,MATCH($B$3&"|2|"&E$29&"|"&$A33,'Master Data'!$A$2:$A$2436,0)),"") -> Belum terisi | X33: =IFERROR(INDEX('Master Data'!$L$2:$L$2436,MATCH($B$3&"|2|"&F$29&"|"&$A33,'Master Data'!$A$2:$A$2436,0)),"") -> Belum terisi | Y33: =IFERROR(INDEX('Master Data'!$L$2:$L$2436,MATCH($B$3&"|2|"&G$29&"|"&$A33,'Master Data'!$A$2:$A$2436,0)),"") -> Penuh | Z33: =IFERROR(INDEX('Master Data'!$L$2:$L$2436,MATCH($B$3&"|2|"&H$29&"|"&$A33,'Master Data'!$A$2:$A$2436,0)),"") -> Penuh
A34: 11:15 | B34: =IFERROR(INDEX('Master Data'!$M$2:$M$2436,MATCH($B$3&"|2|"&B$29&"|"&$A34,'Master Data'!$A$2:$A$2436,0)),"") -> Tiny 0/5 coach: – | C34: =IFERROR(INDEX('Master Data'!$M$2:$M$2436,MATCH($B$3&"|2|"&C$29&"|"&$A34,'Master Data'!$A$2:$A$2436,0)),"") -> Tiny 0/5 coach: – | D34: =IFERROR(INDEX('Master Data'!$M$2:$M$2436,MATCH($B$3&"|2|"&D$29&"|"&$A34,'Master Data'!$A$2:$A$2436,0)),"") -> Tiny 0/5 coach: – | E34: =IFERROR(INDEX('Master Data'!$M$2:$M$2436,MATCH($B$3&"|2|"&E$29&"|"&$A34,'Master Data'!$A$2:$A$2436,0)),"") -> Tiny 0/5 coach: – | F34: =IFERROR(INDEX('Master Data'!$M$2:$M$2436,MATCH($B$3&"|2|"&F$29&"|"&$A34,'Master Data'!$A$2:$A$2436,0)),"") -> Tiny 0/5 coach: – | G34: =IFERROR(INDEX('Master Data'!$M$2:$M$2436,MATCH($B$3&"|2|"&G$29&"|"&$A34,'Master Data'!$A$2:$A$2436,0)),"") -> Tiny 4/5 coach: Nuky | H34: =IFERROR(INDEX('Master Data'!$M$2:$M$2436,MATCH($B$3&"|2|"&H$29&"|"&$A34,'Master Data'!$A$2:$A$2436,0)),"") -> Tiny 5/5 coach: Surya | T34: =IFERROR(INDEX('Master Data'!$L$2:$L$2436,MATCH($B$3&"|2|"&B$29&"|"&$A34,'Master Data'!$A$2:$A$2436,0)),"") -> Belum terisi | U34: =IFERROR(INDEX('Master Data'!$L$2:$L$2436,MATCH($B$3&"|2|"&C$29&"|"&$A34,'Master Data'!$A$2:$A$2436,0)),"") -> Belum terisi | V34: =IFERROR(INDEX('Master Data'!$L$2:$L$2436,MATCH($B$3&"|2|"&D$29&"|"&$A34,'Master Data'!$A$2:$A$2436,0)),"") -> Belum terisi | W34: =IFERROR(INDEX('Master Data'!$L$2:$L$2436,MATCH($B$3&"|2|"&E$29&"|"&$A34,'Master Data'!$A$2:$A$2436,0)),"") -> Belum terisi | X34: =IFERROR(INDEX('Master Data'!$L$2:$L$2436,MATCH($B$3&"|2|"&F$29&"|"&$A34,'Master Data'!$A$2:$A$2436,0)),"") -> Belum terisi | Y34: =IFERROR(INDEX('Master Data'!$L$2:$L$2436,MATCH($B$3&"|2|"&G$29&"|"&$A34,'Master Data'!$A$2:$A$2436,0)),"") -> Sebagian | Z34: =IFERROR(INDEX('Master Data'!$L$2:$L$2436,MATCH($B$3&"|2|"&H$29&"|"&$A34,'Master Data'!$A$2:$A$2436,0)),"") -> Penuh
A35: 12:00 | B35: =IFERROR(INDEX('Master Data'!$M$2:$M$2436,MATCH($B$3&"|2|"&B$29&"|"&$A35,'Master Data'!$A$2:$A$2436,0)),"") -> Tiny 0/0 coach: – | C35: =IFERROR(INDEX('Master Data'!$M$2:$M$2436,MATCH($B$3&"|2|"&C$29&"|"&$A35,'Master Data'!$A$2:$A$2436,0)),"") -> Tiny 0/0 coach: – | D35: =IFERROR(INDEX('Master Data'!$M$2:$M$2436,MATCH($B$3&"|2|"&D$29&"|"&$A35,'Master Data'!$A$2:$A$2436,0)),"") -> Tiny 0/0 coach: – | E35: =IFERROR(INDEX('Master Data'!$M$2:$M$2436,MATCH($B$3&"|2|"&E$29&"|"&$A35,'Master Data'!$A$2:$A$2436,0)),"") -> Tiny 0/0 coach: – | F35: =IFERROR(INDEX('Master Data'!$M$2:$M$2436,MATCH($B$3&"|2|"&F$29&"|"&$A35,'Master Data'!$A$2:$A$2436,0)),"") -> Tiny 0/0 coach: – | G35: =IFERROR(INDEX('Master Data'!$M$2:$M$2436,MATCH($B$3&"|2|"&G$29&"|"&$A35,'Master Data'!$A$2:$A$2436,0)),"") -> Kids 4/4 coach: Tessa | H35: =IFERROR(INDEX('Master Data'!$M$2:$M$2436,MATCH($B$3&"|2|"&H$29&"|"&$A35,'Master Data'!$A$2:$A$2436,0)),"") -> Tiny 2/5 coach: Tessa | T35: =IFERROR(INDEX('Master Data'!$L$2:$L$2436,MATCH($B$3&"|2|"&B$29&"|"&$A35,'Master Data'!$A$2:$A$2436,0)),"") -> Tutup | U35: =IFERROR(INDEX('Master Data'!$L$2:$L$2436,MATCH($B$3&"|2|"&C$29&"|"&$A35,'Master Data'!$A$2:$A$2436,0)),"") -> Tutup | V35: =IFERROR(INDEX('Master Data'!$L$2:$L$2436,MATCH($B$3&"|2|"&D$29&"|"&$A35,'Master Data'!$A$2:$A$2436,0)),"") -> Tutup | W35: =IFERROR(INDEX('Master Data'!$L$2:$L$2436,MATCH($B$3&"|2|"&E$29&"|"&$A35,'Master Data'!$A$2:$A$2436,0)),"") -> Tutup | X35: =IFERROR(INDEX('Master Data'!$L$2:$L$2436,MATCH($B$3&"|2|"&F$29&"|"&$A35,'Master Data'!$A$2:$A$2436,0)),"") -> Tutup | Y35: =IFERROR(INDEX('Master Data'!$L$2:$L$2436,MATCH($B$3&"|2|"&G$29&"|"&$A35,'Master Data'!$A$2:$A$2436,0)),"") -> Penuh | Z35: =IFERROR(INDEX('Master Data'!$L$2:$L$2436,MATCH($B$3&"|2|"&H$29&"|"&$A35,'Master Data'!$A$2:$A$2436,0)),"") -> Sebagian
A36: 13:30 | B36: =IFERROR(INDEX('Master Data'!$M$2:$M$2436,MATCH($B$3&"|2|"&B$29&"|"&$A36,'Master Data'!$A$2:$A$2436,0)),"") -> Tiny 0/5 coach: – | C36: =IFERROR(INDEX('Master Data'!$M$2:$M$2436,MATCH($B$3&"|2|"&C$29&"|"&$A36,'Master Data'!$A$2:$A$2436,0)),"") -> Tiny 0/5 coach: – | D36: =IFERROR(INDEX('Master Data'!$M$2:$M$2436,MATCH($B$3&"|2|"&D$29&"|"&$A36,'Master Data'!$A$2:$A$2436,0)),"") -> Tiny 0/5 coach: – | E36: =IFERROR(INDEX('Master Data'!$M$2:$M$2436,MATCH($B$3&"|2|"&E$29&"|"&$A36,'Master Data'!$A$2:$A$2436,0)),"") -> Tiny 0/5 coach: – | F36: =IFERROR(INDEX('Master Data'!$M$2:$M$2436,MATCH($B$3&"|2|"&F$29&"|"&$A36,'Master Data'!$A$2:$A$2436,0)),"") -> Tiny 0/5 coach: – | G36: =IFERROR(INDEX('Master Data'!$M$2:$M$2436,MATCH($B$3&"|2|"&G$29&"|"&$A36,'Master Data'!$A$2:$A$2436,0)),"") -> Tiny 3/5 coach: Zidane | H36: =IFERROR(INDEX('Master Data'!$M$2:$M$2436,MATCH($B$3&"|2|"&H$29&"|"&$A36,'Master Data'!$A$2:$A$2436,0)),"") -> Tiny 4/5 coach: Surya | T36: =IFERROR(INDEX('Master Data'!$L$2:$L$2436,MATCH($B$3&"|2|"&B$29&"|"&$A36,'Master Data'!$A$2:$A$2436,0)),"") -> Belum terisi | U36: =IFERROR(INDEX('Master Data'!$L$2:$L$2436,MATCH($B$3&"|2|"&C$29&"|"&$A36,'Master Data'!$A$2:$A$2436,0)),"") -> Belum terisi | V36: =IFERROR(INDEX('Master Data'!$L$2:$L$2436,MATCH($B$3&"|2|"&D$29&"|"&$A36,'Master Data'!$A$2:$A$2436,0)),"") -> Belum terisi | W36: =IFERROR(INDEX('Master Data'!$L$2:$L$2436,MATCH($B$3&"|2|"&E$29&"|"&$A36,'Master Data'!$A$2:$A$2436,0)),"") -> Belum terisi | X36: =IFERROR(INDEX('Master Data'!$L$2:$L$2436,MATCH($B$3&"|2|"&F$29&"|"&$A36,'Master Data'!$A$2:$A$2436,0)),"") -> Belum terisi | Y36: =IFERROR(INDEX('Master Data'!$L$2:$L$2436,MATCH($B$3&"|2|"&G$29&"|"&$A36,'Master Data'!$A$2:$A$2436,0)),"") -> Sebagian | Z36: =IFERROR(INDEX('Master Data'!$L$2:$L$2436,MATCH($B$3&"|2|"&H$29&"|"&$A36,'Master Data'!$A$2:$A$2436,0)),"") -> Sebagian
A37: 14:15 | B37: =IFERROR(INDEX('Master Data'!$M$2:$M$2436,MATCH($B$3&"|2|"&B$29&"|"&$A37,'Master Data'!$A$2:$A$2436,0)),"") -> Tiny 1/5 coach: Rischa | C37: =IFERROR(INDEX('Master Data'!$M$2:$M$2436,MATCH($B$3&"|2|"&C$29&"|"&$A37,'Master Data'!$A$2:$A$2436,0)),"") -> Tiny 2/5 coach: Rischa | D37: =IFERROR(INDEX('Master Data'!$M$2:$M$2436,MATCH($B$3&"|2|"&D$29&"|"&$A37,'Master Data'!$A$2:$A$2436,0)),"") -> Tiny 0/5 coach: – | E37: =IFERROR(INDEX('Master Data'!$M$2:$M$2436,MATCH($B$3&"|2|"&E$29&"|"&$A37,'Master Data'!$A$2:$A$2436,0)),"") -> Tiny 0/5 coach: – | F37: =IFERROR(INDEX('Master Data'!$M$2:$M$2436,MATCH($B$3&"|2|"&F$29&"|"&$A37,'Master Data'!$A$2:$A$2436,0)),"") -> Tiny 3/5 coach: Surya | G37: =IFERROR(INDEX('Master Data'!$M$2:$M$2436,MATCH($B$3&"|2|"&G$29&"|"&$A37,'Master Data'!$A$2:$A$2436,0)),"") -> Tiny 5/5 coach: Rischa | H37: =IFERROR(INDEX('Master Data'!$M$2:$M$2436,MATCH($B$3&"|2|"&H$29&"|"&$A37,'Master Data'!$A$2:$A$2436,0)),"") -> Kids 1/4 coach: Tessa | T37: =IFERROR(INDEX('Master Data'!$L$2:$L$2436,MATCH($B$3&"|2|"&B$29&"|"&$A37,'Master Data'!$A$2:$A$2436,0)),"") -> Sebagian | U37: =IFERROR(INDEX('Master Data'!$L$2:$L$2436,MATCH($B$3&"|2|"&C$29&"|"&$A37,'Master Data'!$A$2:$A$2436,0)),"") -> Sebagian | V37: =IFERROR(INDEX('Master Data'!$L$2:$L$2436,MATCH($B$3&"|2|"&D$29&"|"&$A37,'Master Data'!$A$2:$A$2436,0)),"") -> Belum terisi | W37: =IFERROR(INDEX('Master Data'!$L$2:$L$2436,MATCH($B$3&"|2|"&E$29&"|"&$A37,'Master Data'!$A$2:$A$2436,0)),"") -> Belum terisi | X37: =IFERROR(INDEX('Master Data'!$L$2:$L$2436,MATCH($B$3&"|2|"&F$29&"|"&$A37,'Master Data'!$A$2:$A$2436,0)),"") -> Sebagian | Y37: =IFERROR(INDEX('Master Data'!$L$2:$L$2436,MATCH($B$3&"|2|"&G$29&"|"&$A37,'Master Data'!$A$2:$A$2436,0)),"") -> Penuh | Z37: =IFERROR(INDEX('Master Data'!$L$2:$L$2436,MATCH($B$3&"|2|"&H$29&"|"&$A37,'Master Data'!$A$2:$A$2436,0)),"") -> Sebagian
A38: 15:00 | B38: =IFERROR(INDEX('Master Data'!$M$2:$M$2436,MATCH($B$3&"|2|"&B$29&"|"&$A38,'Master Data'!$A$2:$A$2436,0)),"") -> Tiny 0/0 coach: – | C38: =IFERROR(INDEX('Master Data'!$M$2:$M$2436,MATCH($B$3&"|2|"&C$29&"|"&$A38,'Master Data'!$A$2:$A$2436,0)),"") -> Tiny 0/0 coach: – | D38: =IFERROR(INDEX('Master Data'!$M$2:$M$2436,MATCH($B$3&"|2|"&D$29&"|"&$A38,'Master Data'!$A$2:$A$2436,0)),"") -> Tiny 0/0 coach: – | E38: =IFERROR(INDEX('Master Data'!$M$2:$M$2436,MATCH($B$3&"|2|"&E$29&"|"&$A38,'Master Data'!$A$2:$A$2436,0)),"") -> Tiny 0/0 coach: – | F38: =IFERROR(INDEX('Master Data'!$M$2:$M$2436,MATCH($B$3&"|2|"&F$29&"|"&$A38,'Master Data'!$A$2:$A$2436,0)),"") -> Tiny 0/0 coach: – | G38: =IFERROR(INDEX('Master Data'!$M$2:$M$2436,MATCH($B$3&"|2|"&G$29&"|"&$A38,'Master Data'!$A$2:$A$2436,0)),"") -> Tiny 5/5 coach: Nuky | H38: =IFERROR(INDEX('Master Data'!$M$2:$M$2436,MATCH($B$3&"|2|"&H$29&"|"&$A38,'Master Data'!$A$2:$A$2436,0)),"") -> Tiny 3/5 coach: Nuky | T38: =IFERROR(INDEX('Master Data'!$L$2:$L$2436,MATCH($B$3&"|2|"&B$29&"|"&$A38,'Master Data'!$A$2:$A$2436,0)),"") -> Tutup | U38: =IFERROR(INDEX('Master Data'!$L$2:$L$2436,MATCH($B$3&"|2|"&C$29&"|"&$A38,'Master Data'!$A$2:$A$2436,0)),"") -> Tutup | V38: =IFERROR(INDEX('Master Data'!$L$2:$L$2436,MATCH($B$3&"|2|"&D$29&"|"&$A38,'Master Data'!$A$2:$A$2436,0)),"") -> Tutup | W38: =IFERROR(INDEX('Master Data'!$L$2:$L$2436,MATCH($B$3&"|2|"&E$29&"|"&$A38,'Master Data'!$A$2:$A$2436,0)),"") -> Tutup | X38: =IFERROR(INDEX('Master Data'!$L$2:$L$2436,MATCH($B$3&"|2|"&F$29&"|"&$A38,'Master Data'!$A$2:$A$2436,0)),"") -> Tutup | Y38: =IFERROR(INDEX('Master Data'!$L$2:$L$2436,MATCH($B$3&"|2|"&G$29&"|"&$A38,'Master Data'!$A$2:$A$2436,0)),"") -> Penuh | Z38: =IFERROR(INDEX('Master Data'!$L$2:$L$2436,MATCH($B$3&"|2|"&H$29&"|"&$A38,'Master Data'!$A$2:$A$2436,0)),"") -> Sebagian
A39: 15:45 | B39: =IFERROR(INDEX('Master Data'!$M$2:$M$2436,MATCH($B$3&"|2|"&B$29&"|"&$A39,'Master Data'!$A$2:$A$2436,0)),"") -> Tiny 0/0 coach: – | C39: =IFERROR(INDEX('Master Data'!$M$2:$M$2436,MATCH($B$3&"|2|"&C$29&"|"&$A39,'Master Data'!$A$2:$A$2436,0)),"") -> Kids 4/0 coach: Dian | D39: =IFERROR(INDEX('Master Data'!$M$2:$M$2436,MATCH($B$3&"|2|"&D$29&"|"&$A39,'Master Data'!$A$2:$A$2436,0)),"") -> Tiny 0/5 coach: – | E39: =IFERROR(INDEX('Master Data'!$M$2:$M$2436,MATCH($B$3&"|2|"&E$29&"|"&$A39,'Master Data'!$A$2:$A$2436,0)),"") -> Tiny 0/0 coach: – | F39: =IFERROR(INDEX('Master Data'!$M$2:$M$2436,MATCH($B$3&"|2|"&F$29&"|"&$A39,'Master Data'!$A$2:$A$2436,0)),"") -> Kids 4/0 coach: Tessa | G39: =IFERROR(INDEX('Master Data'!$M$2:$M$2436,MATCH($B$3&"|2|"&G$29&"|"&$A39,'Master Data'!$A$2:$A$2436,0)),"") -> Kids 4/4 coach: Gita | H39: =IFERROR(INDEX('Master Data'!$M$2:$M$2436,MATCH($B$3&"|2|"&H$29&"|"&$A39,'Master Data'!$A$2:$A$2436,0)),"") -> Tiny 5/5 coach: Gita | T39: =IFERROR(INDEX('Master Data'!$L$2:$L$2436,MATCH($B$3&"|2|"&B$29&"|"&$A39,'Master Data'!$A$2:$A$2436,0)),"") -> Tutup | U39: =IFERROR(INDEX('Master Data'!$L$2:$L$2436,MATCH($B$3&"|2|"&C$29&"|"&$A39,'Master Data'!$A$2:$A$2436,0)),"") -> Lebih kapasitas | V39: =IFERROR(INDEX('Master Data'!$L$2:$L$2436,MATCH($B$3&"|2|"&D$29&"|"&$A39,'Master Data'!$A$2:$A$2436,0)),"") -> Belum terisi | W39: =IFERROR(INDEX('Master Data'!$L$2:$L$2436,MATCH($B$3&"|2|"&E$29&"|"&$A39,'Master Data'!$A$2:$A$2436,0)),"") -> Tutup | X39: =IFERROR(INDEX('Master Data'!$L$2:$L$2436,MATCH($B$3&"|2|"&F$29&"|"&$A39,'Master Data'!$A$2:$A$2436,0)),"") -> Lebih kapasitas | Y39: =IFERROR(INDEX('Master Data'!$L$2:$L$2436,MATCH($B$3&"|2|"&G$29&"|"&$A39,'Master Data'!$A$2:$A$2436,0)),"") -> Penuh | Z39: =IFERROR(INDEX('Master Data'!$L$2:$L$2436,MATCH($B$3&"|2|"&H$29&"|"&$A39,'Master Data'!$A$2:$A$2436,0)),"") -> Penuh
A40: 16:30 | B40: =IFERROR(INDEX('Master Data'!$M$2:$M$2436,MATCH($B$3&"|2|"&B$29&"|"&$A40,'Master Data'!$A$2:$A$2436,0)),"") -> Tiny 0/5 coach: – | C40: =IFERROR(INDEX('Master Data'!$M$2:$M$2436,MATCH($B$3&"|2|"&C$29&"|"&$A40,'Master Data'!$A$2:$A$2436,0)),"") -> Tiny 3/5 coach: Zidane | D40: =IFERROR(INDEX('Master Data'!$M$2:$M$2436,MATCH($B$3&"|2|"&D$29&"|"&$A40,'Master Data'!$A$2:$A$2436,0)),"") -> Tiny 5/5 coach: Nuky | E40: =IFERROR(INDEX('Master Data'!$M$2:$M$2436,MATCH($B$3&"|2|"&E$29&"|"&$A40,'Master Data'!$A$2:$A$2436,0)),"") -> Tiny 0/5 coach: – | F40: =IFERROR(INDEX('Master Data'!$M$2:$M$2436,MATCH($B$3&"|2|"&F$29&"|"&$A40,'Master Data'!$A$2:$A$2436,0)),"") -> Tiny 4/5 coach: Surya | G40: =IFERROR(INDEX('Master Data'!$M$2:$M$2436,MATCH($B$3&"|2|"&G$29&"|"&$A40,'Master Data'!$A$2:$A$2436,0)),"") -> Tiny 5/5 coach: Tessa | H40: =IFERROR(INDEX('Master Data'!$M$2:$M$2436,MATCH($B$3&"|2|"&H$29&"|"&$A40,'Master Data'!$A$2:$A$2436,0)),"") -> Tiny 5/5 coach: Nuky | T40: =IFERROR(INDEX('Master Data'!$L$2:$L$2436,MATCH($B$3&"|2|"&B$29&"|"&$A40,'Master Data'!$A$2:$A$2436,0)),"") -> Belum terisi | U40: =IFERROR(INDEX('Master Data'!$L$2:$L$2436,MATCH($B$3&"|2|"&C$29&"|"&$A40,'Master Data'!$A$2:$A$2436,0)),"") -> Sebagian | V40: =IFERROR(INDEX('Master Data'!$L$2:$L$2436,MATCH($B$3&"|2|"&D$29&"|"&$A40,'Master Data'!$A$2:$A$2436,0)),"") -> Penuh | W40: =IFERROR(INDEX('Master Data'!$L$2:$L$2436,MATCH($B$3&"|2|"&E$29&"|"&$A40,'Master Data'!$A$2:$A$2436,0)),"") -> Belum terisi | X40: =IFERROR(INDEX('Master Data'!$L$2:$L$2436,MATCH($B$3&"|2|"&F$29&"|"&$A40,'Master Data'!$A$2:$A$2436,0)),"") -> Sebagian | Y40: =IFERROR(INDEX('Master Data'!$L$2:$L$2436,MATCH($B$3&"|2|"&G$29&"|"&$A40,'Master Data'!$A$2:$A$2436,0)),"") -> Penuh | Z40: =IFERROR(INDEX('Master Data'!$L$2:$L$2436,MATCH($B$3&"|2|"&H$29&"|"&$A40,'Master Data'!$A$2:$A$2436,0)),"") -> Penuh
A41: 17:15 | B41: =IFERROR(INDEX('Master Data'!$M$2:$M$2436,MATCH($B$3&"|2|"&B$29&"|"&$A41,'Master Data'!$A$2:$A$2436,0)),"") -> Tiny 0/5 coach: – | C41: =IFERROR(INDEX('Master Data'!$M$2:$M$2436,MATCH($B$3&"|2|"&C$29&"|"&$A41,'Master Data'!$A$2:$A$2436,0)),"") -> Tiny 0/5 coach: – | D41: =IFERROR(INDEX('Master Data'!$M$2:$M$2436,MATCH($B$3&"|2|"&D$29&"|"&$A41,'Master Data'!$A$2:$A$2436,0)),"") -> Tiny 4/5 coach: Eka | E41: =IFERROR(INDEX('Master Data'!$M$2:$M$2436,MATCH($B$3&"|2|"&E$29&"|"&$A41,'Master Data'!$A$2:$A$2436,0)),"") -> Tiny 0/5 coach: – | F41: =IFERROR(INDEX('Master Data'!$M$2:$M$2436,MATCH($B$3&"|2|"&F$29&"|"&$A41,'Master Data'!$A$2:$A$2436,0)),"") -> Tiny 3/5 coach: Tessa | G41: =IFERROR(INDEX('Master Data'!$M$2:$M$2436,MATCH($B$3&"|2|"&G$29&"|"&$A41,'Master Data'!$A$2:$A$2436,0)),"") -> Tiny 0/5 coach: – | H41: =IFERROR(INDEX('Master Data'!$M$2:$M$2436,MATCH($B$3&"|2|"&H$29&"|"&$A41,'Master Data'!$A$2:$A$2436,0)),"") -> Tiny 0/5 coach: – | T41: =IFERROR(INDEX('Master Data'!$L$2:$L$2436,MATCH($B$3&"|2|"&B$29&"|"&$A41,'Master Data'!$A$2:$A$2436,0)),"") -> Belum terisi | U41: =IFERROR(INDEX('Master Data'!$L$2:$L$2436,MATCH($B$3&"|2|"&C$29&"|"&$A41,'Master Data'!$A$2:$A$2436,0)),"") -> Belum terisi | V41: =IFERROR(INDEX('Master Data'!$L$2:$L$2436,MATCH($B$3&"|2|"&D$29&"|"&$A41,'Master Data'!$A$2:$A$2436,0)),"") -> Sebagian | W41: =IFERROR(INDEX('Master Data'!$L$2:$L$2436,MATCH($B$3&"|2|"&E$29&"|"&$A41,'Master Data'!$A$2:$A$2436,0)),"") -> Belum terisi | X41: =IFERROR(INDEX('Master Data'!$L$2:$L$2436,MATCH($B$3&"|2|"&F$29&"|"&$A41,'Master Data'!$A$2:$A$2436,0)),"") -> Sebagian | Y41: =IFERROR(INDEX('Master Data'!$L$2:$L$2436,MATCH($B$3&"|2|"&G$29&"|"&$A41,'Master Data'!$A$2:$A$2436,0)),"") -> Belum terisi | Z41: =IFERROR(INDEX('Master Data'!$L$2:$L$2436,MATCH($B$3&"|2|"&H$29&"|"&$A41,'Master Data'!$A$2:$A$2436,0)),"") -> Belum terisi
A43: LANE 3 | C43: ="Utilisasi lane: "&IFERROR(TEXT(SUMIFS('Master Data'!$H$2:$H$2436,'Master Data'!$B$2:$B$2436,$B$3,'Master Data'!$C$2:$C$2436,3,'Master Data'!$G$2:$G$2436,">0")/SUMIFS('Master Data'!$G$2:$G$2436,'Master Data'!$B$2:$B$2436,$B$3,'Master Data'!$C$2:$C$2436,3,'Master Data'!$G$2:$G$2436,">0"),"0%"),"–")&" · Belum terisi: "&COUNTIFS('Master Data'!$B$2:$B$2436,$B$3,'Master Data'!$C$2:$C$2436,3,'Master Data'!$L$2:$L$2436,"Belum terisi")&" · Slot kosong: "&COUNTIFS('Master Data'!$B$2:$B$2436,$B$3,'Master Data'!$C$2:$C$2436,3,'Master Data'!$L$2:$L$2436,"Slot kosong") -> Utilisasi lane: 77% · Belum terisi: 6 · Slot kosong: 0
A44: Jam | B44: Senin | C44: Selasa | D44: Rabu | E44: Kamis | F44: Jumat | G44: Sabtu | H44: Minggu
A45: 08:00 | B45: =IFERROR(INDEX('Master Data'!$M$2:$M$2436,MATCH($B$3&"|3|"&B$44&"|"&$A45,'Master Data'!$A$2:$A$2436,0)),"") -> Little 0/0 coach: – | C45: =IFERROR(INDEX('Master Data'!$M$2:$M$2436,MATCH($B$3&"|3|"&C$44&"|"&$A45,'Master Data'!$A$2:$A$2436,0)),"") -> Little 0/0 coach: – | D45: =IFERROR(INDEX('Master Data'!$M$2:$M$2436,MATCH($B$3&"|3|"&D$44&"|"&$A45,'Master Data'!$A$2:$A$2436,0)),"") -> Little 0/0 coach: – | E45: =IFERROR(INDEX('Master Data'!$M$2:$M$2436,MATCH($B$3&"|3|"&E$44&"|"&$A45,'Master Data'!$A$2:$A$2436,0)),"") -> Little 0/0 coach: – | F45: =IFERROR(INDEX('Master Data'!$M$2:$M$2436,MATCH($B$3&"|3|"&F$44&"|"&$A45,'Master Data'!$A$2:$A$2436,0)),"") -> Little 0/0 coach: – | G45: =IFERROR(INDEX('Master Data'!$M$2:$M$2436,MATCH($B$3&"|3|"&G$44&"|"&$A45,'Master Data'!$A$2:$A$2436,0)),"") -> Little 0/0 coach: – | H45: =IFERROR(INDEX('Master Data'!$M$2:$M$2436,MATCH($B$3&"|3|"&H$44&"|"&$A45,'Master Data'!$A$2:$A$2436,0)),"") -> Little 0/0 coach: – | T45: =IFERROR(INDEX('Master Data'!$L$2:$L$2436,MATCH($B$3&"|3|"&B$44&"|"&$A45,'Master Data'!$A$2:$A$2436,0)),"") -> Tutup | U45: =IFERROR(INDEX('Master Data'!$L$2:$L$2436,MATCH($B$3&"|3|"&C$44&"|"&$A45,'Master Data'!$A$2:$A$2436,0)),"") -> Tutup | V45: =IFERROR(INDEX('Master Data'!$L$2:$L$2436,MATCH($B$3&"|3|"&D$44&"|"&$A45,'Master Data'!$A$2:$A$2436,0)),"") -> Tutup | W45: =IFERROR(INDEX('Master Data'!$L$2:$L$2436,MATCH($B$3&"|3|"&E$44&"|"&$A45,'Master Data'!$A$2:$A$2436,0)),"") -> Tutup | X45: =IFERROR(INDEX('Master Data'!$L$2:$L$2436,MATCH($B$3&"|3|"&F$44&"|"&$A45,'Master Data'!$A$2:$A$2436,0)),"") -> Tutup | Y45: =IFERROR(INDEX('Master Data'!$L$2:$L$2436,MATCH($B$3&"|3|"&G$44&"|"&$A45,'Master Data'!$A$2:$A$2436,0)),"") -> Tutup | Z45: =IFERROR(INDEX('Master Data'!$L$2:$L$2436,MATCH($B$3&"|3|"&H$44&"|"&$A45,'Master Data'!$A$2:$A$2436,0)),"") -> Tutup
A46: 08:45 | B46: =IFERROR(INDEX('Master Data'!$M$2:$M$2436,MATCH($B$3&"|3|"&B$44&"|"&$A46,'Master Data'!$A$2:$A$2436,0)),"") -> Little 2/4 coach: Daffa | C46: =IFERROR(INDEX('Master Data'!$M$2:$M$2436,MATCH($B$3&"|3|"&C$44&"|"&$A46,'Master Data'!$A$2:$A$2436,0)),"") -> Little 3/4 coach: Dian | D46: =IFERROR(INDEX('Master Data'!$M$2:$M$2436,MATCH($B$3&"|3|"&D$44&"|"&$A46,'Master Data'!$A$2:$A$2436,0)),"") -> Little 3/4 coach: Danti | E46: =IFERROR(INDEX('Master Data'!$M$2:$M$2436,MATCH($B$3&"|3|"&E$44&"|"&$A46,'Master Data'!$A$2:$A$2436,0)),"") -> Little 4/4 coach: Surya | F46: =IFERROR(INDEX('Master Data'!$M$2:$M$2436,MATCH($B$3&"|3|"&F$44&"|"&$A46,'Master Data'!$A$2:$A$2436,0)),"") -> Little 0/4 coach: – | G46: =IFERROR(INDEX('Master Data'!$M$2:$M$2436,MATCH($B$3&"|3|"&G$44&"|"&$A46,'Master Data'!$A$2:$A$2436,0)),"") -> Little 4/4 coach: Zidane | H46: =IFERROR(INDEX('Master Data'!$M$2:$M$2436,MATCH($B$3&"|3|"&H$44&"|"&$A46,'Master Data'!$A$2:$A$2436,0)),"") -> Little 3/4 coach: Zidane | T46: =IFERROR(INDEX('Master Data'!$L$2:$L$2436,MATCH($B$3&"|3|"&B$44&"|"&$A46,'Master Data'!$A$2:$A$2436,0)),"") -> Sebagian | U46: =IFERROR(INDEX('Master Data'!$L$2:$L$2436,MATCH($B$3&"|3|"&C$44&"|"&$A46,'Master Data'!$A$2:$A$2436,0)),"") -> Sebagian | V46: =IFERROR(INDEX('Master Data'!$L$2:$L$2436,MATCH($B$3&"|3|"&D$44&"|"&$A46,'Master Data'!$A$2:$A$2436,0)),"") -> Sebagian | W46: =IFERROR(INDEX('Master Data'!$L$2:$L$2436,MATCH($B$3&"|3|"&E$44&"|"&$A46,'Master Data'!$A$2:$A$2436,0)),"") -> Penuh | X46: =IFERROR(INDEX('Master Data'!$L$2:$L$2436,MATCH($B$3&"|3|"&F$44&"|"&$A46,'Master Data'!$A$2:$A$2436,0)),"") -> Belum terisi | Y46: =IFERROR(INDEX('Master Data'!$L$2:$L$2436,MATCH($B$3&"|3|"&G$44&"|"&$A46,'Master Data'!$A$2:$A$2436,0)),"") -> Penuh | Z46: =IFERROR(INDEX('Master Data'!$L$2:$L$2436,MATCH($B$3&"|3|"&H$44&"|"&$A46,'Master Data'!$A$2:$A$2436,0)),"") -> Sebagian
A47: 09:30 | B47: =IFERROR(INDEX('Master Data'!$M$2:$M$2436,MATCH($B$3&"|3|"&B$44&"|"&$A47,'Master Data'!$A$2:$A$2436,0)),"") -> Little 0/4 coach: – | C47: =IFERROR(INDEX('Master Data'!$M$2:$M$2436,MATCH($B$3&"|3|"&C$44&"|"&$A47,'Master Data'!$A$2:$A$2436,0)),"") -> Little 2/4 coach: Dian | D47: =IFERROR(INDEX('Master Data'!$M$2:$M$2436,MATCH($B$3&"|3|"&D$44&"|"&$A47,'Master Data'!$A$2:$A$2436,0)),"") -> Little 0/4 coach: – | E47: =IFERROR(INDEX('Master Data'!$M$2:$M$2436,MATCH($B$3&"|3|"&E$44&"|"&$A47,'Master Data'!$A$2:$A$2436,0)),"") -> Little 4/4 coach: Daffa | F47: =IFERROR(INDEX('Master Data'!$M$2:$M$2436,MATCH($B$3&"|3|"&F$44&"|"&$A47,'Master Data'!$A$2:$A$2436,0)),"") -> Little 0/4 coach: – | G47: =IFERROR(INDEX('Master Data'!$M$2:$M$2436,MATCH($B$3&"|3|"&G$44&"|"&$A47,'Master Data'!$A$2:$A$2436,0)),"") -> Little 4/4 coach: Surya | H47: =IFERROR(INDEX('Master Data'!$M$2:$M$2436,MATCH($B$3&"|3|"&H$44&"|"&$A47,'Master Data'!$A$2:$A$2436,0)),"") -> Little 4/4 coach: Surya | T47: =IFERROR(INDEX('Master Data'!$L$2:$L$2436,MATCH($B$3&"|3|"&B$44&"|"&$A47,'Master Data'!$A$2:$A$2436,0)),"") -> Belum terisi | U47: =IFERROR(INDEX('Master Data'!$L$2:$L$2436,MATCH($B$3&"|3|"&C$44&"|"&$A47,'Master Data'!$A$2:$A$2436,0)),"") -> Sebagian | V47: =IFERROR(INDEX('Master Data'!$L$2:$L$2436,MATCH($B$3&"|3|"&D$44&"|"&$A47,'Master Data'!$A$2:$A$2436,0)),"") -> Belum terisi | W47: =IFERROR(INDEX('Master Data'!$L$2:$L$2436,MATCH($B$3&"|3|"&E$44&"|"&$A47,'Master Data'!$A$2:$A$2436,0)),"") -> Penuh | X47: =IFERROR(INDEX('Master Data'!$L$2:$L$2436,MATCH($B$3&"|3|"&F$44&"|"&$A47,'Master Data'!$A$2:$A$2436,0)),"") -> Belum terisi | Y47: =IFERROR(INDEX('Master Data'!$L$2:$L$2436,MATCH($B$3&"|3|"&G$44&"|"&$A47,'Master Data'!$A$2:$A$2436,0)),"") -> Penuh | Z47: =IFERROR(INDEX('Master Data'!$L$2:$L$2436,MATCH($B$3&"|3|"&H$44&"|"&$A47,'Master Data'!$A$2:$A$2436,0)),"") -> Penuh
A48: 10:15 | B48: =IFERROR(INDEX('Master Data'!$M$2:$M$2436,MATCH($B$3&"|3|"&B$44&"|"&$A48,'Master Data'!$A$2:$A$2436,0)),"") -> Little 3/4 coach: Dian | C48: =IFERROR(INDEX('Master Data'!$M$2:$M$2436,MATCH($B$3&"|3|"&C$44&"|"&$A48,'Master Data'!$A$2:$A$2436,0)),"") -> Little 2/4 coach: Danti | D48: =IFERROR(INDEX('Master Data'!$M$2:$M$2436,MATCH($B$3&"|3|"&D$44&"|"&$A48,'Master Data'!$A$2:$A$2436,0)),"") -> Little 1/4 coach: Zidane | E48: =IFERROR(INDEX('Master Data'!$M$2:$M$2436,MATCH($B$3&"|3|"&E$44&"|"&$A48,'Master Data'!$A$2:$A$2436,0)),"") -> Little 3/4 coach: Eka | F48: =IFERROR(INDEX('Master Data'!$M$2:$M$2436,MATCH($B$3&"|3|"&F$44&"|"&$A48,'Master Data'!$A$2:$A$2436,0)),"") -> Little 3/4 coach: Eka | G48: =IFERROR(INDEX('Master Data'!$M$2:$M$2436,MATCH($B$3&"|3|"&G$44&"|"&$A48,'Master Data'!$A$2:$A$2436,0)),"") -> Little 4/4 coach: Zidane | H48: =IFERROR(INDEX('Master Data'!$M$2:$M$2436,MATCH($B$3&"|3|"&H$44&"|"&$A48,'Master Data'!$A$2:$A$2436,0)),"") -> Little 4/4 coach: Dian | T48: =IFERROR(INDEX('Master Data'!$L$2:$L$2436,MATCH($B$3&"|3|"&B$44&"|"&$A48,'Master Data'!$A$2:$A$2436,0)),"") -> Sebagian | U48: =IFERROR(INDEX('Master Data'!$L$2:$L$2436,MATCH($B$3&"|3|"&C$44&"|"&$A48,'Master Data'!$A$2:$A$2436,0)),"") -> Sebagian | V48: =IFERROR(INDEX('Master Data'!$L$2:$L$2436,MATCH($B$3&"|3|"&D$44&"|"&$A48,'Master Data'!$A$2:$A$2436,0)),"") -> Sebagian | W48: =IFERROR(INDEX('Master Data'!$L$2:$L$2436,MATCH($B$3&"|3|"&E$44&"|"&$A48,'Master Data'!$A$2:$A$2436,0)),"") -> Sebagian | X48: =IFERROR(INDEX('Master Data'!$L$2:$L$2436,MATCH($B$3&"|3|"&F$44&"|"&$A48,'Master Data'!$A$2:$A$2436,0)),"") -> Sebagian | Y48: =IFERROR(INDEX('Master Data'!$L$2:$L$2436,MATCH($B$3&"|3|"&G$44&"|"&$A48,'Master Data'!$A$2:$A$2436,0)),"") -> Penuh | Z48: =IFERROR(INDEX('Master Data'!$L$2:$L$2436,MATCH($B$3&"|3|"&H$44&"|"&$A48,'Master Data'!$A$2:$A$2436,0)),"") -> Penuh
A49: 11:00 | B49: =IFERROR(INDEX('Master Data'!$M$2:$M$2436,MATCH($B$3&"|3|"&B$44&"|"&$A49,'Master Data'!$A$2:$A$2436,0)),"") -> Little 3/4 coach: Rischa | C49: =IFERROR(INDEX('Master Data'!$M$2:$M$2436,MATCH($B$3&"|3|"&C$44&"|"&$A49,'Master Data'!$A$2:$A$2436,0)),"") -> Little 4/4 coach: Danti | D49: =IFERROR(INDEX('Master Data'!$M$2:$M$2436,MATCH($B$3&"|3|"&D$44&"|"&$A49,'Master Data'!$A$2:$A$2436,0)),"") -> Little 4/4 coach: Danti | E49: =IFERROR(INDEX('Master Data'!$M$2:$M$2436,MATCH($B$3&"|3|"&E$44&"|"&$A49,'Master Data'!$A$2:$A$2436,0)),"") -> Little 3/4 coach: Surya | F49: =IFERROR(INDEX('Master Data'!$M$2:$M$2436,MATCH($B$3&"|3|"&F$44&"|"&$A49,'Master Data'!$A$2:$A$2436,0)),"") -> Little 2/4 coach: Rischa | G49: =IFERROR(INDEX('Master Data'!$M$2:$M$2436,MATCH($B$3&"|3|"&G$44&"|"&$A49,'Master Data'!$A$2:$A$2436,0)),"") -> Little 4/4 coach: Dian | H49: =IFERROR(INDEX('Master Data'!$M$2:$M$2436,MATCH($B$3&"|3|"&H$44&"|"&$A49,'Master Data'!$A$2:$A$2436,0)),"") -> Little 4/4 coach: Eka | T49: =IFERROR(INDEX('Master Data'!$L$2:$L$2436,MATCH($B$3&"|3|"&B$44&"|"&$A49,'Master Data'!$A$2:$A$2436,0)),"") -> Sebagian | U49: =IFERROR(INDEX('Master Data'!$L$2:$L$2436,MATCH($B$3&"|3|"&C$44&"|"&$A49,'Master Data'!$A$2:$A$2436,0)),"") -> Penuh | V49: =IFERROR(INDEX('Master Data'!$L$2:$L$2436,MATCH($B$3&"|3|"&D$44&"|"&$A49,'Master Data'!$A$2:$A$2436,0)),"") -> Penuh | W49: =IFERROR(INDEX('Master Data'!$L$2:$L$2436,MATCH($B$3&"|3|"&E$44&"|"&$A49,'Master Data'!$A$2:$A$2436,0)),"") -> Sebagian | X49: =IFERROR(INDEX('Master Data'!$L$2:$L$2436,MATCH($B$3&"|3|"&F$44&"|"&$A49,'Master Data'!$A$2:$A$2436,0)),"") -> Sebagian | Y49: =IFERROR(INDEX('Master Data'!$L$2:$L$2436,MATCH($B$3&"|3|"&G$44&"|"&$A49,'Master Data'!$A$2:$A$2436,0)),"") -> Penuh | Z49: =IFERROR(INDEX('Master Data'!$L$2:$L$2436,MATCH($B$3&"|3|"&H$44&"|"&$A49,'Master Data'!$A$2:$A$2436,0)),"") -> Penuh
A50: 11:45 | B50: =IFERROR(INDEX('Master Data'!$M$2:$M$2436,MATCH($B$3&"|3|"&B$44&"|"&$A50,'Master Data'!$A$2:$A$2436,0)),"") -> Little 2/0 coach: Gita | C50: =IFERROR(INDEX('Master Data'!$M$2:$M$2436,MATCH($B$3&"|3|"&C$44&"|"&$A50,'Master Data'!$A$2:$A$2436,0)),"") -> Little 1/0 coach: Tessa | D50: =IFERROR(INDEX('Master Data'!$M$2:$M$2436,MATCH($B$3&"|3|"&D$44&"|"&$A50,'Master Data'!$A$2:$A$2436,0)),"") -> Little 0/0 coach: – | E50: =IFERROR(INDEX('Master Data'!$M$2:$M$2436,MATCH($B$3&"|3|"&E$44&"|"&$A50,'Master Data'!$A$2:$A$2436,0)),"") -> Little 0/0 coach: – | F50: =IFERROR(INDEX('Master Data'!$M$2:$M$2436,MATCH($B$3&"|3|"&F$44&"|"&$A50,'Master Data'!$A$2:$A$2436,0)),"") -> Little 3/4 coach: Rischa | G50: =IFERROR(INDEX('Master Data'!$M$2:$M$2436,MATCH($B$3&"|3|"&G$44&"|"&$A50,'Master Data'!$A$2:$A$2436,0)),"") -> Little 3/4 coach: Zidane | H50: =IFERROR(INDEX('Master Data'!$M$2:$M$2436,MATCH($B$3&"|3|"&H$44&"|"&$A50,'Master Data'!$A$2:$A$2436,0)),"") -> Little 4/4 coach: Nuky | T50: =IFERROR(INDEX('Master Data'!$L$2:$L$2436,MATCH($B$3&"|3|"&B$44&"|"&$A50,'Master Data'!$A$2:$A$2436,0)),"") -> Lebih kapasitas | U50: =IFERROR(INDEX('Master Data'!$L$2:$L$2436,MATCH($B$3&"|3|"&C$44&"|"&$A50,'Master Data'!$A$2:$A$2436,0)),"") -> Lebih kapasitas | V50: =IFERROR(INDEX('Master Data'!$L$2:$L$2436,MATCH($B$3&"|3|"&D$44&"|"&$A50,'Master Data'!$A$2:$A$2436,0)),"") -> Tutup | W50: =IFERROR(INDEX('Master Data'!$L$2:$L$2436,MATCH($B$3&"|3|"&E$44&"|"&$A50,'Master Data'!$A$2:$A$2436,0)),"") -> Tutup | X50: =IFERROR(INDEX('Master Data'!$L$2:$L$2436,MATCH($B$3&"|3|"&F$44&"|"&$A50,'Master Data'!$A$2:$A$2436,0)),"") -> Sebagian | Y50: =IFERROR(INDEX('Master Data'!$L$2:$L$2436,MATCH($B$3&"|3|"&G$44&"|"&$A50,'Master Data'!$A$2:$A$2436,0)),"") -> Sebagian | Z50: =IFERROR(INDEX('Master Data'!$L$2:$L$2436,MATCH($B$3&"|3|"&H$44&"|"&$A50,'Master Data'!$A$2:$A$2436,0)),"") -> Penuh
A51: 13:15 | B51: =IFERROR(INDEX('Master Data'!$M$2:$M$2436,MATCH($B$3&"|3|"&B$44&"|"&$A51,'Master Data'!$A$2:$A$2436,0)),"") -> Little 0/4 coach: – | C51: =IFERROR(INDEX('Master Data'!$M$2:$M$2436,MATCH($B$3&"|3|"&C$44&"|"&$A51,'Master Data'!$A$2:$A$2436,0)),"") -> Little 0/4 coach: – | D51: =IFERROR(INDEX('Master Data'!$M$2:$M$2436,MATCH($B$3&"|3|"&D$44&"|"&$A51,'Master Data'!$A$2:$A$2436,0)),"") -> Little 4/4 coach: Zidane | E51: =IFERROR(INDEX('Master Data'!$M$2:$M$2436,MATCH($B$3&"|3|"&E$44&"|"&$A51,'Master Data'!$A$2:$A$2436,0)),"") -> Little 3/4 coach: Daffa | F51: =IFERROR(INDEX('Master Data'!$M$2:$M$2436,MATCH($B$3&"|3|"&F$44&"|"&$A51,'Master Data'!$A$2:$A$2436,0)),"") -> Little 3/0 coach: Nuky | G51: =IFERROR(INDEX('Master Data'!$M$2:$M$2436,MATCH($B$3&"|3|"&G$44&"|"&$A51,'Master Data'!$A$2:$A$2436,0)),"") -> Little 4/4 coach: Rischa | H51: =IFERROR(INDEX('Master Data'!$M$2:$M$2436,MATCH($B$3&"|3|"&H$44&"|"&$A51,'Master Data'!$A$2:$A$2436,0)),"") -> Little 3/4 coach: Daffa | T51: =IFERROR(INDEX('Master Data'!$L$2:$L$2436,MATCH($B$3&"|3|"&B$44&"|"&$A51,'Master Data'!$A$2:$A$2436,0)),"") -> Belum terisi | U51: =IFERROR(INDEX('Master Data'!$L$2:$L$2436,MATCH($B$3&"|3|"&C$44&"|"&$A51,'Master Data'!$A$2:$A$2436,0)),"") -> Belum terisi | V51: =IFERROR(INDEX('Master Data'!$L$2:$L$2436,MATCH($B$3&"|3|"&D$44&"|"&$A51,'Master Data'!$A$2:$A$2436,0)),"") -> Penuh | W51: =IFERROR(INDEX('Master Data'!$L$2:$L$2436,MATCH($B$3&"|3|"&E$44&"|"&$A51,'Master Data'!$A$2:$A$2436,0)),"") -> Sebagian | X51: =IFERROR(INDEX('Master Data'!$L$2:$L$2436,MATCH($B$3&"|3|"&F$44&"|"&$A51,'Master Data'!$A$2:$A$2436,0)),"") -> Lebih kapasitas | Y51: =IFERROR(INDEX('Master Data'!$L$2:$L$2436,MATCH($B$3&"|3|"&G$44&"|"&$A51,'Master Data'!$A$2:$A$2436,0)),"") -> Penuh | Z51: =IFERROR(INDEX('Master Data'!$L$2:$L$2436,MATCH($B$3&"|3|"&H$44&"|"&$A51,'Master Data'!$A$2:$A$2436,0)),"") -> Sebagian
A52: 14:00 | B52: =IFERROR(INDEX('Master Data'!$M$2:$M$2436,MATCH($B$3&"|3|"&B$44&"|"&$A52,'Master Data'!$A$2:$A$2436,0)),"") -> Little 2/4 coach: Zidane | C52: =IFERROR(INDEX('Master Data'!$M$2:$M$2436,MATCH($B$3&"|3|"&C$44&"|"&$A52,'Master Data'!$A$2:$A$2436,0)),"") -> Little 3/4 coach: Danti | D52: =IFERROR(INDEX('Master Data'!$M$2:$M$2436,MATCH($B$3&"|3|"&D$44&"|"&$A52,'Master Data'!$A$2:$A$2436,0)),"") -> Little 3/4 coach: Eka | E52: =IFERROR(INDEX('Master Data'!$M$2:$M$2436,MATCH($B$3&"|3|"&E$44&"|"&$A52,'Master Data'!$A$2:$A$2436,0)),"") -> Little 4/4 coach: Nuky | F52: =IFERROR(INDEX('Master Data'!$M$2:$M$2436,MATCH($B$3&"|3|"&F$44&"|"&$A52,'Master Data'!$A$2:$A$2436,0)),"") -> Little 2/4 coach: Dian | G52: =IFERROR(INDEX('Master Data'!$M$2:$M$2436,MATCH($B$3&"|3|"&G$44&"|"&$A52,'Master Data'!$A$2:$A$2436,0)),"") -> Little 2/4 coach: Danti | H52: =IFERROR(INDEX('Master Data'!$M$2:$M$2436,MATCH($B$3&"|3|"&H$44&"|"&$A52,'Master Data'!$A$2:$A$2436,0)),"") -> Little 3/4 coach: Zidane | T52: =IFERROR(INDEX('Master Data'!$L$2:$L$2436,MATCH($B$3&"|3|"&B$44&"|"&$A52,'Master Data'!$A$2:$A$2436,0)),"") -> Sebagian | U52: =IFERROR(INDEX('Master Data'!$L$2:$L$2436,MATCH($B$3&"|3|"&C$44&"|"&$A52,'Master Data'!$A$2:$A$2436,0)),"") -> Sebagian | V52: =IFERROR(INDEX('Master Data'!$L$2:$L$2436,MATCH($B$3&"|3|"&D$44&"|"&$A52,'Master Data'!$A$2:$A$2436,0)),"") -> Sebagian | W52: =IFERROR(INDEX('Master Data'!$L$2:$L$2436,MATCH($B$3&"|3|"&E$44&"|"&$A52,'Master Data'!$A$2:$A$2436,0)),"") -> Penuh | X52: =IFERROR(INDEX('Master Data'!$L$2:$L$2436,MATCH($B$3&"|3|"&F$44&"|"&$A52,'Master Data'!$A$2:$A$2436,0)),"") -> Sebagian | Y52: =IFERROR(INDEX('Master Data'!$L$2:$L$2436,MATCH($B$3&"|3|"&G$44&"|"&$A52,'Master Data'!$A$2:$A$2436,0)),"") -> Sebagian | Z52: =IFERROR(INDEX('Master Data'!$L$2:$L$2436,MATCH($B$3&"|3|"&H$44&"|"&$A52,'Master Data'!$A$2:$A$2436,0)),"") -> Sebagian
A53: 14:45 | B53: =IFERROR(INDEX('Master Data'!$M$2:$M$2436,MATCH($B$3&"|3|"&B$44&"|"&$A53,'Master Data'!$A$2:$A$2436,0)),"") -> Little 3/0 coach: Daffa | C53: =IFERROR(INDEX('Master Data'!$M$2:$M$2436,MATCH($B$3&"|3|"&C$44&"|"&$A53,'Master Data'!$A$2:$A$2436,0)),"") -> Little 3/4 coach: Rischa | D53: =IFERROR(INDEX('Master Data'!$M$2:$M$2436,MATCH($B$3&"|3|"&D$44&"|"&$A53,'Master Data'!$A$2:$A$2436,0)),"") -> Little 2/0 coach: Surya | E53: =IFERROR(INDEX('Master Data'!$M$2:$M$2436,MATCH($B$3&"|3|"&E$44&"|"&$A53,'Master Data'!$A$2:$A$2436,0)),"") -> Little 0/0 coach: – | F53: =IFERROR(INDEX('Master Data'!$M$2:$M$2436,MATCH($B$3&"|3|"&F$44&"|"&$A53,'Master Data'!$A$2:$A$2436,0)),"") -> Little 4/4 coach: Surya | G53: =IFERROR(INDEX('Master Data'!$M$2:$M$2436,MATCH($B$3&"|3|"&G$44&"|"&$A53,'Master Data'!$A$2:$A$2436,0)),"") -> Little 4/4 coach: Tessa | H53: =IFERROR(INDEX('Master Data'!$M$2:$M$2436,MATCH($B$3&"|3|"&H$44&"|"&$A53,'Master Data'!$A$2:$A$2436,0)),"") -> Little 4/4 coach: Rischa | T53: =IFERROR(INDEX('Master Data'!$L$2:$L$2436,MATCH($B$3&"|3|"&B$44&"|"&$A53,'Master Data'!$A$2:$A$2436,0)),"") -> Lebih kapasitas | U53: =IFERROR(INDEX('Master Data'!$L$2:$L$2436,MATCH($B$3&"|3|"&C$44&"|"&$A53,'Master Data'!$A$2:$A$2436,0)),"") -> Sebagian | V53: =IFERROR(INDEX('Master Data'!$L$2:$L$2436,MATCH($B$3&"|3|"&D$44&"|"&$A53,'Master Data'!$A$2:$A$2436,0)),"") -> Lebih kapasitas | W53: =IFERROR(INDEX('Master Data'!$L$2:$L$2436,MATCH($B$3&"|3|"&E$44&"|"&$A53,'Master Data'!$A$2:$A$2436,0)),"") -> Tutup | X53: =IFERROR(INDEX('Master Data'!$L$2:$L$2436,MATCH($B$3&"|3|"&F$44&"|"&$A53,'Master Data'!$A$2:$A$2436,0)),"") -> Penuh | Y53: =IFERROR(INDEX('Master Data'!$L$2:$L$2436,MATCH($B$3&"|3|"&G$44&"|"&$A53,'Master Data'!$A$2:$A$2436,0)),"") -> Penuh | Z53: =IFERROR(INDEX('Master Data'!$L$2:$L$2436,MATCH($B$3&"|3|"&H$44&"|"&$A53,'Master Data'!$A$2:$A$2436,0)),"") -> Penuh
A54: 15:30 | B54: =IFERROR(INDEX('Master Data'!$M$2:$M$2436,MATCH($B$3&"|3|"&B$44&"|"&$A54,'Master Data'!$A$2:$A$2436,0)),"") -> Little 3/4 coach: Dian | C54: =IFERROR(INDEX('Master Data'!$M$2:$M$2436,MATCH($B$3&"|3|"&C$44&"|"&$A54,'Master Data'!$A$2:$A$2436,0)),"") -> Little 0/0 coach: – | D54: =IFERROR(INDEX('Master Data'!$M$2:$M$2436,MATCH($B$3&"|3|"&D$44&"|"&$A54,'Master Data'!$A$2:$A$2436,0)),"") -> Little 4/4 coach: Surya | E54: =IFERROR(INDEX('Master Data'!$M$2:$M$2436,MATCH($B$3&"|3|"&E$44&"|"&$A54,'Master Data'!$A$2:$A$2436,0)),"") -> Little 4/4 coach: Surya | F54: =IFERROR(INDEX('Master Data'!$M$2:$M$2436,MATCH($B$3&"|3|"&F$44&"|"&$A54,'Master Data'!$A$2:$A$2436,0)),"") -> Little 3/4 coach: Eka | G54: =IFERROR(INDEX('Master Data'!$M$2:$M$2436,MATCH($B$3&"|3|"&G$44&"|"&$A54,'Master Data'!$A$2:$A$2436,0)),"") -> Little 4/4 coach: Zidane | H54: =IFERROR(INDEX('Master Data'!$M$2:$M$2436,MATCH($B$3&"|3|"&H$44&"|"&$A54,'Master Data'!$A$2:$A$2436,0)),"") -> Little 4/4 coach: Dian | T54: =IFERROR(INDEX('Master Data'!$L$2:$L$2436,MATCH($B$3&"|3|"&B$44&"|"&$A54,'Master Data'!$A$2:$A$2436,0)),"") -> Sebagian | U54: =IFERROR(INDEX('Master Data'!$L$2:$L$2436,MATCH($B$3&"|3|"&C$44&"|"&$A54,'Master Data'!$A$2:$A$2436,0)),"") -> Tutup | V54: =IFERROR(INDEX('Master Data'!$L$2:$L$2436,MATCH($B$3&"|3|"&D$44&"|"&$A54,'Master Data'!$A$2:$A$2436,0)),"") -> Penuh | W54: =IFERROR(INDEX('Master Data'!$L$2:$L$2436,MATCH($B$3&"|3|"&E$44&"|"&$A54,'Master Data'!$A$2:$A$2436,0)),"") -> Penuh | X54: =IFERROR(INDEX('Master Data'!$L$2:$L$2436,MATCH($B$3&"|3|"&F$44&"|"&$A54,'Master Data'!$A$2:$A$2436,0)),"") -> Sebagian | Y54: =IFERROR(INDEX('Master Data'!$L$2:$L$2436,MATCH($B$3&"|3|"&G$44&"|"&$A54,'Master Data'!$A$2:$A$2436,0)),"") -> Penuh | Z54: =IFERROR(INDEX('Master Data'!$L$2:$L$2436,MATCH($B$3&"|3|"&H$44&"|"&$A54,'Master Data'!$A$2:$A$2436,0)),"") -> Penuh
A55: 16:15 | B55: =IFERROR(INDEX('Master Data'!$M$2:$M$2436,MATCH($B$3&"|3|"&B$44&"|"&$A55,'Master Data'!$A$2:$A$2436,0)),"") -> Little 3/4 coach: Rischa | C55: =IFERROR(INDEX('Master Data'!$M$2:$M$2436,MATCH($B$3&"|3|"&C$44&"|"&$A55,'Master Data'!$A$2:$A$2436,0)),"") -> Little 4/4 coach: Rischa | D55: =IFERROR(INDEX('Master Data'!$M$2:$M$2436,MATCH($B$3&"|3|"&D$44&"|"&$A55,'Master Data'!$A$2:$A$2436,0)),"") -> Little 3/4 coach: Eka | E55: =IFERROR(INDEX('Master Data'!$M$2:$M$2436,MATCH($B$3&"|3|"&E$44&"|"&$A55,'Master Data'!$A$2:$A$2436,0)),"") -> Little 4/4 coach: Surya | F55: =IFERROR(INDEX('Master Data'!$M$2:$M$2436,MATCH($B$3&"|3|"&F$44&"|"&$A55,'Master Data'!$A$2:$A$2436,0)),"") -> Little 4/4 coach: Daffa | G55: =IFERROR(INDEX('Master Data'!$M$2:$M$2436,MATCH($B$3&"|3|"&G$44&"|"&$A55,'Master Data'!$A$2:$A$2436,0)),"") -> Little 4/4 coach: Nuky | H55: =IFERROR(INDEX('Master Data'!$M$2:$M$2436,MATCH($B$3&"|3|"&H$44&"|"&$A55,'Master Data'!$A$2:$A$2436,0)),"") -> Little 4/4 coach: Danti | T55: =IFERROR(INDEX('Master Data'!$L$2:$L$2436,MATCH($B$3&"|3|"&B$44&"|"&$A55,'Master Data'!$A$2:$A$2436,0)),"") -> Sebagian | U55: =IFERROR(INDEX('Master Data'!$L$2:$L$2436,MATCH($B$3&"|3|"&C$44&"|"&$A55,'Master Data'!$A$2:$A$2436,0)),"") -> Penuh | V55: =IFERROR(INDEX('Master Data'!$L$2:$L$2436,MATCH($B$3&"|3|"&D$44&"|"&$A55,'Master Data'!$A$2:$A$2436,0)),"") -> Sebagian | W55: =IFERROR(INDEX('Master Data'!$L$2:$L$2436,MATCH($B$3&"|3|"&E$44&"|"&$A55,'Master Data'!$A$2:$A$2436,0)),"") -> Penuh | X55: =IFERROR(INDEX('Master Data'!$L$2:$L$2436,MATCH($B$3&"|3|"&F$44&"|"&$A55,'Master Data'!$A$2:$A$2436,0)),"") -> Penuh | Y55: =IFERROR(INDEX('Master Data'!$L$2:$L$2436,MATCH($B$3&"|3|"&G$44&"|"&$A55,'Master Data'!$A$2:$A$2436,0)),"") -> Penuh | Z55: =IFERROR(INDEX('Master Data'!$L$2:$L$2436,MATCH($B$3&"|3|"&H$44&"|"&$A55,'Master Data'!$A$2:$A$2436,0)),"") -> Penuh
A56: 17:00 | B56: =IFERROR(INDEX('Master Data'!$M$2:$M$2436,MATCH($B$3&"|3|"&B$44&"|"&$A56,'Master Data'!$A$2:$A$2436,0)),"") -> Little 4/4 coach: Daffa | C56: =IFERROR(INDEX('Master Data'!$M$2:$M$2436,MATCH($B$3&"|3|"&C$44&"|"&$A56,'Master Data'!$A$2:$A$2436,0)),"") -> Little 4/4 coach: Zidane | D56: =IFERROR(INDEX('Master Data'!$M$2:$M$2436,MATCH($B$3&"|3|"&D$44&"|"&$A56,'Master Data'!$A$2:$A$2436,0)),"") -> Little 4/4 coach: Surya | E56: =IFERROR(INDEX('Master Data'!$M$2:$M$2436,MATCH($B$3&"|3|"&E$44&"|"&$A56,'Master Data'!$A$2:$A$2436,0)),"") -> Little 4/4 coach: Nuky | F56: =IFERROR(INDEX('Master Data'!$M$2:$M$2436,MATCH($B$3&"|3|"&F$44&"|"&$A56,'Master Data'!$A$2:$A$2436,0)),"") -> Little 4/4 coach: Rischa | G56: =IFERROR(INDEX('Master Data'!$M$2:$M$2436,MATCH($B$3&"|3|"&G$44&"|"&$A56,'Master Data'!$A$2:$A$2436,0)),"") -> Little 4/4 coach: Danti | H56: =IFERROR(INDEX('Master Data'!$M$2:$M$2436,MATCH($B$3&"|3|"&H$44&"|"&$A56,'Master Data'!$A$2:$A$2436,0)),"") -> Little 3/4 coach: Eka | T56: =IFERROR(INDEX('Master Data'!$L$2:$L$2436,MATCH($B$3&"|3|"&B$44&"|"&$A56,'Master Data'!$A$2:$A$2436,0)),"") -> Penuh | U56: =IFERROR(INDEX('Master Data'!$L$2:$L$2436,MATCH($B$3&"|3|"&C$44&"|"&$A56,'Master Data'!$A$2:$A$2436,0)),"") -> Penuh | V56: =IFERROR(INDEX('Master Data'!$L$2:$L$2436,MATCH($B$3&"|3|"&D$44&"|"&$A56,'Master Data'!$A$2:$A$2436,0)),"") -> Penuh | W56: =IFERROR(INDEX('Master Data'!$L$2:$L$2436,MATCH($B$3&"|3|"&E$44&"|"&$A56,'Master Data'!$A$2:$A$2436,0)),"") -> Penuh | X56: =IFERROR(INDEX('Master Data'!$L$2:$L$2436,MATCH($B$3&"|3|"&F$44&"|"&$A56,'Master Data'!$A$2:$A$2436,0)),"") -> Penuh | Y56: =IFERROR(INDEX('Master Data'!$L$2:$L$2436,MATCH($B$3&"|3|"&G$44&"|"&$A56,'Master Data'!$A$2:$A$2436,0)),"") -> Penuh | Z56: =IFERROR(INDEX('Master Data'!$L$2:$L$2436,MATCH($B$3&"|3|"&H$44&"|"&$A56,'Master Data'!$A$2:$A$2436,0)),"") -> Sebagian
A58: LANE 4 | C58: ="Utilisasi lane: "&IFERROR(TEXT(SUMIFS('Master Data'!$H$2:$H$2436,'Master Data'!$B$2:$B$2436,$B$3,'Master Data'!$C$2:$C$2436,4,'Master Data'!$G$2:$G$2436,">0")/SUMIFS('Master Data'!$G$2:$G$2436,'Master Data'!$B$2:$B$2436,$B$3,'Master Data'!$C$2:$C$2436,4,'Master Data'!$G$2:$G$2436,">0"),"0%"),"–")&" · Belum terisi: "&COUNTIFS('Master Data'!$B$2:$B$2436,$B$3,'Master Data'!$C$2:$C$2436,4,'Master Data'!$L$2:$L$2436,"Belum terisi")&" · Slot kosong: "&COUNTIFS('Master Data'!$B$2:$B$2436,$B$3,'Master Data'!$C$2:$C$2436,4,'Master Data'!$L$2:$L$2436,"Slot kosong") -> Utilisasi lane: 67% · Belum terisi: 17 · Slot kosong: 0
A59: Jam | B59: Senin | C59: Selasa | D59: Rabu | E59: Kamis | F59: Jumat | G59: Sabtu | H59: Minggu
A60: 08:00 | B60: =IFERROR(INDEX('Master Data'!$M$2:$M$2436,MATCH($B$3&"|4|"&B$59&"|"&$A60,'Master Data'!$A$2:$A$2436,0)),"") -> Kids 0/0 coach: – | C60: =IFERROR(INDEX('Master Data'!$M$2:$M$2436,MATCH($B$3&"|4|"&C$59&"|"&$A60,'Master Data'!$A$2:$A$2436,0)),"") -> Kids 0/0 coach: – | D60: =IFERROR(INDEX('Master Data'!$M$2:$M$2436,MATCH($B$3&"|4|"&D$59&"|"&$A60,'Master Data'!$A$2:$A$2436,0)),"") -> Kids 0/0 coach: – | E60: =IFERROR(INDEX('Master Data'!$M$2:$M$2436,MATCH($B$3&"|4|"&E$59&"|"&$A60,'Master Data'!$A$2:$A$2436,0)),"") -> Kids 0/0 coach: – | F60: =IFERROR(INDEX('Master Data'!$M$2:$M$2436,MATCH($B$3&"|4|"&F$59&"|"&$A60,'Master Data'!$A$2:$A$2436,0)),"") -> Kids 0/0 coach: – | G60: =IFERROR(INDEX('Master Data'!$M$2:$M$2436,MATCH($B$3&"|4|"&G$59&"|"&$A60,'Master Data'!$A$2:$A$2436,0)),"") -> Kids 0/0 coach: – | H60: =IFERROR(INDEX('Master Data'!$M$2:$M$2436,MATCH($B$3&"|4|"&H$59&"|"&$A60,'Master Data'!$A$2:$A$2436,0)),"") -> Kids 0/0 coach: – | T60: =IFERROR(INDEX('Master Data'!$L$2:$L$2436,MATCH($B$3&"|4|"&B$59&"|"&$A60,'Master Data'!$A$2:$A$2436,0)),"") -> Tutup | U60: =IFERROR(INDEX('Master Data'!$L$2:$L$2436,MATCH($B$3&"|4|"&C$59&"|"&$A60,'Master Data'!$A$2:$A$2436,0)),"") -> Tutup | V60: =IFERROR(INDEX('Master Data'!$L$2:$L$2436,MATCH($B$3&"|4|"&D$59&"|"&$A60,'Master Data'!$A$2:$A$2436,0)),"") -> Tutup | W60: =IFERROR(INDEX('Master Data'!$L$2:$L$2436,MATCH($B$3&"|4|"&E$59&"|"&$A60,'Master Data'!$A$2:$A$2436,0)),"") -> Tutup | X60: =IFERROR(INDEX('Master Data'!$L$2:$L$2436,MATCH($B$3&"|4|"&F$59&"|"&$A60,'Master Data'!$A$2:$A$2436,0)),"") -> Tutup | Y60: =IFERROR(INDEX('Master Data'!$L$2:$L$2436,MATCH($B$3&"|4|"&G$59&"|"&$A60,'Master Data'!$A$2:$A$2436,0)),"") -> Tutup | Z60: =IFERROR(INDEX('Master Data'!$L$2:$L$2436,MATCH($B$3&"|4|"&H$59&"|"&$A60,'Master Data'!$A$2:$A$2436,0)),"") -> Tutup
A61: 08:45 | B61: =IFERROR(INDEX('Master Data'!$M$2:$M$2436,MATCH($B$3&"|4|"&B$59&"|"&$A61,'Master Data'!$A$2:$A$2436,0)),"") -> Kids 0/4 coach: – | C61: =IFERROR(INDEX('Master Data'!$M$2:$M$2436,MATCH($B$3&"|4|"&C$59&"|"&$A61,'Master Data'!$A$2:$A$2436,0)),"") -> Kids 0/4 coach: – | D61: =IFERROR(INDEX('Master Data'!$M$2:$M$2436,MATCH($B$3&"|4|"&D$59&"|"&$A61,'Master Data'!$A$2:$A$2436,0)),"") -> Kids 3/4 coach: Gita | E61: =IFERROR(INDEX('Master Data'!$M$2:$M$2436,MATCH($B$3&"|4|"&E$59&"|"&$A61,'Master Data'!$A$2:$A$2436,0)),"") -> Kids 0/4 coach: – | F61: =IFERROR(INDEX('Master Data'!$M$2:$M$2436,MATCH($B$3&"|4|"&F$59&"|"&$A61,'Master Data'!$A$2:$A$2436,0)),"") -> Kids 0/4 coach: – | G61: =IFERROR(INDEX('Master Data'!$M$2:$M$2436,MATCH($B$3&"|4|"&G$59&"|"&$A61,'Master Data'!$A$2:$A$2436,0)),"") -> Kids 4/4 coach: Dian | H61: =IFERROR(INDEX('Master Data'!$M$2:$M$2436,MATCH($B$3&"|4|"&H$59&"|"&$A61,'Master Data'!$A$2:$A$2436,0)),"") -> Kids 4/4 coach: Dian | T61: =IFERROR(INDEX('Master Data'!$L$2:$L$2436,MATCH($B$3&"|4|"&B$59&"|"&$A61,'Master Data'!$A$2:$A$2436,0)),"") -> Belum terisi | U61: =IFERROR(INDEX('Master Data'!$L$2:$L$2436,MATCH($B$3&"|4|"&C$59&"|"&$A61,'Master Data'!$A$2:$A$2436,0)),"") -> Belum terisi | V61: =IFERROR(INDEX('Master Data'!$L$2:$L$2436,MATCH($B$3&"|4|"&D$59&"|"&$A61,'Master Data'!$A$2:$A$2436,0)),"") -> Sebagian | W61: =IFERROR(INDEX('Master Data'!$L$2:$L$2436,MATCH($B$3&"|4|"&E$59&"|"&$A61,'Master Data'!$A$2:$A$2436,0)),"") -> Belum terisi | X61: =IFERROR(INDEX('Master Data'!$L$2:$L$2436,MATCH($B$3&"|4|"&F$59&"|"&$A61,'Master Data'!$A$2:$A$2436,0)),"") -> Belum terisi | Y61: =IFERROR(INDEX('Master Data'!$L$2:$L$2436,MATCH($B$3&"|4|"&G$59&"|"&$A61,'Master Data'!$A$2:$A$2436,0)),"") -> Penuh | Z61: =IFERROR(INDEX('Master Data'!$L$2:$L$2436,MATCH($B$3&"|4|"&H$59&"|"&$A61,'Master Data'!$A$2:$A$2436,0)),"") -> Penuh
A62: 09:30 | B62: =IFERROR(INDEX('Master Data'!$M$2:$M$2436,MATCH($B$3&"|4|"&B$59&"|"&$A62,'Master Data'!$A$2:$A$2436,0)),"") -> Kids 0/4 coach: – | C62: =IFERROR(INDEX('Master Data'!$M$2:$M$2436,MATCH($B$3&"|4|"&C$59&"|"&$A62,'Master Data'!$A$2:$A$2436,0)),"") -> Kids 0/4 coach: – | D62: =IFERROR(INDEX('Master Data'!$M$2:$M$2436,MATCH($B$3&"|4|"&D$59&"|"&$A62,'Master Data'!$A$2:$A$2436,0)),"") -> Kids 0/4 coach: – | E62: =IFERROR(INDEX('Master Data'!$M$2:$M$2436,MATCH($B$3&"|4|"&E$59&"|"&$A62,'Master Data'!$A$2:$A$2436,0)),"") -> Kids 3/4 coach: Surya | F62: =IFERROR(INDEX('Master Data'!$M$2:$M$2436,MATCH($B$3&"|4|"&F$59&"|"&$A62,'Master Data'!$A$2:$A$2436,0)),"") -> Kids 0/4 coach: – | G62: =IFERROR(INDEX('Master Data'!$M$2:$M$2436,MATCH($B$3&"|4|"&G$59&"|"&$A62,'Master Data'!$A$2:$A$2436,0)),"") -> Kids 3/4 coach: Dian | H62: =IFERROR(INDEX('Master Data'!$M$2:$M$2436,MATCH($B$3&"|4|"&H$59&"|"&$A62,'Master Data'!$A$2:$A$2436,0)),"") -> Kids 3/4 coach: Eka | T62: =IFERROR(INDEX('Master Data'!$L$2:$L$2436,MATCH($B$3&"|4|"&B$59&"|"&$A62,'Master Data'!$A$2:$A$2436,0)),"") -> Belum terisi | U62: =IFERROR(INDEX('Master Data'!$L$2:$L$2436,MATCH($B$3&"|4|"&C$59&"|"&$A62,'Master Data'!$A$2:$A$2436,0)),"") -> Belum terisi | V62: =IFERROR(INDEX('Master Data'!$L$2:$L$2436,MATCH($B$3&"|4|"&D$59&"|"&$A62,'Master Data'!$A$2:$A$2436,0)),"") -> Belum terisi | W62: =IFERROR(INDEX('Master Data'!$L$2:$L$2436,MATCH($B$3&"|4|"&E$59&"|"&$A62,'Master Data'!$A$2:$A$2436,0)),"") -> Sebagian | X62: =IFERROR(INDEX('Master Data'!$L$2:$L$2436,MATCH($B$3&"|4|"&F$59&"|"&$A62,'Master Data'!$A$2:$A$2436,0)),"") -> Belum terisi | Y62: =IFERROR(INDEX('Master Data'!$L$2:$L$2436,MATCH($B$3&"|4|"&G$59&"|"&$A62,'Master Data'!$A$2:$A$2436,0)),"") -> Sebagian | Z62: =IFERROR(INDEX('Master Data'!$L$2:$L$2436,MATCH($B$3&"|4|"&H$59&"|"&$A62,'Master Data'!$A$2:$A$2436,0)),"") -> Sebagian
A63: 10:15 | B63: =IFERROR(INDEX('Master Data'!$M$2:$M$2436,MATCH($B$3&"|4|"&B$59&"|"&$A63,'Master Data'!$A$2:$A$2436,0)),"") -> Kids 0/4 coach: – | C63: =IFERROR(INDEX('Master Data'!$M$2:$M$2436,MATCH($B$3&"|4|"&C$59&"|"&$A63,'Master Data'!$A$2:$A$2436,0)),"") -> Kids 0/4 coach: – | D63: =IFERROR(INDEX('Master Data'!$M$2:$M$2436,MATCH($B$3&"|4|"&D$59&"|"&$A63,'Master Data'!$A$2:$A$2436,0)),"") -> Kids 0/4 coach: – | E63: =IFERROR(INDEX('Master Data'!$M$2:$M$2436,MATCH($B$3&"|4|"&E$59&"|"&$A63,'Master Data'!$A$2:$A$2436,0)),"") -> Kids 0/4 coach: – | F63: =IFERROR(INDEX('Master Data'!$M$2:$M$2436,MATCH($B$3&"|4|"&F$59&"|"&$A63,'Master Data'!$A$2:$A$2436,0)),"") -> Kids 3/4 coach: Rischa | G63: =IFERROR(INDEX('Master Data'!$M$2:$M$2436,MATCH($B$3&"|4|"&G$59&"|"&$A63,'Master Data'!$A$2:$A$2436,0)),"") -> Kids 4/4 coach: Danti | H63: =IFERROR(INDEX('Master Data'!$M$2:$M$2436,MATCH($B$3&"|4|"&H$59&"|"&$A63,'Master Data'!$A$2:$A$2436,0)),"") -> Kids 4/4 coach: Daffa | T63: =IFERROR(INDEX('Master Data'!$L$2:$L$2436,MATCH($B$3&"|4|"&B$59&"|"&$A63,'Master Data'!$A$2:$A$2436,0)),"") -> Belum terisi | U63: =IFERROR(INDEX('Master Data'!$L$2:$L$2436,MATCH($B$3&"|4|"&C$59&"|"&$A63,'Master Data'!$A$2:$A$2436,0)),"") -> Belum terisi | V63: =IFERROR(INDEX('Master Data'!$L$2:$L$2436,MATCH($B$3&"|4|"&D$59&"|"&$A63,'Master Data'!$A$2:$A$2436,0)),"") -> Belum terisi | W63: =IFERROR(INDEX('Master Data'!$L$2:$L$2436,MATCH($B$3&"|4|"&E$59&"|"&$A63,'Master Data'!$A$2:$A$2436,0)),"") -> Belum terisi | X63: =IFERROR(INDEX('Master Data'!$L$2:$L$2436,MATCH($B$3&"|4|"&F$59&"|"&$A63,'Master Data'!$A$2:$A$2436,0)),"") -> Sebagian | Y63: =IFERROR(INDEX('Master Data'!$L$2:$L$2436,MATCH($B$3&"|4|"&G$59&"|"&$A63,'Master Data'!$A$2:$A$2436,0)),"") -> Penuh | Z63: =IFERROR(INDEX('Master Data'!$L$2:$L$2436,MATCH($B$3&"|4|"&H$59&"|"&$A63,'Master Data'!$A$2:$A$2436,0)),"") -> Penuh
A64: 11:00 | B64: =IFERROR(INDEX('Master Data'!$M$2:$M$2436,MATCH($B$3&"|4|"&B$59&"|"&$A64,'Master Data'!$A$2:$A$2436,0)),"") -> Kids 0/4 coach: – | C64: =IFERROR(INDEX('Master Data'!$M$2:$M$2436,MATCH($B$3&"|4|"&C$59&"|"&$A64,'Master Data'!$A$2:$A$2436,0)),"") -> Kids 0/4 coach: – | D64: =IFERROR(INDEX('Master Data'!$M$2:$M$2436,MATCH($B$3&"|4|"&D$59&"|"&$A64,'Master Data'!$A$2:$A$2436,0)),"") -> Kids 0/4 coach: – | E64: =IFERROR(INDEX('Master Data'!$M$2:$M$2436,MATCH($B$3&"|4|"&E$59&"|"&$A64,'Master Data'!$A$2:$A$2436,0)),"") -> Kids 0/4 coach: – | F64: =IFERROR(INDEX('Master Data'!$M$2:$M$2436,MATCH($B$3&"|4|"&F$59&"|"&$A64,'Master Data'!$A$2:$A$2436,0)),"") -> Kids 3/4 coach: Eka | G64: =IFERROR(INDEX('Master Data'!$M$2:$M$2436,MATCH($B$3&"|4|"&G$59&"|"&$A64,'Master Data'!$A$2:$A$2436,0)),"") -> Kids 4/4 coach: Daffa | H64: =IFERROR(INDEX('Master Data'!$M$2:$M$2436,MATCH($B$3&"|4|"&H$59&"|"&$A64,'Master Data'!$A$2:$A$2436,0)),"") -> Kids 4/4 coach: Nuky | T64: =IFERROR(INDEX('Master Data'!$L$2:$L$2436,MATCH($B$3&"|4|"&B$59&"|"&$A64,'Master Data'!$A$2:$A$2436,0)),"") -> Belum terisi | U64: =IFERROR(INDEX('Master Data'!$L$2:$L$2436,MATCH($B$3&"|4|"&C$59&"|"&$A64,'Master Data'!$A$2:$A$2436,0)),"") -> Belum terisi | V64: =IFERROR(INDEX('Master Data'!$L$2:$L$2436,MATCH($B$3&"|4|"&D$59&"|"&$A64,'Master Data'!$A$2:$A$2436,0)),"") -> Belum terisi | W64: =IFERROR(INDEX('Master Data'!$L$2:$L$2436,MATCH($B$3&"|4|"&E$59&"|"&$A64,'Master Data'!$A$2:$A$2436,0)),"") -> Belum terisi | X64: =IFERROR(INDEX('Master Data'!$L$2:$L$2436,MATCH($B$3&"|4|"&F$59&"|"&$A64,'Master Data'!$A$2:$A$2436,0)),"") -> Sebagian | Y64: =IFERROR(INDEX('Master Data'!$L$2:$L$2436,MATCH($B$3&"|4|"&G$59&"|"&$A64,'Master Data'!$A$2:$A$2436,0)),"") -> Penuh | Z64: =IFERROR(INDEX('Master Data'!$L$2:$L$2436,MATCH($B$3&"|4|"&H$59&"|"&$A64,'Master Data'!$A$2:$A$2436,0)),"") -> Penuh
A65: 11:45 | B65: =IFERROR(INDEX('Master Data'!$M$2:$M$2436,MATCH($B$3&"|4|"&B$59&"|"&$A65,'Master Data'!$A$2:$A$2436,0)),"") -> Kids 0/0 coach: – | C65: =IFERROR(INDEX('Master Data'!$M$2:$M$2436,MATCH($B$3&"|4|"&C$59&"|"&$A65,'Master Data'!$A$2:$A$2436,0)),"") -> Kids 0/0 coach: – | D65: =IFERROR(INDEX('Master Data'!$M$2:$M$2436,MATCH($B$3&"|4|"&D$59&"|"&$A65,'Master Data'!$A$2:$A$2436,0)),"") -> Kids 0/0 coach: – | E65: =IFERROR(INDEX('Master Data'!$M$2:$M$2436,MATCH($B$3&"|4|"&E$59&"|"&$A65,'Master Data'!$A$2:$A$2436,0)),"") -> Kids 0/0 coach: – | F65: =IFERROR(INDEX('Master Data'!$M$2:$M$2436,MATCH($B$3&"|4|"&F$59&"|"&$A65,'Master Data'!$A$2:$A$2436,0)),"") -> Kids 0/0 coach: – | G65: =IFERROR(INDEX('Master Data'!$M$2:$M$2436,MATCH($B$3&"|4|"&G$59&"|"&$A65,'Master Data'!$A$2:$A$2436,0)),"") -> Kids 4/4 coach: Surya | H65: =IFERROR(INDEX('Master Data'!$M$2:$M$2436,MATCH($B$3&"|4|"&H$59&"|"&$A65,'Master Data'!$A$2:$A$2436,0)),"") -> Kids 4/4 coach: Zidane | T65: =IFERROR(INDEX('Master Data'!$L$2:$L$2436,MATCH($B$3&"|4|"&B$59&"|"&$A65,'Master Data'!$A$2:$A$2436,0)),"") -> Tutup | U65: =IFERROR(INDEX('Master Data'!$L$2:$L$2436,MATCH($B$3&"|4|"&C$59&"|"&$A65,'Master Data'!$A$2:$A$2436,0)),"") -> Tutup | V65: =IFERROR(INDEX('Master Data'!$L$2:$L$2436,MATCH($B$3&"|4|"&D$59&"|"&$A65,'Master Data'!$A$2:$A$2436,0)),"") -> Tutup | W65: =IFERROR(INDEX('Master Data'!$L$2:$L$2436,MATCH($B$3&"|4|"&E$59&"|"&$A65,'Master Data'!$A$2:$A$2436,0)),"") -> Tutup | X65: =IFERROR(INDEX('Master Data'!$L$2:$L$2436,MATCH($B$3&"|4|"&F$59&"|"&$A65,'Master Data'!$A$2:$A$2436,0)),"") -> Tutup | Y65: =IFERROR(INDEX('Master Data'!$L$2:$L$2436,MATCH($B$3&"|4|"&G$59&"|"&$A65,'Master Data'!$A$2:$A$2436,0)),"") -> Penuh | Z65: =IFERROR(INDEX('Master Data'!$L$2:$L$2436,MATCH($B$3&"|4|"&H$59&"|"&$A65,'Master Data'!$A$2:$A$2436,0)),"") -> Penuh
A66: 13:15 | B66: =IFERROR(INDEX('Master Data'!$M$2:$M$2436,MATCH($B$3&"|4|"&B$59&"|"&$A66,'Master Data'!$A$2:$A$2436,0)),"") -> Kids 3/4 coach: Zidane | C66: =IFERROR(INDEX('Master Data'!$M$2:$M$2436,MATCH($B$3&"|4|"&C$59&"|"&$A66,'Master Data'!$A$2:$A$2436,0)),"") -> Kids 3/4 coach: Dian | D66: =IFERROR(INDEX('Master Data'!$M$2:$M$2436,MATCH($B$3&"|4|"&D$59&"|"&$A66,'Master Data'!$A$2:$A$2436,0)),"") -> Kids 4/4 coach: Surya | E66: =IFERROR(INDEX('Master Data'!$M$2:$M$2436,MATCH($B$3&"|4|"&E$59&"|"&$A66,'Master Data'!$A$2:$A$2436,0)),"") -> Kids 0/4 coach: – | F66: =IFERROR(INDEX('Master Data'!$M$2:$M$2436,MATCH($B$3&"|4|"&F$59&"|"&$A66,'Master Data'!$A$2:$A$2436,0)),"") -> Kids 3/4 coach: Eka | G66: =IFERROR(INDEX('Master Data'!$M$2:$M$2436,MATCH($B$3&"|4|"&G$59&"|"&$A66,'Master Data'!$A$2:$A$2436,0)),"") -> Kids 3/4 coach: Surya | H66: =IFERROR(INDEX('Master Data'!$M$2:$M$2436,MATCH($B$3&"|4|"&H$59&"|"&$A66,'Master Data'!$A$2:$A$2436,0)),"") -> Kids 4/4 coach: Rischa | T66: =IFERROR(INDEX('Master Data'!$L$2:$L$2436,MATCH($B$3&"|4|"&B$59&"|"&$A66,'Master Data'!$A$2:$A$2436,0)),"") -> Sebagian | U66: =IFERROR(INDEX('Master Data'!$L$2:$L$2436,MATCH($B$3&"|4|"&C$59&"|"&$A66,'Master Data'!$A$2:$A$2436,0)),"") -> Sebagian | V66: =IFERROR(INDEX('Master Data'!$L$2:$L$2436,MATCH($B$3&"|4|"&D$59&"|"&$A66,'Master Data'!$A$2:$A$2436,0)),"") -> Penuh | W66: =IFERROR(INDEX('Master Data'!$L$2:$L$2436,MATCH($B$3&"|4|"&E$59&"|"&$A66,'Master Data'!$A$2:$A$2436,0)),"") -> Belum terisi | X66: =IFERROR(INDEX('Master Data'!$L$2:$L$2436,MATCH($B$3&"|4|"&F$59&"|"&$A66,'Master Data'!$A$2:$A$2436,0)),"") -> Sebagian | Y66: =IFERROR(INDEX('Master Data'!$L$2:$L$2436,MATCH($B$3&"|4|"&G$59&"|"&$A66,'Master Data'!$A$2:$A$2436,0)),"") -> Sebagian | Z66: =IFERROR(INDEX('Master Data'!$L$2:$L$2436,MATCH($B$3&"|4|"&H$59&"|"&$A66,'Master Data'!$A$2:$A$2436,0)),"") -> Penuh
A67: 14:00 | B67: =IFERROR(INDEX('Master Data'!$M$2:$M$2436,MATCH($B$3&"|4|"&B$59&"|"&$A67,'Master Data'!$A$2:$A$2436,0)),"") -> Kids 4/4 coach: Dian | C67: =IFERROR(INDEX('Master Data'!$M$2:$M$2436,MATCH($B$3&"|4|"&C$59&"|"&$A67,'Master Data'!$A$2:$A$2436,0)),"") -> Kids 4/4 coach: Zidane | D67: =IFERROR(INDEX('Master Data'!$M$2:$M$2436,MATCH($B$3&"|4|"&D$59&"|"&$A67,'Master Data'!$A$2:$A$2436,0)),"") -> Kids 4/4 coach: Danti | E67: =IFERROR(INDEX('Master Data'!$M$2:$M$2436,MATCH($B$3&"|4|"&E$59&"|"&$A67,'Master Data'!$A$2:$A$2436,0)),"") -> Kids 3/4 coach: Surya | F67: =IFERROR(INDEX('Master Data'!$M$2:$M$2436,MATCH($B$3&"|4|"&F$59&"|"&$A67,'Master Data'!$A$2:$A$2436,0)),"") -> Kids 2/4 coach: Daffa | G67: =IFERROR(INDEX('Master Data'!$M$2:$M$2436,MATCH($B$3&"|4|"&G$59&"|"&$A67,'Master Data'!$A$2:$A$2436,0)),"") -> Kids 4/4 coach: Nuky | H67: =IFERROR(INDEX('Master Data'!$M$2:$M$2436,MATCH($B$3&"|4|"&H$59&"|"&$A67,'Master Data'!$A$2:$A$2436,0)),"") -> Kids 4/4 coach: Daffa | T67: =IFERROR(INDEX('Master Data'!$L$2:$L$2436,MATCH($B$3&"|4|"&B$59&"|"&$A67,'Master Data'!$A$2:$A$2436,0)),"") -> Penuh | U67: =IFERROR(INDEX('Master Data'!$L$2:$L$2436,MATCH($B$3&"|4|"&C$59&"|"&$A67,'Master Data'!$A$2:$A$2436,0)),"") -> Penuh | V67: =IFERROR(INDEX('Master Data'!$L$2:$L$2436,MATCH($B$3&"|4|"&D$59&"|"&$A67,'Master Data'!$A$2:$A$2436,0)),"") -> Penuh | W67: =IFERROR(INDEX('Master Data'!$L$2:$L$2436,MATCH($B$3&"|4|"&E$59&"|"&$A67,'Master Data'!$A$2:$A$2436,0)),"") -> Sebagian | X67: =IFERROR(INDEX('Master Data'!$L$2:$L$2436,MATCH($B$3&"|4|"&F$59&"|"&$A67,'Master Data'!$A$2:$A$2436,0)),"") -> Sebagian | Y67: =IFERROR(INDEX('Master Data'!$L$2:$L$2436,MATCH($B$3&"|4|"&G$59&"|"&$A67,'Master Data'!$A$2:$A$2436,0)),"") -> Penuh | Z67: =IFERROR(INDEX('Master Data'!$L$2:$L$2436,MATCH($B$3&"|4|"&H$59&"|"&$A67,'Master Data'!$A$2:$A$2436,0)),"") -> Penuh
A68: 14:45 | B68: =IFERROR(INDEX('Master Data'!$M$2:$M$2436,MATCH($B$3&"|4|"&B$59&"|"&$A68,'Master Data'!$A$2:$A$2436,0)),"") -> Kids 4/4 coach: Danti | C68: =IFERROR(INDEX('Master Data'!$M$2:$M$2436,MATCH($B$3&"|4|"&C$59&"|"&$A68,'Master Data'!$A$2:$A$2436,0)),"") -> Kids 4/4 coach: Dian | D68: =IFERROR(INDEX('Master Data'!$M$2:$M$2436,MATCH($B$3&"|4|"&D$59&"|"&$A68,'Master Data'!$A$2:$A$2436,0)),"") -> Kids 4/4 coach: Danti | E68: =IFERROR(INDEX('Master Data'!$M$2:$M$2436,MATCH($B$3&"|4|"&E$59&"|"&$A68,'Master Data'!$A$2:$A$2436,0)),"") -> Kids 0/0 coach: – | F68: =IFERROR(INDEX('Master Data'!$M$2:$M$2436,MATCH($B$3&"|4|"&F$59&"|"&$A68,'Master Data'!$A$2:$A$2436,0)),"") -> Kids 4/4 coach: Rischa | G68: =IFERROR(INDEX('Master Data'!$M$2:$M$2436,MATCH($B$3&"|4|"&G$59&"|"&$A68,'Master Data'!$A$2:$A$2436,0)),"") -> Kids 4/4 coach: Surya | H68: =IFERROR(INDEX('Master Data'!$M$2:$M$2436,MATCH($B$3&"|4|"&H$59&"|"&$A68,'Master Data'!$A$2:$A$2436,0)),"") -> Kids 4/4 coach: Dian | T68: =IFERROR(INDEX('Master Data'!$L$2:$L$2436,MATCH($B$3&"|4|"&B$59&"|"&$A68,'Master Data'!$A$2:$A$2436,0)),"") -> Penuh | U68: =IFERROR(INDEX('Master Data'!$L$2:$L$2436,MATCH($B$3&"|4|"&C$59&"|"&$A68,'Master Data'!$A$2:$A$2436,0)),"") -> Penuh | V68: =IFERROR(INDEX('Master Data'!$L$2:$L$2436,MATCH($B$3&"|4|"&D$59&"|"&$A68,'Master Data'!$A$2:$A$2436,0)),"") -> Penuh | W68: =IFERROR(INDEX('Master Data'!$L$2:$L$2436,MATCH($B$3&"|4|"&E$59&"|"&$A68,'Master Data'!$A$2:$A$2436,0)),"") -> Tutup | X68: =IFERROR(INDEX('Master Data'!$L$2:$L$2436,MATCH($B$3&"|4|"&F$59&"|"&$A68,'Master Data'!$A$2:$A$2436,0)),"") -> Penuh | Y68: =IFERROR(INDEX('Master Data'!$L$2:$L$2436,MATCH($B$3&"|4|"&G$59&"|"&$A68,'Master Data'!$A$2:$A$2436,0)),"") -> Penuh | Z68: =IFERROR(INDEX('Master Data'!$L$2:$L$2436,MATCH($B$3&"|4|"&H$59&"|"&$A68,'Master Data'!$A$2:$A$2436,0)),"") -> Penuh
A69: 15:30 | B69: =IFERROR(INDEX('Master Data'!$M$2:$M$2436,MATCH($B$3&"|4|"&B$59&"|"&$A69,'Master Data'!$A$2:$A$2436,0)),"") -> Kids 2/4 coach: Zidane | C69: =IFERROR(INDEX('Master Data'!$M$2:$M$2436,MATCH($B$3&"|4|"&C$59&"|"&$A69,'Master Data'!$A$2:$A$2436,0)),"") -> Kids 4/0 coach: Zidane | D69: =IFERROR(INDEX('Master Data'!$M$2:$M$2436,MATCH($B$3&"|4|"&D$59&"|"&$A69,'Master Data'!$A$2:$A$2436,0)),"") -> Kids 4/4 coach: Danti | E69: =IFERROR(INDEX('Master Data'!$M$2:$M$2436,MATCH($B$3&"|4|"&E$59&"|"&$A69,'Master Data'!$A$2:$A$2436,0)),"") -> Kids 3/4 coach: Eka | F69: =IFERROR(INDEX('Master Data'!$M$2:$M$2436,MATCH($B$3&"|4|"&F$59&"|"&$A69,'Master Data'!$A$2:$A$2436,0)),"") -> Kids 3/0 coach: Daffa | G69: =IFERROR(INDEX('Master Data'!$M$2:$M$2436,MATCH($B$3&"|4|"&G$59&"|"&$A69,'Master Data'!$A$2:$A$2436,0)),"") -> Kids 3/4 coach: Dian | H69: =IFERROR(INDEX('Master Data'!$M$2:$M$2436,MATCH($B$3&"|4|"&H$59&"|"&$A69,'Master Data'!$A$2:$A$2436,0)),"") -> Kids 4/4 coach: Surya | T69: =IFERROR(INDEX('Master Data'!$L$2:$L$2436,MATCH($B$3&"|4|"&B$59&"|"&$A69,'Master Data'!$A$2:$A$2436,0)),"") -> Sebagian | U69: =IFERROR(INDEX('Master Data'!$L$2:$L$2436,MATCH($B$3&"|4|"&C$59&"|"&$A69,'Master Data'!$A$2:$A$2436,0)),"") -> Lebih kapasitas | V69: =IFERROR(INDEX('Master Data'!$L$2:$L$2436,MATCH($B$3&"|4|"&D$59&"|"&$A69,'Master Data'!$A$2:$A$2436,0)),"") -> Penuh | W69: =IFERROR(INDEX('Master Data'!$L$2:$L$2436,MATCH($B$3&"|4|"&E$59&"|"&$A69,'Master Data'!$A$2:$A$2436,0)),"") -> Sebagian | X69: =IFERROR(INDEX('Master Data'!$L$2:$L$2436,MATCH($B$3&"|4|"&F$59&"|"&$A69,'Master Data'!$A$2:$A$2436,0)),"") -> Lebih kapasitas | Y69: =IFERROR(INDEX('Master Data'!$L$2:$L$2436,MATCH($B$3&"|4|"&G$59&"|"&$A69,'Master Data'!$A$2:$A$2436,0)),"") -> Sebagian | Z69: =IFERROR(INDEX('Master Data'!$L$2:$L$2436,MATCH($B$3&"|4|"&H$59&"|"&$A69,'Master Data'!$A$2:$A$2436,0)),"") -> Penuh
A70: 16:15 | B70: =IFERROR(INDEX('Master Data'!$M$2:$M$2436,MATCH($B$3&"|4|"&B$59&"|"&$A70,'Master Data'!$A$2:$A$2436,0)),"") -> Kids 4/4 coach: Danti | C70: =IFERROR(INDEX('Master Data'!$M$2:$M$2436,MATCH($B$3&"|4|"&C$59&"|"&$A70,'Master Data'!$A$2:$A$2436,0)),"") -> Kids 3/4 coach: Danti | D70: =IFERROR(INDEX('Master Data'!$M$2:$M$2436,MATCH($B$3&"|4|"&D$59&"|"&$A70,'Master Data'!$A$2:$A$2436,0)),"") -> Kids 4/4 coach: Zidane | E70: =IFERROR(INDEX('Master Data'!$M$2:$M$2436,MATCH($B$3&"|4|"&E$59&"|"&$A70,'Master Data'!$A$2:$A$2436,0)),"") -> Kids 4/4 coach: Eka | F70: =IFERROR(INDEX('Master Data'!$M$2:$M$2436,MATCH($B$3&"|4|"&F$59&"|"&$A70,'Master Data'!$A$2:$A$2436,0)),"") -> Kids 4/4 coach: Dian | G70: =IFERROR(INDEX('Master Data'!$M$2:$M$2436,MATCH($B$3&"|4|"&G$59&"|"&$A70,'Master Data'!$A$2:$A$2436,0)),"") -> Kids 3/4 coach: Zidane | H70: =IFERROR(INDEX('Master Data'!$M$2:$M$2436,MATCH($B$3&"|4|"&H$59&"|"&$A70,'Master Data'!$A$2:$A$2436,0)),"") -> Kids 4/4 coach: Eka | T70: =IFERROR(INDEX('Master Data'!$L$2:$L$2436,MATCH($B$3&"|4|"&B$59&"|"&$A70,'Master Data'!$A$2:$A$2436,0)),"") -> Penuh | U70: =IFERROR(INDEX('Master Data'!$L$2:$L$2436,MATCH($B$3&"|4|"&C$59&"|"&$A70,'Master Data'!$A$2:$A$2436,0)),"") -> Sebagian | V70: =IFERROR(INDEX('Master Data'!$L$2:$L$2436,MATCH($B$3&"|4|"&D$59&"|"&$A70,'Master Data'!$A$2:$A$2436,0)),"") -> Penuh | W70: =IFERROR(INDEX('Master Data'!$L$2:$L$2436,MATCH($B$3&"|4|"&E$59&"|"&$A70,'Master Data'!$A$2:$A$2436,0)),"") -> Penuh | X70: =IFERROR(INDEX('Master Data'!$L$2:$L$2436,MATCH($B$3&"|4|"&F$59&"|"&$A70,'Master Data'!$A$2:$A$2436,0)),"") -> Penuh | Y70: =IFERROR(INDEX('Master Data'!$L$2:$L$2436,MATCH($B$3&"|4|"&G$59&"|"&$A70,'Master Data'!$A$2:$A$2436,0)),"") -> Sebagian | Z70: =IFERROR(INDEX('Master Data'!$L$2:$L$2436,MATCH($B$3&"|4|"&H$59&"|"&$A70,'Master Data'!$A$2:$A$2436,0)),"") -> Penuh
A71: 17:00 | B71: =IFERROR(INDEX('Master Data'!$M$2:$M$2436,MATCH($B$3&"|4|"&B$59&"|"&$A71,'Master Data'!$A$2:$A$2436,0)),"") -> Kids 4/4 coach: Dian | C71: =IFERROR(INDEX('Master Data'!$M$2:$M$2436,MATCH($B$3&"|4|"&C$59&"|"&$A71,'Master Data'!$A$2:$A$2436,0)),"") -> Kids 4/4 coach: Rischa | D71: =IFERROR(INDEX('Master Data'!$M$2:$M$2436,MATCH($B$3&"|4|"&D$59&"|"&$A71,'Master Data'!$A$2:$A$2436,0)),"") -> Kids 3/4 coach: Zidane | E71: =IFERROR(INDEX('Master Data'!$M$2:$M$2436,MATCH($B$3&"|4|"&E$59&"|"&$A71,'Master Data'!$A$2:$A$2436,0)),"") -> Kids 4/4 coach: Daffa | F71: =IFERROR(INDEX('Master Data'!$M$2:$M$2436,MATCH($B$3&"|4|"&F$59&"|"&$A71,'Master Data'!$A$2:$A$2436,0)),"") -> Kids 4/4 coach: Eka | G71: =IFERROR(INDEX('Master Data'!$M$2:$M$2436,MATCH($B$3&"|4|"&G$59&"|"&$A71,'Master Data'!$A$2:$A$2436,0)),"") -> Kids 4/4 coach: Daffa | H71: =IFERROR(INDEX('Master Data'!$M$2:$M$2436,MATCH($B$3&"|4|"&H$59&"|"&$A71,'Master Data'!$A$2:$A$2436,0)),"") -> Kids 2/4 coach: Alan | T71: =IFERROR(INDEX('Master Data'!$L$2:$L$2436,MATCH($B$3&"|4|"&B$59&"|"&$A71,'Master Data'!$A$2:$A$2436,0)),"") -> Penuh | U71: =IFERROR(INDEX('Master Data'!$L$2:$L$2436,MATCH($B$3&"|4|"&C$59&"|"&$A71,'Master Data'!$A$2:$A$2436,0)),"") -> Penuh | V71: =IFERROR(INDEX('Master Data'!$L$2:$L$2436,MATCH($B$3&"|4|"&D$59&"|"&$A71,'Master Data'!$A$2:$A$2436,0)),"") -> Sebagian | W71: =IFERROR(INDEX('Master Data'!$L$2:$L$2436,MATCH($B$3&"|4|"&E$59&"|"&$A71,'Master Data'!$A$2:$A$2436,0)),"") -> Penuh | X71: =IFERROR(INDEX('Master Data'!$L$2:$L$2436,MATCH($B$3&"|4|"&F$59&"|"&$A71,'Master Data'!$A$2:$A$2436,0)),"") -> Penuh | Y71: =IFERROR(INDEX('Master Data'!$L$2:$L$2436,MATCH($B$3&"|4|"&G$59&"|"&$A71,'Master Data'!$A$2:$A$2436,0)),"") -> Penuh | Z71: =IFERROR(INDEX('Master Data'!$L$2:$L$2436,MATCH($B$3&"|4|"&H$59&"|"&$A71,'Master Data'!$A$2:$A$2436,0)),"") -> Sebagian
A73: LANE 5 | C73: ="Utilisasi lane: "&IFERROR(TEXT(SUMIFS('Master Data'!$H$2:$H$2436,'Master Data'!$B$2:$B$2436,$B$3,'Master Data'!$C$2:$C$2436,5,'Master Data'!$G$2:$G$2436,">0")/SUMIFS('Master Data'!$G$2:$G$2436,'Master Data'!$B$2:$B$2436,$B$3,'Master Data'!$C$2:$C$2436,5,'Master Data'!$G$2:$G$2436,">0"),"0%"),"–")&" · Belum terisi: "&COUNTIFS('Master Data'!$B$2:$B$2436,$B$3,'Master Data'!$C$2:$C$2436,5,'Master Data'!$L$2:$L$2436,"Belum terisi")&" · Slot kosong: "&COUNTIFS('Master Data'!$B$2:$B$2436,$B$3,'Master Data'!$C$2:$C$2436,5,'Master Data'!$L$2:$L$2436,"Slot kosong") -> Utilisasi lane: 54% · Belum terisi: 0 · Slot kosong: 29
A74: Jam | B74: Senin | C74: Selasa | D74: Rabu | E74: Kamis | F74: Jumat | G74: Sabtu | H74: Minggu
A75: 08:00 | B75: =IFERROR(INDEX('Master Data'!$M$2:$M$2436,MATCH($B$3&"|5|"&B$74&"|"&$A75,'Master Data'!$A$2:$A$2436,0)),"") -> – | C75: =IFERROR(INDEX('Master Data'!$M$2:$M$2436,MATCH($B$3&"|5|"&C$74&"|"&$A75,'Master Data'!$A$2:$A$2436,0)),"") -> – | D75: =IFERROR(INDEX('Master Data'!$M$2:$M$2436,MATCH($B$3&"|5|"&D$74&"|"&$A75,'Master Data'!$A$2:$A$2436,0)),"") -> – | E75: =IFERROR(INDEX('Master Data'!$M$2:$M$2436,MATCH($B$3&"|5|"&E$74&"|"&$A75,'Master Data'!$A$2:$A$2436,0)),"") -> – | F75: =IFERROR(INDEX('Master Data'!$M$2:$M$2436,MATCH($B$3&"|5|"&F$74&"|"&$A75,'Master Data'!$A$2:$A$2436,0)),"") -> – | G75: =IFERROR(INDEX('Master Data'!$M$2:$M$2436,MATCH($B$3&"|5|"&G$74&"|"&$A75,'Master Data'!$A$2:$A$2436,0)),"") -> – | H75: =IFERROR(INDEX('Master Data'!$M$2:$M$2436,MATCH($B$3&"|5|"&H$74&"|"&$A75,'Master Data'!$A$2:$A$2436,0)),"") -> – | T75: =IFERROR(INDEX('Master Data'!$L$2:$L$2436,MATCH($B$3&"|5|"&B$74&"|"&$A75,'Master Data'!$A$2:$A$2436,0)),"") -> Tidak dibuka | U75: =IFERROR(INDEX('Master Data'!$L$2:$L$2436,MATCH($B$3&"|5|"&C$74&"|"&$A75,'Master Data'!$A$2:$A$2436,0)),"") -> Tidak dibuka | V75: =IFERROR(INDEX('Master Data'!$L$2:$L$2436,MATCH($B$3&"|5|"&D$74&"|"&$A75,'Master Data'!$A$2:$A$2436,0)),"") -> Tidak dibuka | W75: =IFERROR(INDEX('Master Data'!$L$2:$L$2436,MATCH($B$3&"|5|"&E$74&"|"&$A75,'Master Data'!$A$2:$A$2436,0)),"") -> Tidak dibuka | X75: =IFERROR(INDEX('Master Data'!$L$2:$L$2436,MATCH($B$3&"|5|"&F$74&"|"&$A75,'Master Data'!$A$2:$A$2436,0)),"") -> Tidak dibuka | Y75: =IFERROR(INDEX('Master Data'!$L$2:$L$2436,MATCH($B$3&"|5|"&G$74&"|"&$A75,'Master Data'!$A$2:$A$2436,0)),"") -> Tidak dibuka | Z75: =IFERROR(INDEX('Master Data'!$L$2:$L$2436,MATCH($B$3&"|5|"&H$74&"|"&$A75,'Master Data'!$A$2:$A$2436,0)),"") -> Tidak dibuka
A76: 08:45 | B76: =IFERROR(INDEX('Master Data'!$M$2:$M$2436,MATCH($B$3&"|5|"&B$74&"|"&$A76,'Master Data'!$A$2:$A$2436,0)),"") -> (tanpa age group) 0/4 coach: – | C76: =IFERROR(INDEX('Master Data'!$M$2:$M$2436,MATCH($B$3&"|5|"&C$74&"|"&$A76,'Master Data'!$A$2:$A$2436,0)),"") -> (tanpa age group) 0/4 coach: – | D76: =IFERROR(INDEX('Master Data'!$M$2:$M$2436,MATCH($B$3&"|5|"&D$74&"|"&$A76,'Master Data'!$A$2:$A$2436,0)),"") -> (tanpa age group) 0/4 coach: – | E76: =IFERROR(INDEX('Master Data'!$M$2:$M$2436,MATCH($B$3&"|5|"&E$74&"|"&$A76,'Master Data'!$A$2:$A$2436,0)),"") -> (tanpa age group) 0/4 coach: – | F76: =IFERROR(INDEX('Master Data'!$M$2:$M$2436,MATCH($B$3&"|5|"&F$74&"|"&$A76,'Master Data'!$A$2:$A$2436,0)),"") -> (tanpa age group) 0/4 coach: – | G76: =IFERROR(INDEX('Master Data'!$M$2:$M$2436,MATCH($B$3&"|5|"&G$74&"|"&$A76,'Master Data'!$A$2:$A$2436,0)),"") -> Little 4/4 coach: Nuky | H76: =IFERROR(INDEX('Master Data'!$M$2:$M$2436,MATCH($B$3&"|5|"&H$74&"|"&$A76,'Master Data'!$A$2:$A$2436,0)),"") -> Little 4/4 coach: Daffa | T76: =IFERROR(INDEX('Master Data'!$L$2:$L$2436,MATCH($B$3&"|5|"&B$74&"|"&$A76,'Master Data'!$A$2:$A$2436,0)),"") -> Slot kosong | U76: =IFERROR(INDEX('Master Data'!$L$2:$L$2436,MATCH($B$3&"|5|"&C$74&"|"&$A76,'Master Data'!$A$2:$A$2436,0)),"") -> Slot kosong | V76: =IFERROR(INDEX('Master Data'!$L$2:$L$2436,MATCH($B$3&"|5|"&D$74&"|"&$A76,'Master Data'!$A$2:$A$2436,0)),"") -> Slot kosong | W76: =IFERROR(INDEX('Master Data'!$L$2:$L$2436,MATCH($B$3&"|5|"&E$74&"|"&$A76,'Master Data'!$A$2:$A$2436,0)),"") -> Slot kosong | X76: =IFERROR(INDEX('Master Data'!$L$2:$L$2436,MATCH($B$3&"|5|"&F$74&"|"&$A76,'Master Data'!$A$2:$A$2436,0)),"") -> Slot kosong | Y76: =IFERROR(INDEX('Master Data'!$L$2:$L$2436,MATCH($B$3&"|5|"&G$74&"|"&$A76,'Master Data'!$A$2:$A$2436,0)),"") -> Penuh | Z76: =IFERROR(INDEX('Master Data'!$L$2:$L$2436,MATCH($B$3&"|5|"&H$74&"|"&$A76,'Master Data'!$A$2:$A$2436,0)),"") -> Penuh
A77: 09:30 | B77: =IFERROR(INDEX('Master Data'!$M$2:$M$2436,MATCH($B$3&"|5|"&B$74&"|"&$A77,'Master Data'!$A$2:$A$2436,0)),"") -> (tanpa age group) 0/4 coach: – | C77: =IFERROR(INDEX('Master Data'!$M$2:$M$2436,MATCH($B$3&"|5|"&C$74&"|"&$A77,'Master Data'!$A$2:$A$2436,0)),"") -> (tanpa age group) 0/4 coach: – | D77: =IFERROR(INDEX('Master Data'!$M$2:$M$2436,MATCH($B$3&"|5|"&D$74&"|"&$A77,'Master Data'!$A$2:$A$2436,0)),"") -> (tanpa age group) 0/4 coach: – | E77: =IFERROR(INDEX('Master Data'!$M$2:$M$2436,MATCH($B$3&"|5|"&E$74&"|"&$A77,'Master Data'!$A$2:$A$2436,0)),"") -> (tanpa age group) 0/4 coach: – | F77: =IFERROR(INDEX('Master Data'!$M$2:$M$2436,MATCH($B$3&"|5|"&F$74&"|"&$A77,'Master Data'!$A$2:$A$2436,0)),"") -> (tanpa age group) 0/4 coach: – | G77: =IFERROR(INDEX('Master Data'!$M$2:$M$2436,MATCH($B$3&"|5|"&G$74&"|"&$A77,'Master Data'!$A$2:$A$2436,0)),"") -> Little 4/4 coach: Danti | H77: =IFERROR(INDEX('Master Data'!$M$2:$M$2436,MATCH($B$3&"|5|"&H$74&"|"&$A77,'Master Data'!$A$2:$A$2436,0)),"") -> Little 4/4 coach: Danti | T77: =IFERROR(INDEX('Master Data'!$L$2:$L$2436,MATCH($B$3&"|5|"&B$74&"|"&$A77,'Master Data'!$A$2:$A$2436,0)),"") -> Slot kosong | U77: =IFERROR(INDEX('Master Data'!$L$2:$L$2436,MATCH($B$3&"|5|"&C$74&"|"&$A77,'Master Data'!$A$2:$A$2436,0)),"") -> Slot kosong | V77: =IFERROR(INDEX('Master Data'!$L$2:$L$2436,MATCH($B$3&"|5|"&D$74&"|"&$A77,'Master Data'!$A$2:$A$2436,0)),"") -> Slot kosong | W77: =IFERROR(INDEX('Master Data'!$L$2:$L$2436,MATCH($B$3&"|5|"&E$74&"|"&$A77,'Master Data'!$A$2:$A$2436,0)),"") -> Slot kosong | X77: =IFERROR(INDEX('Master Data'!$L$2:$L$2436,MATCH($B$3&"|5|"&F$74&"|"&$A77,'Master Data'!$A$2:$A$2436,0)),"") -> Slot kosong | Y77: =IFERROR(INDEX('Master Data'!$L$2:$L$2436,MATCH($B$3&"|5|"&G$74&"|"&$A77,'Master Data'!$A$2:$A$2436,0)),"") -> Penuh | Z77: =IFERROR(INDEX('Master Data'!$L$2:$L$2436,MATCH($B$3&"|5|"&H$74&"|"&$A77,'Master Data'!$A$2:$A$2436,0)),"") -> Penuh
A78: 10:15 | B78: =IFERROR(INDEX('Master Data'!$M$2:$M$2436,MATCH($B$3&"|5|"&B$74&"|"&$A78,'Master Data'!$A$2:$A$2436,0)),"") -> (tanpa age group) 0/4 coach: – | C78: =IFERROR(INDEX('Master Data'!$M$2:$M$2436,MATCH($B$3&"|5|"&C$74&"|"&$A78,'Master Data'!$A$2:$A$2436,0)),"") -> (tanpa age group) 0/4 coach: – | D78: =IFERROR(INDEX('Master Data'!$M$2:$M$2436,MATCH($B$3&"|5|"&D$74&"|"&$A78,'Master Data'!$A$2:$A$2436,0)),"") -> (tanpa age group) 0/4 coach: – | E78: =IFERROR(INDEX('Master Data'!$M$2:$M$2436,MATCH($B$3&"|5|"&E$74&"|"&$A78,'Master Data'!$A$2:$A$2436,0)),"") -> (tanpa age group) 0/4 coach: – | F78: =IFERROR(INDEX('Master Data'!$M$2:$M$2436,MATCH($B$3&"|5|"&F$74&"|"&$A78,'Master Data'!$A$2:$A$2436,0)),"") -> (tanpa age group) 0/4 coach: – | G78: =IFERROR(INDEX('Master Data'!$M$2:$M$2436,MATCH($B$3&"|5|"&G$74&"|"&$A78,'Master Data'!$A$2:$A$2436,0)),"") -> Kids 4/4 coach: Nuky | H78: =IFERROR(INDEX('Master Data'!$M$2:$M$2436,MATCH($B$3&"|5|"&H$74&"|"&$A78,'Master Data'!$A$2:$A$2436,0)),"") -> Kids 4/4 coach: Rischa | T78: =IFERROR(INDEX('Master Data'!$L$2:$L$2436,MATCH($B$3&"|5|"&B$74&"|"&$A78,'Master Data'!$A$2:$A$2436,0)),"") -> Slot kosong | U78: =IFERROR(INDEX('Master Data'!$L$2:$L$2436,MATCH($B$3&"|5|"&C$74&"|"&$A78,'Master Data'!$A$2:$A$2436,0)),"") -> Slot kosong | V78: =IFERROR(INDEX('Master Data'!$L$2:$L$2436,MATCH($B$3&"|5|"&D$74&"|"&$A78,'Master Data'!$A$2:$A$2436,0)),"") -> Slot kosong | W78: =IFERROR(INDEX('Master Data'!$L$2:$L$2436,MATCH($B$3&"|5|"&E$74&"|"&$A78,'Master Data'!$A$2:$A$2436,0)),"") -> Slot kosong | X78: =IFERROR(INDEX('Master Data'!$L$2:$L$2436,MATCH($B$3&"|5|"&F$74&"|"&$A78,'Master Data'!$A$2:$A$2436,0)),"") -> Slot kosong | Y78: =IFERROR(INDEX('Master Data'!$L$2:$L$2436,MATCH($B$3&"|5|"&G$74&"|"&$A78,'Master Data'!$A$2:$A$2436,0)),"") -> Penuh | Z78: =IFERROR(INDEX('Master Data'!$L$2:$L$2436,MATCH($B$3&"|5|"&H$74&"|"&$A78,'Master Data'!$A$2:$A$2436,0)),"") -> Penuh
A79: 11:00 | B79: =IFERROR(INDEX('Master Data'!$M$2:$M$2436,MATCH($B$3&"|5|"&B$74&"|"&$A79,'Master Data'!$A$2:$A$2436,0)),"") -> (tanpa age group) 0/4 coach: – | C79: =IFERROR(INDEX('Master Data'!$M$2:$M$2436,MATCH($B$3&"|5|"&C$74&"|"&$A79,'Master Data'!$A$2:$A$2436,0)),"") -> (tanpa age group) 0/4 coach: – | D79: =IFERROR(INDEX('Master Data'!$M$2:$M$2436,MATCH($B$3&"|5|"&D$74&"|"&$A79,'Master Data'!$A$2:$A$2436,0)),"") -> (tanpa age group) 0/4 coach: – | E79: =IFERROR(INDEX('Master Data'!$M$2:$M$2436,MATCH($B$3&"|5|"&E$74&"|"&$A79,'Master Data'!$A$2:$A$2436,0)),"") -> (tanpa age group) 0/4 coach: – | F79: =IFERROR(INDEX('Master Data'!$M$2:$M$2436,MATCH($B$3&"|5|"&F$74&"|"&$A79,'Master Data'!$A$2:$A$2436,0)),"") -> Kids 4/4 coach: Gita | G79: =IFERROR(INDEX('Master Data'!$M$2:$M$2436,MATCH($B$3&"|5|"&G$74&"|"&$A79,'Master Data'!$A$2:$A$2436,0)),"") -> Kids 4/4 coach: Rischa | H79: =IFERROR(INDEX('Master Data'!$M$2:$M$2436,MATCH($B$3&"|5|"&H$74&"|"&$A79,'Master Data'!$A$2:$A$2436,0)),"") -> Little 3/4 coach: Dian | T79: =IFERROR(INDEX('Master Data'!$L$2:$L$2436,MATCH($B$3&"|5|"&B$74&"|"&$A79,'Master Data'!$A$2:$A$2436,0)),"") -> Slot kosong | U79: =IFERROR(INDEX('Master Data'!$L$2:$L$2436,MATCH($B$3&"|5|"&C$74&"|"&$A79,'Master Data'!$A$2:$A$2436,0)),"") -> Slot kosong | V79: =IFERROR(INDEX('Master Data'!$L$2:$L$2436,MATCH($B$3&"|5|"&D$74&"|"&$A79,'Master Data'!$A$2:$A$2436,0)),"") -> Slot kosong | W79: =IFERROR(INDEX('Master Data'!$L$2:$L$2436,MATCH($B$3&"|5|"&E$74&"|"&$A79,'Master Data'!$A$2:$A$2436,0)),"") -> Slot kosong | X79: =IFERROR(INDEX('Master Data'!$L$2:$L$2436,MATCH($B$3&"|5|"&F$74&"|"&$A79,'Master Data'!$A$2:$A$2436,0)),"") -> Penuh | Y79: =IFERROR(INDEX('Master Data'!$L$2:$L$2436,MATCH($B$3&"|5|"&G$74&"|"&$A79,'Master Data'!$A$2:$A$2436,0)),"") -> Penuh | Z79: =IFERROR(INDEX('Master Data'!$L$2:$L$2436,MATCH($B$3&"|5|"&H$74&"|"&$A79,'Master Data'!$A$2:$A$2436,0)),"") -> Sebagian
A80: 11:45 | B80: =IFERROR(INDEX('Master Data'!$M$2:$M$2436,MATCH($B$3&"|5|"&B$74&"|"&$A80,'Master Data'!$A$2:$A$2436,0)),"") -> – | C80: =IFERROR(INDEX('Master Data'!$M$2:$M$2436,MATCH($B$3&"|5|"&C$74&"|"&$A80,'Master Data'!$A$2:$A$2436,0)),"") -> – | D80: =IFERROR(INDEX('Master Data'!$M$2:$M$2436,MATCH($B$3&"|5|"&D$74&"|"&$A80,'Master Data'!$A$2:$A$2436,0)),"") -> (tanpa age group) 0/4 coach: – | E80: =IFERROR(INDEX('Master Data'!$M$2:$M$2436,MATCH($B$3&"|5|"&E$74&"|"&$A80,'Master Data'!$A$2:$A$2436,0)),"") -> (tanpa age group) 0/4 coach: – | F80: =IFERROR(INDEX('Master Data'!$M$2:$M$2436,MATCH($B$3&"|5|"&F$74&"|"&$A80,'Master Data'!$A$2:$A$2436,0)),"") -> (tanpa age group) 0/4 coach: – | G80: =IFERROR(INDEX('Master Data'!$M$2:$M$2436,MATCH($B$3&"|5|"&G$74&"|"&$A80,'Master Data'!$A$2:$A$2436,0)),"") -> Kids 4/4 coach: Nuky | H80: =IFERROR(INDEX('Master Data'!$M$2:$M$2436,MATCH($B$3&"|5|"&H$74&"|"&$A80,'Master Data'!$A$2:$A$2436,0)),"") -> (tanpa age group) 0/4 coach: – | T80: =IFERROR(INDEX('Master Data'!$L$2:$L$2436,MATCH($B$3&"|5|"&B$74&"|"&$A80,'Master Data'!$A$2:$A$2436,0)),"") -> Tidak dibuka | U80: =IFERROR(INDEX('Master Data'!$L$2:$L$2436,MATCH($B$3&"|5|"&C$74&"|"&$A80,'Master Data'!$A$2:$A$2436,0)),"") -> Tidak dibuka | V80: =IFERROR(INDEX('Master Data'!$L$2:$L$2436,MATCH($B$3&"|5|"&D$74&"|"&$A80,'Master Data'!$A$2:$A$2436,0)),"") -> Slot kosong | W80: =IFERROR(INDEX('Master Data'!$L$2:$L$2436,MATCH($B$3&"|5|"&E$74&"|"&$A80,'Master Data'!$A$2:$A$2436,0)),"") -> Slot kosong | X80: =IFERROR(INDEX('Master Data'!$L$2:$L$2436,MATCH($B$3&"|5|"&F$74&"|"&$A80,'Master Data'!$A$2:$A$2436,0)),"") -> Slot kosong | Y80: =IFERROR(INDEX('Master Data'!$L$2:$L$2436,MATCH($B$3&"|5|"&G$74&"|"&$A80,'Master Data'!$A$2:$A$2436,0)),"") -> Penuh | Z80: =IFERROR(INDEX('Master Data'!$L$2:$L$2436,MATCH($B$3&"|5|"&H$74&"|"&$A80,'Master Data'!$A$2:$A$2436,0)),"") -> Slot kosong
A81: 13:15 | B81: =IFERROR(INDEX('Master Data'!$M$2:$M$2436,MATCH($B$3&"|5|"&B$74&"|"&$A81,'Master Data'!$A$2:$A$2436,0)),"") -> (tanpa age group) 0/4 coach: – | C81: =IFERROR(INDEX('Master Data'!$M$2:$M$2436,MATCH($B$3&"|5|"&C$74&"|"&$A81,'Master Data'!$A$2:$A$2436,0)),"") -> (tanpa age group) 0/4 coach: – | D81: =IFERROR(INDEX('Master Data'!$M$2:$M$2436,MATCH($B$3&"|5|"&D$74&"|"&$A81,'Master Data'!$A$2:$A$2436,0)),"") -> Little 3/4 coach: Eka | E81: =IFERROR(INDEX('Master Data'!$M$2:$M$2436,MATCH($B$3&"|5|"&E$74&"|"&$A81,'Master Data'!$A$2:$A$2436,0)),"") -> Little 2/4 coach: Nuky | F81: =IFERROR(INDEX('Master Data'!$M$2:$M$2436,MATCH($B$3&"|5|"&F$74&"|"&$A81,'Master Data'!$A$2:$A$2436,0)),"") -> Kids 4/4 coach: Daffa | G81: =IFERROR(INDEX('Master Data'!$M$2:$M$2436,MATCH($B$3&"|5|"&G$74&"|"&$A81,'Master Data'!$A$2:$A$2436,0)),"") -> Little 3/4 coach: Eka | H81: =IFERROR(INDEX('Master Data'!$M$2:$M$2436,MATCH($B$3&"|5|"&H$74&"|"&$A81,'Master Data'!$A$2:$A$2436,0)),"") -> Kids 4/4 coach: Danti | T81: =IFERROR(INDEX('Master Data'!$L$2:$L$2436,MATCH($B$3&"|5|"&B$74&"|"&$A81,'Master Data'!$A$2:$A$2436,0)),"") -> Slot kosong | U81: =IFERROR(INDEX('Master Data'!$L$2:$L$2436,MATCH($B$3&"|5|"&C$74&"|"&$A81,'Master Data'!$A$2:$A$2436,0)),"") -> Slot kosong | V81: =IFERROR(INDEX('Master Data'!$L$2:$L$2436,MATCH($B$3&"|5|"&D$74&"|"&$A81,'Master Data'!$A$2:$A$2436,0)),"") -> Sebagian | W81: =IFERROR(INDEX('Master Data'!$L$2:$L$2436,MATCH($B$3&"|5|"&E$74&"|"&$A81,'Master Data'!$A$2:$A$2436,0)),"") -> Sebagian | X81: =IFERROR(INDEX('Master Data'!$L$2:$L$2436,MATCH($B$3&"|5|"&F$74&"|"&$A81,'Master Data'!$A$2:$A$2436,0)),"") -> Penuh | Y81: =IFERROR(INDEX('Master Data'!$L$2:$L$2436,MATCH($B$3&"|5|"&G$74&"|"&$A81,'Master Data'!$A$2:$A$2436,0)),"") -> Sebagian | Z81: =IFERROR(INDEX('Master Data'!$L$2:$L$2436,MATCH($B$3&"|5|"&H$74&"|"&$A81,'Master Data'!$A$2:$A$2436,0)),"") -> Penuh
A82: 14:00 | B82: =IFERROR(INDEX('Master Data'!$M$2:$M$2436,MATCH($B$3&"|5|"&B$74&"|"&$A82,'Master Data'!$A$2:$A$2436,0)),"") -> Little 3/4 coach: Daffa | C82: =IFERROR(INDEX('Master Data'!$M$2:$M$2436,MATCH($B$3&"|5|"&C$74&"|"&$A82,'Master Data'!$A$2:$A$2436,0)),"") -> Little 3/4 coach: Tessa | D82: =IFERROR(INDEX('Master Data'!$M$2:$M$2436,MATCH($B$3&"|5|"&D$74&"|"&$A82,'Master Data'!$A$2:$A$2436,0)),"") -> (tanpa age group) 0/4 coach: – | E82: =IFERROR(INDEX('Master Data'!$M$2:$M$2436,MATCH($B$3&"|5|"&E$74&"|"&$A82,'Master Data'!$A$2:$A$2436,0)),"") -> Kids 4/4 coach: Eka | F82: =IFERROR(INDEX('Master Data'!$M$2:$M$2436,MATCH($B$3&"|5|"&F$74&"|"&$A82,'Master Data'!$A$2:$A$2436,0)),"") -> Kids 3/4 coach: Eka | G82: =IFERROR(INDEX('Master Data'!$M$2:$M$2436,MATCH($B$3&"|5|"&G$74&"|"&$A82,'Master Data'!$A$2:$A$2436,0)),"") -> Little 4/4 coach: Surya | H82: =IFERROR(INDEX('Master Data'!$M$2:$M$2436,MATCH($B$3&"|5|"&H$74&"|"&$A82,'Master Data'!$A$2:$A$2436,0)),"") -> Kids 4/4 coach: Nuky | T82: =IFERROR(INDEX('Master Data'!$L$2:$L$2436,MATCH($B$3&"|5|"&B$74&"|"&$A82,'Master Data'!$A$2:$A$2436,0)),"") -> Sebagian | U82: =IFERROR(INDEX('Master Data'!$L$2:$L$2436,MATCH($B$3&"|5|"&C$74&"|"&$A82,'Master Data'!$A$2:$A$2436,0)),"") -> Sebagian | V82: =IFERROR(INDEX('Master Data'!$L$2:$L$2436,MATCH($B$3&"|5|"&D$74&"|"&$A82,'Master Data'!$A$2:$A$2436,0)),"") -> Slot kosong | W82: =IFERROR(INDEX('Master Data'!$L$2:$L$2436,MATCH($B$3&"|5|"&E$74&"|"&$A82,'Master Data'!$A$2:$A$2436,0)),"") -> Penuh | X82: =IFERROR(INDEX('Master Data'!$L$2:$L$2436,MATCH($B$3&"|5|"&F$74&"|"&$A82,'Master Data'!$A$2:$A$2436,0)),"") -> Sebagian | Y82: =IFERROR(INDEX('Master Data'!$L$2:$L$2436,MATCH($B$3&"|5|"&G$74&"|"&$A82,'Master Data'!$A$2:$A$2436,0)),"") -> Penuh | Z82: =IFERROR(INDEX('Master Data'!$L$2:$L$2436,MATCH($B$3&"|5|"&H$74&"|"&$A82,'Master Data'!$A$2:$A$2436,0)),"") -> Penuh
A83: 14:45 | B83: =IFERROR(INDEX('Master Data'!$M$2:$M$2436,MATCH($B$3&"|5|"&B$74&"|"&$A83,'Master Data'!$A$2:$A$2436,0)),"") -> Kids 4/4 coach: Dian | C83: =IFERROR(INDEX('Master Data'!$M$2:$M$2436,MATCH($B$3&"|5|"&C$74&"|"&$A83,'Master Data'!$A$2:$A$2436,0)),"") -> (tanpa age group) 0/4 coach: – | D83: =IFERROR(INDEX('Master Data'!$M$2:$M$2436,MATCH($B$3&"|5|"&D$74&"|"&$A83,'Master Data'!$A$2:$A$2436,0)),"") -> (tanpa age group) 0/4 coach: – | E83: =IFERROR(INDEX('Master Data'!$M$2:$M$2436,MATCH($B$3&"|5|"&E$74&"|"&$A83,'Master Data'!$A$2:$A$2436,0)),"") -> – | F83: =IFERROR(INDEX('Master Data'!$M$2:$M$2436,MATCH($B$3&"|5|"&F$74&"|"&$A83,'Master Data'!$A$2:$A$2436,0)),"") -> Little 4/4 coach: Nuky | G83: =IFERROR(INDEX('Master Data'!$M$2:$M$2436,MATCH($B$3&"|5|"&G$74&"|"&$A83,'Master Data'!$A$2:$A$2436,0)),"") -> Kids 3/4 coach: Rischa | H83: =IFERROR(INDEX('Master Data'!$M$2:$M$2436,MATCH($B$3&"|5|"&H$74&"|"&$A83,'Master Data'!$A$2:$A$2436,0)),"") -> Little 4/4 coach: Daffa | T83: =IFERROR(INDEX('Master Data'!$L$2:$L$2436,MATCH($B$3&"|5|"&B$74&"|"&$A83,'Master Data'!$A$2:$A$2436,0)),"") -> Penuh | U83: =IFERROR(INDEX('Master Data'!$L$2:$L$2436,MATCH($B$3&"|5|"&C$74&"|"&$A83,'Master Data'!$A$2:$A$2436,0)),"") -> Slot kosong | V83: =IFERROR(INDEX('Master Data'!$L$2:$L$2436,MATCH($B$3&"|5|"&D$74&"|"&$A83,'Master Data'!$A$2:$A$2436,0)),"") -> Slot kosong | W83: =IFERROR(INDEX('Master Data'!$L$2:$L$2436,MATCH($B$3&"|5|"&E$74&"|"&$A83,'Master Data'!$A$2:$A$2436,0)),"") -> Tidak dibuka | X83: =IFERROR(INDEX('Master Data'!$L$2:$L$2436,MATCH($B$3&"|5|"&F$74&"|"&$A83,'Master Data'!$A$2:$A$2436,0)),"") -> Penuh | Y83: =IFERROR(INDEX('Master Data'!$L$2:$L$2436,MATCH($B$3&"|5|"&G$74&"|"&$A83,'Master Data'!$A$2:$A$2436,0)),"") -> Sebagian | Z83: =IFERROR(INDEX('Master Data'!$L$2:$L$2436,MATCH($B$3&"|5|"&H$74&"|"&$A83,'Master Data'!$A$2:$A$2436,0)),"") -> Penuh
A84: 15:30 | B84: =IFERROR(INDEX('Master Data'!$M$2:$M$2436,MATCH($B$3&"|5|"&B$74&"|"&$A84,'Master Data'!$A$2:$A$2436,0)),"") -> Kids 4/4 coach: Rischa | C84: =IFERROR(INDEX('Master Data'!$M$2:$M$2436,MATCH($B$3&"|5|"&C$74&"|"&$A84,'Master Data'!$A$2:$A$2436,0)),"") -> Little 2/4 coach: Danti | D84: =IFERROR(INDEX('Master Data'!$M$2:$M$2436,MATCH($B$3&"|5|"&D$74&"|"&$A84,'Master Data'!$A$2:$A$2436,0)),"") -> Kids 4/4 coach: Nuky | E84: =IFERROR(INDEX('Master Data'!$M$2:$M$2436,MATCH($B$3&"|5|"&E$74&"|"&$A84,'Master Data'!$A$2:$A$2436,0)),"") -> Kids 4/0 coach: Nuky | F84: =IFERROR(INDEX('Master Data'!$M$2:$M$2436,MATCH($B$3&"|5|"&F$74&"|"&$A84,'Master Data'!$A$2:$A$2436,0)),"") -> Kids 4/4 coach: Rischa | G84: =IFERROR(INDEX('Master Data'!$M$2:$M$2436,MATCH($B$3&"|5|"&G$74&"|"&$A84,'Master Data'!$A$2:$A$2436,0)),"") -> Kids 4/4 coach: Danti | H84: =IFERROR(INDEX('Master Data'!$M$2:$M$2436,MATCH($B$3&"|5|"&H$74&"|"&$A84,'Master Data'!$A$2:$A$2436,0)),"") -> Kids 4/4 coach: Eka | T84: =IFERROR(INDEX('Master Data'!$L$2:$L$2436,MATCH($B$3&"|5|"&B$74&"|"&$A84,'Master Data'!$A$2:$A$2436,0)),"") -> Penuh | U84: =IFERROR(INDEX('Master Data'!$L$2:$L$2436,MATCH($B$3&"|5|"&C$74&"|"&$A84,'Master Data'!$A$2:$A$2436,0)),"") -> Sebagian | V84: =IFERROR(INDEX('Master Data'!$L$2:$L$2436,MATCH($B$3&"|5|"&D$74&"|"&$A84,'Master Data'!$A$2:$A$2436,0)),"") -> Penuh | W84: =IFERROR(INDEX('Master Data'!$L$2:$L$2436,MATCH($B$3&"|5|"&E$74&"|"&$A84,'Master Data'!$A$2:$A$2436,0)),"") -> Lebih kapasitas | X84: =IFERROR(INDEX('Master Data'!$L$2:$L$2436,MATCH($B$3&"|5|"&F$74&"|"&$A84,'Master Data'!$A$2:$A$2436,0)),"") -> Penuh | Y84: =IFERROR(INDEX('Master Data'!$L$2:$L$2436,MATCH($B$3&"|5|"&G$74&"|"&$A84,'Master Data'!$A$2:$A$2436,0)),"") -> Penuh | Z84: =IFERROR(INDEX('Master Data'!$L$2:$L$2436,MATCH($B$3&"|5|"&H$74&"|"&$A84,'Master Data'!$A$2:$A$2436,0)),"") -> Penuh
A85: 16:15 | B85: =IFERROR(INDEX('Master Data'!$M$2:$M$2436,MATCH($B$3&"|5|"&B$74&"|"&$A85,'Master Data'!$A$2:$A$2436,0)),"") -> Kids 2/4 coach: Daffa | C85: =IFERROR(INDEX('Master Data'!$M$2:$M$2436,MATCH($B$3&"|5|"&C$74&"|"&$A85,'Master Data'!$A$2:$A$2436,0)),"") -> Kids 4/4 coach: Tessa | D85: =IFERROR(INDEX('Master Data'!$M$2:$M$2436,MATCH($B$3&"|5|"&D$74&"|"&$A85,'Master Data'!$A$2:$A$2436,0)),"") -> Kids 4/4 coach: Danti | E85: =IFERROR(INDEX('Master Data'!$M$2:$M$2436,MATCH($B$3&"|5|"&E$74&"|"&$A85,'Master Data'!$A$2:$A$2436,0)),"") -> Kids 4/0 coach: Nuky | F85: =IFERROR(INDEX('Master Data'!$M$2:$M$2436,MATCH($B$3&"|5|"&F$74&"|"&$A85,'Master Data'!$A$2:$A$2436,0)),"") -> Kids 4/4 coach: Nuky | G85: =IFERROR(INDEX('Master Data'!$M$2:$M$2436,MATCH($B$3&"|5|"&G$74&"|"&$A85,'Master Data'!$A$2:$A$2436,0)),"") -> Kids 4/4 coach: Eka | H85: =IFERROR(INDEX('Master Data'!$M$2:$M$2436,MATCH($B$3&"|5|"&H$74&"|"&$A85,'Master Data'!$A$2:$A$2436,0)),"") -> Kids 4/4 coach: Surya | T85: =IFERROR(INDEX('Master Data'!$L$2:$L$2436,MATCH($B$3&"|5|"&B$74&"|"&$A85,'Master Data'!$A$2:$A$2436,0)),"") -> Sebagian | U85: =IFERROR(INDEX('Master Data'!$L$2:$L$2436,MATCH($B$3&"|5|"&C$74&"|"&$A85,'Master Data'!$A$2:$A$2436,0)),"") -> Penuh | V85: =IFERROR(INDEX('Master Data'!$L$2:$L$2436,MATCH($B$3&"|5|"&D$74&"|"&$A85,'Master Data'!$A$2:$A$2436,0)),"") -> Penuh | W85: =IFERROR(INDEX('Master Data'!$L$2:$L$2436,MATCH($B$3&"|5|"&E$74&"|"&$A85,'Master Data'!$A$2:$A$2436,0)),"") -> Lebih kapasitas | X85: =IFERROR(INDEX('Master Data'!$L$2:$L$2436,MATCH($B$3&"|5|"&F$74&"|"&$A85,'Master Data'!$A$2:$A$2436,0)),"") -> Penuh | Y85: =IFERROR(INDEX('Master Data'!$L$2:$L$2436,MATCH($B$3&"|5|"&G$74&"|"&$A85,'Master Data'!$A$2:$A$2436,0)),"") -> Penuh | Z85: =IFERROR(INDEX('Master Data'!$L$2:$L$2436,MATCH($B$3&"|5|"&H$74&"|"&$A85,'Master Data'!$A$2:$A$2436,0)),"") -> Penuh
A86: 17:00 | B86: =IFERROR(INDEX('Master Data'!$M$2:$M$2436,MATCH($B$3&"|5|"&B$74&"|"&$A86,'Master Data'!$A$2:$A$2436,0)),"") -> Kids 4/4 coach: Danti | C86: =IFERROR(INDEX('Master Data'!$M$2:$M$2436,MATCH($B$3&"|5|"&C$74&"|"&$A86,'Master Data'!$A$2:$A$2436,0)),"") -> Little 4/4 coach: Dian | D86: =IFERROR(INDEX('Master Data'!$M$2:$M$2436,MATCH($B$3&"|5|"&D$74&"|"&$A86,'Master Data'!$A$2:$A$2436,0)),"") -> Kids 4/4 coach: Nuky | E86: =IFERROR(INDEX('Master Data'!$M$2:$M$2436,MATCH($B$3&"|5|"&E$74&"|"&$A86,'Master Data'!$A$2:$A$2436,0)),"") -> Kids 4/0 coach: Eka | F86: =IFERROR(INDEX('Master Data'!$M$2:$M$2436,MATCH($B$3&"|5|"&F$74&"|"&$A86,'Master Data'!$A$2:$A$2436,0)),"") -> Little 4/4 coach: Daffa | G86: =IFERROR(INDEX('Master Data'!$M$2:$M$2436,MATCH($B$3&"|5|"&G$74&"|"&$A86,'Master Data'!$A$2:$A$2436,0)),"") -> Little 3/4 coach: Surya | H86: =IFERROR(INDEX('Master Data'!$M$2:$M$2436,MATCH($B$3&"|5|"&H$74&"|"&$A86,'Master Data'!$A$2:$A$2436,0)),"") -> (tanpa age group) 0/4 coach: – | T86: =IFERROR(INDEX('Master Data'!$L$2:$L$2436,MATCH($B$3&"|5|"&B$74&"|"&$A86,'Master Data'!$A$2:$A$2436,0)),"") -> Penuh | U86: =IFERROR(INDEX('Master Data'!$L$2:$L$2436,MATCH($B$3&"|5|"&C$74&"|"&$A86,'Master Data'!$A$2:$A$2436,0)),"") -> Penuh | V86: =IFERROR(INDEX('Master Data'!$L$2:$L$2436,MATCH($B$3&"|5|"&D$74&"|"&$A86,'Master Data'!$A$2:$A$2436,0)),"") -> Penuh | W86: =IFERROR(INDEX('Master Data'!$L$2:$L$2436,MATCH($B$3&"|5|"&E$74&"|"&$A86,'Master Data'!$A$2:$A$2436,0)),"") -> Lebih kapasitas | X86: =IFERROR(INDEX('Master Data'!$L$2:$L$2436,MATCH($B$3&"|5|"&F$74&"|"&$A86,'Master Data'!$A$2:$A$2436,0)),"") -> Penuh | Y86: =IFERROR(INDEX('Master Data'!$L$2:$L$2436,MATCH($B$3&"|5|"&G$74&"|"&$A86,'Master Data'!$A$2:$A$2436,0)),"") -> Sebagian | Z86: =IFERROR(INDEX('Master Data'!$L$2:$L$2436,MATCH($B$3&"|5|"&H$74&"|"&$A86,'Master Data'!$A$2:$A$2436,0)),"") -> Slot kosong
A89: DAFTAR DISKUSI · kelas yang belum terisi & slot kosong
A90: Isi kolom kuning saat meeting. Filter kolom Keputusan untuk daftar yang dijual Student Advisor minggu ini.
A91: No | B91: Hari | C91: Jam | D91: Lane | E91: Status | F91: Age group terjadwal | G91: Kapasitas | H91: Coach terjadwal | I91: Coach available (age group yang diajar) | J91: Age group tersedia | K91: Keputusan | L91: Age group dijual | M91: Coach PIC | N91: Target murid | O91: Catatan
A92: 1 | B92: Senin | C92: 08:45 | D92: 4 | E92: =IFERROR(INDEX('Master Data'!$L$2:$L$2436,MATCH($B$3&"|"&D92&"|"&B92&"|"&C92,'Master Data'!$A$2:$A$2436,0)),"") -> Belum terisi | F92: =IFERROR(INDEX('Master Data'!$F$2:$F$2436,MATCH($B$3&"|"&D92&"|"&B92&"|"&C92,'Master Data'!$A$2:$A$2436,0))&"","") -> Kids | G92: =IFERROR(INDEX('Master Data'!$G$2:$G$2436,MATCH($B$3&"|"&D92&"|"&B92&"|"&C92,'Master Data'!$A$2:$A$2436,0)),"") -> 4 | H92: =IFERROR(INDEX('Master Data'!$K$2:$K$2436,MATCH($B$3&"|"&D92&"|"&B92&"|"&C92,'Master Data'!$A$2:$A$2436,0))&"","") | I92: Danti (Baby, Tiny, Little, Kids); Rischa (Baby, Tiny, Little, Kids); Dian (Little, Kids); Gita (Tiny, Little, Kids) | J92: Baby, Tiny, Little, Kids
A93: 2 | B93: Senin | C93: 08:45 | D93: 5 | E93: =IFERROR(INDEX('Master Data'!$L$2:$L$2436,MATCH($B$3&"|"&D93&"|"&B93&"|"&C93,'Master Data'!$A$2:$A$2436,0)),"") -> Slot kosong | F93: =IFERROR(INDEX('Master Data'!$F$2:$F$2436,MATCH($B$3&"|"&D93&"|"&B93&"|"&C93,'Master Data'!$A$2:$A$2436,0))&"","") | G93: =IFERROR(INDEX('Master Data'!$G$2:$G$2436,MATCH($B$3&"|"&D93&"|"&B93&"|"&C93,'Master Data'!$A$2:$A$2436,0)),"") -> 4 | H93: =IFERROR(INDEX('Master Data'!$K$2:$K$2436,MATCH($B$3&"|"&D93&"|"&B93&"|"&C93,'Master Data'!$A$2:$A$2436,0))&"","") | I93: Danti (Baby, Tiny, Little, Kids); Rischa (Baby, Tiny, Little, Kids); Dian (Little, Kids); Gita (Tiny, Little, Kids) | J93: Baby, Tiny, Little, Kids
A94: 3 | B94: Senin | C94: 09:00 | D94: 1 | E94: =IFERROR(INDEX('Master Data'!$L$2:$L$2436,MATCH($B$3&"|"&D94&"|"&B94&"|"&C94,'Master Data'!$A$2:$A$2436,0)),"") -> Slot kosong | F94: =IFERROR(INDEX('Master Data'!$F$2:$F$2436,MATCH($B$3&"|"&D94&"|"&B94&"|"&C94,'Master Data'!$A$2:$A$2436,0))&"","") | G94: =IFERROR(INDEX('Master Data'!$G$2:$G$2436,MATCH($B$3&"|"&D94&"|"&B94&"|"&C94,'Master Data'!$A$2:$A$2436,0)),"") -> 5 | H94: =IFERROR(INDEX('Master Data'!$K$2:$K$2436,MATCH($B$3&"|"&D94&"|"&B94&"|"&C94,'Master Data'!$A$2:$A$2436,0))&"","") | I94: Danti (Baby, Tiny, Little, Kids); Rischa (Baby, Tiny, Little, Kids); Dian (Little, Kids); Gita (Tiny, Little, Kids) | J94: Baby, Tiny, Little, Kids
A95: 4 | B95: Senin | C95: 09:30 | D95: 3 | E95: =IFERROR(INDEX('Master Data'!$L$2:$L$2436,MATCH($B$3&"|"&D95&"|"&B95&"|"&C95,'Master Data'!$A$2:$A$2436,0)),"") -> Belum terisi | F95: =IFERROR(INDEX('Master Data'!$F$2:$F$2436,MATCH($B$3&"|"&D95&"|"&B95&"|"&C95,'Master Data'!$A$2:$A$2436,0))&"","") -> Little | G95: =IFERROR(INDEX('Master Data'!$G$2:$G$2436,MATCH($B$3&"|"&D95&"|"&B95&"|"&C95,'Master Data'!$A$2:$A$2436,0)),"") -> 4 | H95: =IFERROR(INDEX('Master Data'!$K$2:$K$2436,MATCH($B$3&"|"&D95&"|"&B95&"|"&C95,'Master Data'!$A$2:$A$2436,0))&"","") | I95: Danti (Baby, Tiny, Little, Kids); Rischa (Baby, Tiny, Little, Kids); Daffa (Little, Kids); Dian (Little, Kids); Gita (Tiny, Little, Kids) | J95: Baby, Tiny, Little, Kids
A96: 5 | B96: Senin | C96: 09:30 | D96: 4 | E96: =IFERROR(INDEX('Master Data'!$L$2:$L$2436,MATCH($B$3&"|"&D96&"|"&B96&"|"&C96,'Master Data'!$A$2:$A$2436,0)),"") -> Belum terisi | F96: =IFERROR(INDEX('Master Data'!$F$2:$F$2436,MATCH($B$3&"|"&D96&"|"&B96&"|"&C96,'Master Data'!$A$2:$A$2436,0))&"","") -> Kids | G96: =IFERROR(INDEX('Master Data'!$G$2:$G$2436,MATCH($B$3&"|"&D96&"|"&B96&"|"&C96,'Master Data'!$A$2:$A$2436,0)),"") -> 4 | H96: =IFERROR(INDEX('Master Data'!$K$2:$K$2436,MATCH($B$3&"|"&D96&"|"&B96&"|"&C96,'Master Data'!$A$2:$A$2436,0))&"","") | I96: Danti (Baby, Tiny, Little, Kids); Rischa (Baby, Tiny, Little, Kids); Daffa (Little, Kids); Dian (Little, Kids); Gita (Tiny, Little, Kids) | J96: Baby, Tiny, Little, Kids
A97: 6 | B97: Senin | C97: 09:30 | D97: 5 | E97: =IFERROR(INDEX('Master Data'!$L$2:$L$2436,MATCH($B$3&"|"&D97&"|"&B97&"|"&C97,'Master Data'!$A$2:$A$2436,0)),"") -> Slot kosong | F97: =IFERROR(INDEX('Master Data'!$F$2:$F$2436,MATCH($B$3&"|"&D97&"|"&B97&"|"&C97,'Master Data'!$A$2:$A$2436,0))&"","") | G97: =IFERROR(INDEX('Master Data'!$G$2:$G$2436,MATCH($B$3&"|"&D97&"|"&B97&"|"&C97,'Master Data'!$A$2:$A$2436,0)),"") -> 4 | H97: =IFERROR(INDEX('Master Data'!$K$2:$K$2436,MATCH($B$3&"|"&D97&"|"&B97&"|"&C97,'Master Data'!$A$2:$A$2436,0))&"","") | I97: Danti (Baby, Tiny, Little, Kids); Rischa (Baby, Tiny, Little, Kids); Daffa (Little, Kids); Dian (Little, Kids); Gita (Tiny, Little, Kids) | J97: Baby, Tiny, Little, Kids
A98: 7 | B98: Senin | C98: 09:45 | D98: 1 | E98: =IFERROR(INDEX('Master Data'!$L$2:$L$2436,MATCH($B$3&"|"&D98&"|"&B98&"|"&C98,'Master Data'!$A$2:$A$2436,0)),"") -> Slot kosong | F98: =IFERROR(INDEX('Master Data'!$F$2:$F$2436,MATCH($B$3&"|"&D98&"|"&B98&"|"&C98,'Master Data'!$A$2:$A$2436,0))&"","") | G98: =IFERROR(INDEX('Master Data'!$G$2:$G$2436,MATCH($B$3&"|"&D98&"|"&B98&"|"&C98,'Master Data'!$A$2:$A$2436,0)),"") -> 5 | H98: =IFERROR(INDEX('Master Data'!$K$2:$K$2436,MATCH($B$3&"|"&D98&"|"&B98&"|"&C98,'Master Data'!$A$2:$A$2436,0))&"","") | I98: Danti (Baby, Tiny, Little, Kids); Rischa (Baby, Tiny, Little, Kids); Daffa (Little, Kids); Gita (Tiny, Little, Kids) | J98: Baby, Tiny, Little, Kids
A99: 8 | B99: Senin | C99: 10:15 | D99: 4 | E99: =IFERROR(INDEX('Master Data'!$L$2:$L$2436,MATCH($B$3&"|"&D99&"|"&B99&"|"&C99,'Master Data'!$A$2:$A$2436,0)),"") -> Belum terisi | F99: =IFERROR(INDEX('Master Data'!$F$2:$F$2436,MATCH($B$3&"|"&D99&"|"&B99&"|"&C99,'Master Data'!$A$2:$A$2436,0))&"","") -> Kids | G99: =IFERROR(INDEX('Master Data'!$G$2:$G$2436,MATCH($B$3&"|"&D99&"|"&B99&"|"&C99,'Master Data'!$A$2:$A$2436,0)),"") -> 4 | H99: =IFERROR(INDEX('Master Data'!$K$2:$K$2436,MATCH($B$3&"|"&D99&"|"&B99&"|"&C99,'Master Data'!$A$2:$A$2436,0))&"","") | I99: Rischa (Baby, Tiny, Little, Kids); Daffa (Little, Kids); Gita (Tiny, Little, Kids) | J99: Baby, Tiny, Little, Kids
A100: 9 | B100: Senin | C100: 10:15 | D100: 5 | E100: =IFERROR(INDEX('Master Data'!$L$2:$L$2436,MATCH($B$3&"|"&D100&"|"&B100&"|"&C100,'Master Data'!$A$2:$A$2436,0)),"") -> Slot kosong | F100: =IFERROR(INDEX('Master Data'!$F$2:$F$2436,MATCH($B$3&"|"&D100&"|"&B100&"|"&C100,'Master Data'!$A$2:$A$2436,0))&"","") | G100: =IFERROR(INDEX('Master Data'!$G$2:$G$2436,MATCH($B$3&"|"&D100&"|"&B100&"|"&C100,'Master Data'!$A$2:$A$2436,0)),"") -> 4 | H100: =IFERROR(INDEX('Master Data'!$K$2:$K$2436,MATCH($B$3&"|"&D100&"|"&B100&"|"&C100,'Master Data'!$A$2:$A$2436,0))&"","") | I100: Rischa (Baby, Tiny, Little, Kids); Daffa (Little, Kids); Gita (Tiny, Little, Kids) | J100: Baby, Tiny, Little, Kids
A101: 10 | B101: Senin | C101: 10:30 | D101: 2 | E101: =IFERROR(INDEX('Master Data'!$L$2:$L$2436,MATCH($B$3&"|"&D101&"|"&B101&"|"&C101,'Master Data'!$A$2:$A$2436,0)),"") -> Belum terisi | F101: =IFERROR(INDEX('Master Data'!$F$2:$F$2436,MATCH($B$3&"|"&D101&"|"&B101&"|"&C101,'Master Data'!$A$2:$A$2436,0))&"","") -> Tiny | G101: =IFERROR(INDEX('Master Data'!$G$2:$G$2436,MATCH($B$3&"|"&D101&"|"&B101&"|"&C101,'Master Data'!$A$2:$A$2436,0)),"") -> 5 | H101: =IFERROR(INDEX('Master Data'!$K$2:$K$2436,MATCH($B$3&"|"&D101&"|"&B101&"|"&C101,'Master Data'!$A$2:$A$2436,0))&"","") | I101: Zidane (Baby, Tiny, Little, Kids); Daffa (Little, Kids); Gita (Tiny, Little, Kids) | J101: Baby, Tiny, Little, Kids
A102: 11 | B102: Senin | C102: 11:00 | D102: 4 | E102: =IFERROR(INDEX('Master Data'!$L$2:$L$2436,MATCH($B$3&"|"&D102&"|"&B102&"|"&C102,'Master Data'!$A$2:$A$2436,0)),"") -> Belum terisi | F102: =IFERROR(INDEX('Master Data'!$F$2:$F$2436,MATCH($B$3&"|"&D102&"|"&B102&"|"&C102,'Master Data'!$A$2:$A$2436,0))&"","") -> Kids | G102: =IFERROR(INDEX('Master Data'!$G$2:$G$2436,MATCH($B$3&"|"&D102&"|"&B102&"|"&C102,'Master Data'!$A$2:$A$2436,0)),"") -> 4 | H102: =IFERROR(INDEX('Master Data'!$K$2:$K$2436,MATCH($B$3&"|"&D102&"|"&B102&"|"&C102,'Master Data'!$A$2:$A$2436,0))&"","") | I102: Zidane (Baby, Tiny, Little, Kids); Daffa (Little, Kids); Dian (Little, Kids); Gita (Tiny, Little, Kids) | J102: Baby, Tiny, Little, Kids
A103: 12 | B103: Senin | C103: 11:00 | D103: 5 | E103: =IFERROR(INDEX('Master Data'!$L$2:$L$2436,MATCH($B$3&"|"&D103&"|"&B103&"|"&C103,'Master Data'!$A$2:$A$2436,0)),"") -> Slot kosong | F103: =IFERROR(INDEX('Master Data'!$F$2:$F$2436,MATCH($B$3&"|"&D103&"|"&B103&"|"&C103,'Master Data'!$A$2:$A$2436,0))&"","") | G103: =IFERROR(INDEX('Master Data'!$G$2:$G$2436,MATCH($B$3&"|"&D103&"|"&B103&"|"&C103,'Master Data'!$A$2:$A$2436,0)),"") -> 4 | H103: =IFERROR(INDEX('Master Data'!$K$2:$K$2436,MATCH($B$3&"|"&D103&"|"&B103&"|"&C103,'Master Data'!$A$2:$A$2436,0))&"","") | I103: Zidane (Baby, Tiny, Little, Kids); Daffa (Little, Kids); Dian (Little, Kids); Gita (Tiny, Little, Kids) | J103: Baby, Tiny, Little, Kids
... A195: 104 | B195: Minggu | C195: 17:15 | D195: 2 | E195: =IFERROR(INDEX('Master Data'!$L$2:$L$2436,MATCH($B$3&"|"&D195&"|"&B195&"|"&C195,'Master Data'!$A$2:$A$2436,0)),"") -> Belum terisi | F195: =IFERROR(INDEX('Master Data'!$F$2:$F$2436,MATCH($B$3&"|"&D195&"|"&B195&"|"&C195,'Master Data'!$A$2:$A$2436,0))&"","") -> Tiny | G195: =IFERROR(INDEX('Master Data'!$G$2:$G$2436,MATCH($B$3&"|"&D195&"|"&B195&"|"&C195,'Master Data'!$A$2:$A$2436,0)),"") -> 5 | H195: =IFERROR(INDEX('Master Data'!$K$2:$K$2436,MATCH($B$3&"|"&D195&"|"&B195&"|"&C195,'Master Data'!$A$2:$A$2436,0))&"","") | I195: Danti (Baby, Tiny, Little, Kids); Rischa (Baby, Tiny, Little, Kids); Surya (Baby, Tiny, Little, Kids); Zidane (Baby, Tiny, Little, Kids); Nuky (Baby, Tiny, Little, Kids); Daffa (Little, Kids); +3 lainnya | J195: Baby, Tiny, Little, Kids
A198: COACH · jadwal minggu ini di center ini
A199: Angka = jumlah sesi coach per hari (dihitung dari Master Data). Dipakai untuk memilih coach PIC.
A200: No | B200: Coach | C200: Age group diajar | D200: Senin | E200: Selasa | F200: Rabu | G200: Kamis | H200: Jumat | I200: Sabtu | J200: Minggu | K200: Total sesi | L200: Jam pertama–terakhir
A201: 1 | B201: Danti | C201: Baby, Tiny, Little, Kids | D201: =COUNTIFS('Master Data'!$B$2:$B$2436,$B$3,'Master Data'!$K$2:$K$2436,$B201,'Master Data'!$D$2:$D$2436,D$200) -> 5 | E201: =COUNTIFS('Master Data'!$B$2:$B$2436,$B$3,'Master Data'!$K$2:$K$2436,$B201,'Master Data'!$D$2:$D$2436,E$200) -> 6 | F201: =COUNTIFS('Master Data'!$B$2:$B$2436,$B$3,'Master Data'!$K$2:$K$2436,$B201,'Master Data'!$D$2:$D$2436,F$200) -> 6 | G201: =COUNTIFS('Master Data'!$B$2:$B$2436,$B$3,'Master Data'!$K$2:$K$2436,$B201,'Master Data'!$D$2:$D$2436,G$200) -> 0 | H201: =COUNTIFS('Master Data'!$B$2:$B$2436,$B$3,'Master Data'!$K$2:$K$2436,$B201,'Master Data'!$D$2:$D$2436,H$200) -> 0 | I201: =COUNTIFS('Master Data'!$B$2:$B$2436,$B$3,'Master Data'!$K$2:$K$2436,$B201,'Master Data'!$D$2:$D$2436,I$200) -> 7 | J201: =COUNTIFS('Master Data'!$B$2:$B$2436,$B$3,'Master Data'!$K$2:$K$2436,$B201,'Master Data'!$D$2:$D$2436,J$200) -> 6 | K201: =SUM(D201:J201) -> 30 | L201: 08:45–17:15
A202: 2 | B202: Eka | C202: Baby, Tiny, Little, Kids | D202: =COUNTIFS('Master Data'!$B$2:$B$2436,$B$3,'Master Data'!$K$2:$K$2436,$B202,'Master Data'!$D$2:$D$2436,D$200) -> 0 | E202: =COUNTIFS('Master Data'!$B$2:$B$2436,$B$3,'Master Data'!$K$2:$K$2436,$B202,'Master Data'!$D$2:$D$2436,E$200) -> 0 | F202: =COUNTIFS('Master Data'!$B$2:$B$2436,$B$3,'Master Data'!$K$2:$K$2436,$B202,'Master Data'!$D$2:$D$2436,F$200) -> 5 | G202: =COUNTIFS('Master Data'!$B$2:$B$2436,$B$3,'Master Data'!$K$2:$K$2436,$B202,'Master Data'!$D$2:$D$2436,G$200) -> 6 | H202: =COUNTIFS('Master Data'!$B$2:$B$2436,$B$3,'Master Data'!$K$2:$K$2436,$B202,'Master Data'!$D$2:$D$2436,H$200) -> 6 | I202: =COUNTIFS('Master Data'!$B$2:$B$2436,$B$3,'Master Data'!$K$2:$K$2436,$B202,'Master Data'!$D$2:$D$2436,I$200) -> 6 | J202: =COUNTIFS('Master Data'!$B$2:$B$2436,$B$3,'Master Data'!$K$2:$K$2436,$B202,'Master Data'!$D$2:$D$2436,J$200) -> 6 | K202: =SUM(D202:J202) -> 29 | L202: 09:00–17:15
...

Sheet KWC
A1: SLOT MAP · KWC · Karawaci
A2: Data per 26 Sep 2026 · sumber: Exboard › Reguler Class Availability
A3: Center | B3: KWC | C3: Center Manager
A4: Minggu | B4: W40 · 28 Sep – 4 Okt 2026 | C4: Senior Coach
A6: Ringkasan | B6: Utilisasi | C6: Kursi terisi | D6: Belum terisi | E6: Slot kosong | F6: Sebagian | G6: Penuh | H6: Lebih kapasitas
B7: =IFERROR(SUMIFS('Master Data'!$H$2:$H$2436,'Master Data'!$B$2:$B$2436,$B$3,'Master Data'!$G$2:$G$2436,">0")/SUMIFS('Master Data'!$G$2:$G$2436,'Master Data'!$B$2:$B$2436,$B$3,'Master Data'!$G$2:$G$2436,">0"),"") -> 0.3956743 | C7: =SUMIFS('Master Data'!$H$2:$H$2436,'Master Data'!$B$2:$B$2436,$B$3,'Master Data'!$G$2:$G$2436,">0")&" / "&SUMIFS('Master Data'!$G$2:$G$2436,'Master Data'!$B$2:$B$2436,$B$3,'Master Data'!$G$2:$G$2436,">0") -> 622 / 1572 | D7: =COUNTIFS('Master Data'!$B$2:$B$2436,$B$3,'Master Data'!$L$2:$L$2436,"Belum terisi") -> 110 | E7: =COUNTIFS('Master Data'!$B$2:$B$2436,$B$3,'Master Data'!$L$2:$L$2436,"Slot kosong") -> 35 | F7: =COUNTIFS('Master Data'!$B$2:$B$2436,$B$3,'Master Data'!$L$2:$L$2436,"Sebagian") -> 125 | G7: =COUNTIFS('Master Data'!$B$2:$B$2436,$B$3,'Master Data'!$L$2:$L$2436,"Penuh") -> 76 | H7: =COUNTIFS('Master Data'!$B$2:$B$2436,$B$3,'Master Data'!$L$2:$L$2436,"Lebih kapasitas") -> 3
A9: Warna | B9: Belum terisi | C9: Slot kosong | D9: Sebagian | E9: Penuh | F9: Lebih kapasitas | G9: Tutup
B10: Isi sel: age group terisi/kapasitas, lalu coach. Merah & oranye = bahan diskusi (lihat Daftar Diskusi di bawah).
A11: Lompat ke | B11: → Slot Map | C11: → Daftar Diskusi | D11: → Coach
A13: LANE 1 | C13: ="Utilisasi lane: "&IFERROR(TEXT(SUMIFS('Master Data'!$H$2:$H$2436,'Master Data'!$B$2:$B$2436,$B$3,'Master Data'!$C$2:$C$2436,1,'Master Data'!$G$2:$G$2436,">0")/SUMIFS('Master Data'!$G$2:$G$2436,'Master Data'!$B$2:$B$2436,$B$3,'Master Data'!$C$2:$C$2436,1,'Master Data'!$G$2:$G$2436,">0"),"0%"),"–")&" · Belum terisi: "&COUNTIFS('Master Data'!$B$2:$B$2436,$B$3,'Master Data'!$C$2:$C$2436,1,'Master Data'!$L$2:$L$2436,"Belum terisi")&" · Slot kosong: "&COUNTIFS('Master Data'!$B$2:$B$2436,$B$3,'Master Data'!$C$2:$C$2436,1,'Master Data'!$L$2:$L$2436,"Slot kosong") -> Utilisasi lane: 21% · Belum terisi: 44 · Slot kosong: 0
A14: Jam | B14: Senin | C14: Selasa | D14: Rabu | E14: Kamis | F14: Jumat | G14: Sabtu | H14: Minggu
A15: 08:00 | B15: =IFERROR(INDEX('Master Data'!$M$2:$M$2436,MATCH($B$3&"|1|"&B$14&"|"&$A15,'Master Data'!$A$2:$A$2436,0)),"") -> Baby 0/0 coach: – | C15: =IFERROR(INDEX('Master Data'!$M$2:$M$2436,MATCH($B$3&"|1|"&C$14&"|"&$A15,'Master Data'!$A$2:$A$2436,0)),"") -> Baby 0/0 coach: – | D15: =IFERROR(INDEX('Master Data'!$M$2:$M$2436,MATCH($B$3&"|1|"&D$14&"|"&$A15,'Master Data'!$A$2:$A$2436,0)),"") -> Baby 0/0 coach: – | E15: =IFERROR(INDEX('Master Data'!$M$2:$M$2436,MATCH($B$3&"|1|"&E$14&"|"&$A15,'Master Data'!$A$2:$A$2436,0)),"") -> Baby 0/0 coach: – | F15: =IFERROR(INDEX('Master Data'!$M$2:$M$2436,MATCH($B$3&"|1|"&F$14&"|"&$A15,'Master Data'!$A$2:$A$2436,0)),"") -> Baby 0/0 coach: – | G15: =IFERROR(INDEX('Master Data'!$M$2:$M$2436,MATCH($B$3&"|1|"&G$14&"|"&$A15,'Master Data'!$A$2:$A$2436,0)),"") -> Baby 0/0 coach: – | H15: =IFERROR(INDEX('Master Data'!$M$2:$M$2436,MATCH($B$3&"|1|"&H$14&"|"&$A15,'Master Data'!$A$2:$A$2436,0)),"") -> Baby 0/0 coach: – | T15: =IFERROR(INDEX('Master Data'!$L$2:$L$2436,MATCH($B$3&"|1|"&B$14&"|"&$A15,'Master Data'!$A$2:$A$2436,0)),"") -> Tutup | U15: =IFERROR(INDEX('Master Data'!$L$2:$L$2436,MATCH($B$3&"|1|"&C$14&"|"&$A15,'Master Data'!$A$2:$A$2436,0)),"") -> Tutup | V15: =IFERROR(INDEX('Master Data'!$L$2:$L$2436,MATCH($B$3&"|1|"&D$14&"|"&$A15,'Master Data'!$A$2:$A$2436,0)),"") -> Tutup | W15: =IFERROR(INDEX('Master Data'!$L$2:$L$2436,MATCH($B$3&"|1|"&E$14&"|"&$A15,'Master Data'!$A$2:$A$2436,0)),"") -> Tutup | X15: =IFERROR(INDEX('Master Data'!$L$2:$L$2436,MATCH($B$3&"|1|"&F$14&"|"&$A15,'Master Data'!$A$2:$A$2436,0)),"") -> Tutup | Y15: =IFERROR(INDEX('Master Data'!$L$2:$L$2436,MATCH($B$3&"|1|"&G$14&"|"&$A15,'Master Data'!$A$2:$A$2436,0)),"") -> Tutup | Z15: =IFERROR(INDEX('Master Data'!$L$2:$L$2436,MATCH($B$3&"|1|"&H$14&"|"&$A15,'Master Data'!$A$2:$A$2436,0)),"") -> Tutup
A16: 08:45 | B16: =IFERROR(INDEX('Master Data'!$M$2:$M$2436,MATCH($B$3&"|1|"&B$14&"|"&$A16,'Master Data'!$A$2:$A$2436,0)),"") -> Baby 3/5 coach: Sri | C16: =IFERROR(INDEX('Master Data'!$M$2:$M$2436,MATCH($B$3&"|1|"&C$14&"|"&$A16,'Master Data'!$A$2:$A$2436,0)),"") -> Baby 0/5 coach: – | D16: =IFERROR(INDEX('Master Data'!$M$2:$M$2436,MATCH($B$3&"|1|"&D$14&"|"&$A16,'Master Data'!$A$2:$A$2436,0)),"") -> Baby 0/5 coach: – | E16: =IFERROR(INDEX('Master Data'!$M$2:$M$2436,MATCH($B$3&"|1|"&E$14&"|"&$A16,'Master Data'!$A$2:$A$2436,0)),"") -> Baby 0/5 coach: – | F16: =IFERROR(INDEX('Master Data'!$M$2:$M$2436,MATCH($B$3&"|1|"&F$14&"|"&$A16,'Master Data'!$A$2:$A$2436,0)),"") -> Baby 4/5 coach: Andreas | G16: =IFERROR(INDEX('Master Data'!$M$2:$M$2436,MATCH($B$3&"|1|"&G$14&"|"&$A16,'Master Data'!$A$2:$A$2436,0)),"") -> Baby 5/5 coach: Sri | H16: =IFERROR(INDEX('Master Data'!$M$2:$M$2436,MATCH($B$3&"|1|"&H$14&"|"&$A16,'Master Data'!$A$2:$A$2436,0)),"") -> Baby 5/5 coach: Nabila | T16: =IFERROR(INDEX('Master Data'!$L$2:$L$2436,MATCH($B$3&"|1|"&B$14&"|"&$A16,'Master Data'!$A$2:$A$2436,0)),"") -> Sebagian | U16: =IFERROR(INDEX('Master Data'!$L$2:$L$2436,MATCH($B$3&"|1|"&C$14&"|"&$A16,'Master Data'!$A$2:$A$2436,0)),"") -> Belum terisi | V16: =IFERROR(INDEX('Master Data'!$L$2:$L$2436,MATCH($B$3&"|1|"&D$14&"|"&$A16,'Master Data'!$A$2:$A$2436,0)),"") -> Belum terisi | W16: =IFERROR(INDEX('Master Data'!$L$2:$L$2436,MATCH($B$3&"|1|"&E$14&"|"&$A16,'Master Data'!$A$2:$A$2436,0)),"") -> Belum terisi | X16: =IFERROR(INDEX('Master Data'!$L$2:$L$2436,MATCH($B$3&"|1|"&F$14&"|"&$A16,'Master Data'!$A$2:$A$2436,0)),"") -> Sebagian | Y16: =IFERROR(INDEX('Master Data'!$L$2:$L$2436,MATCH($B$3&"|1|"&G$14&"|"&$A16,'Master Data'!$A$2:$A$2436,0)),"") -> Penuh | Z16: =IFERROR(INDEX('Master Data'!$L$2:$L$2436,MATCH($B$3&"|1|"&H$14&"|"&$A16,'Master Data'!$A$2:$A$2436,0)),"") -> Penuh
A17: 09:30 | B17: =IFERROR(INDEX('Master Data'!$M$2:$M$2436,MATCH($B$3&"|1|"&B$14&"|"&$A17,'Master Data'!$A$2:$A$2436,0)),"") -> Baby 0/5 coach: – | C17: =IFERROR(INDEX('Master Data'!$M$2:$M$2436,MATCH($B$3&"|1|"&C$14&"|"&$A17,'Master Data'!$A$2:$A$2436,0)),"") -> Baby 2/5 coach: Eve | D17: =IFERROR(INDEX('Master Data'!$M$2:$M$2436,MATCH($B$3&"|1|"&D$14&"|"&$A17,'Master Data'!$A$2:$A$2436,0)),"") -> Baby 1/5 coach: Nabila | E17: =IFERROR(INDEX('Master Data'!$M$2:$M$2436,MATCH($B$3&"|1|"&E$14&"|"&$A17,'Master Data'!$A$2:$A$2436,0)),"") -> Baby 0/5 coach: – | F17: =IFERROR(INDEX('Master Data'!$M$2:$M$2436,MATCH($B$3&"|1|"&F$14&"|"&$A17,'Master Data'!$A$2:$A$2436,0)),"") -> Baby 0/5 coach: – | G17: =IFERROR(INDEX('Master Data'!$M$2:$M$2436,MATCH($B$3&"|1|"&G$14&"|"&$A17,'Master Data'!$A$2:$A$2436,0)),"") -> Baby 5/5 coach: Sri | H17: =IFERROR(INDEX('Master Data'!$M$2:$M$2436,MATCH($B$3&"|1|"&H$14&"|"&$A17,'Master Data'!$A$2:$A$2436,0)),"") -> Baby 5/5 coach: Andreas | T17: =IFERROR(INDEX('Master Data'!$L$2:$L$2436,MATCH($B$3&"|1|"&B$14&"|"&$A17,'Master Data'!$A$2:$A$2436,0)),"") -> Belum terisi | U17: =IFERROR(INDEX('Master Data'!$L$2:$L$2436,MATCH($B$3&"|1|"&C$14&"|"&$A17,'Master Data'!$A$2:$A$2436,0)),"") -> Sebagian | V17: =IFERROR(INDEX('Master Data'!$L$2:$L$2436,MATCH($B$3&"|1|"&D$14&"|"&$A17,'Master Data'!$A$2:$A$2436,0)),"") -> Sebagian | W17: =IFERROR(INDEX('Master Data'!$L$2:$L$2436,MATCH($B$3&"|1|"&E$14&"|"&$A17,'Master Data'!$A$2:$A$2436,0)),"") -> Belum terisi | X17: =IFERROR(INDEX('Master Data'!$L$2:$L$2436,MATCH($B$3&"|1|"&F$14&"|"&$A17,'Master Data'!$A$2:$A$2436,0)),"") -> Belum terisi | Y17: =IFERROR(INDEX('Master Data'!$L$2:$L$2436,MATCH($B$3&"|1|"&G$14&"|"&$A17,'Master Data'!$A$2:$A$2436,0)),"") -> Penuh | Z17: =IFERROR(INDEX('Master Data'!$L$2:$L$2436,MATCH($B$3&"|1|"&H$14&"|"&$A17,'Master Data'!$A$2:$A$2436,0)),"") -> Penuh
A18: 10:15 | B18: =IFERROR(INDEX('Master Data'!$M$2:$M$2436,MATCH($B$3&"|1|"&B$14&"|"&$A18,'Master Data'!$A$2:$A$2436,0)),"") -> Baby 0/5 coach: – | C18: =IFERROR(INDEX('Master Data'!$M$2:$M$2436,MATCH($B$3&"|1|"&C$14&"|"&$A18,'Master Data'!$A$2:$A$2436,0)),"") -> Baby 0/5 coach: – | D18: =IFERROR(INDEX('Master Data'!$M$2:$M$2436,MATCH($B$3&"|1|"&D$14&"|"&$A18,'Master Data'!$A$2:$A$2436,0)),"") -> Baby 0/5 coach: – | E18: =IFERROR(INDEX('Master Data'!$M$2:$M$2436,MATCH($B$3&"|1|"&E$14&"|"&$A18,'Master Data'!$A$2:$A$2436,0)),"") -> Baby 3/5 coach: Andreas | F18: =IFERROR(INDEX('Master Data'!$M$2:$M$2436,MATCH($B$3&"|1|"&F$14&"|"&$A18,'Master Data'!$A$2:$A$2436,0)),"") -> Baby 0/5 coach: – | G18: =IFERROR(INDEX('Master Data'!$M$2:$M$2436,MATCH($B$3&"|1|"&G$14&"|"&$A18,'Master Data'!$A$2:$A$2436,0)),"") -> Baby 5/5 coach: Nabila | H18: =IFERROR(INDEX('Master Data'!$M$2:$M$2436,MATCH($B$3&"|1|"&H$14&"|"&$A18,'Master Data'!$A$2:$A$2436,0)),"") -> Baby 5/5 coach: Icis | T18: =IFERROR(INDEX('Master Data'!$L$2:$L$2436,MATCH($B$3&"|1|"&B$14&"|"&$A18,'Master Data'!$A$2:$A$2436,0)),"") -> Belum terisi | U18: =IFERROR(INDEX('Master Data'!$L$2:$L$2436,MATCH($B$3&"|1|"&C$14&"|"&$A18,'Master Data'!$A$2:$A$2436,0)),"") -> Belum terisi | V18: =IFERROR(INDEX('Master Data'!$L$2:$L$2436,MATCH($B$3&"|1|"&D$14&"|"&$A18,'Master Data'!$A$2:$A$2436,0)),"") -> Belum terisi | W18: =IFERROR(INDEX('Master Data'!$L$2:$L$2436,MATCH($B$3&"|1|"&E$14&"|"&$A18,'Master Data'!$A$2:$A$2436,0)),"") -> Sebagian | X18: =IFERROR(INDEX('Master Data'!$L$2:$L$2436,MATCH($B$3&"|1|"&F$14&"|"&$A18,'Master Data'!$A$2:$A$2436,0)),"") -> Belum terisi | Y18: =IFERROR(INDEX('Master Data'!$L$2:$L$2436,MATCH($B$3&"|1|"&G$14&"|"&$A18,'Master Data'!$A$2:$A$2436,0)),"") -> Penuh | Z18: =IFERROR(INDEX('Master Data'!$L$2:$L$2436,MATCH($B$3&"|1|"&H$14&"|"&$A18,'Master Data'!$A$2:$A$2436,0)),"") -> Penuh
A19: 11:00 | B19: =IFERROR(INDEX('Master Data'!$M$2:$M$2436,MATCH($B$3&"|1|"&B$14&"|"&$A19,'Master Data'!$A$2:$A$2436,0)),"") -> Baby 0/5 coach: – | C19: =IFERROR(INDEX('Master Data'!$M$2:$M$2436,MATCH($B$3&"|1|"&C$14&"|"&$A19,'Master Data'!$A$2:$A$2436,0)),"") -> Baby 0/5 coach: – | D19: =IFERROR(INDEX('Master Data'!$M$2:$M$2436,MATCH($B$3&"|1|"&D$14&"|"&$A19,'Master Data'!$A$2:$A$2436,0)),"") -> Baby 2/5 coach: Andreas | E19: =IFERROR(INDEX('Master Data'!$M$2:$M$2436,MATCH($B$3&"|1|"&E$14&"|"&$A19,'Master Data'!$A$2:$A$2436,0)),"") -> Baby 0/5 coach: – | F19: =IFERROR(INDEX('Master Data'!$M$2:$M$2436,MATCH($B$3&"|1|"&F$14&"|"&$A19,'Master Data'!$A$2:$A$2436,0)),"") -> Baby 0/5 coach: – | G19: =IFERROR(INDEX('Master Data'!$M$2:$M$2436,MATCH($B$3&"|1|"&G$14&"|"&$A19,'Master Data'!$A$2:$A$2436,0)),"") -> Baby 2/5 coach: Andreas | H19: =IFERROR(INDEX('Master Data'!$M$2:$M$2436,MATCH($B$3&"|1|"&H$14&"|"&$A19,'Master Data'!$A$2:$A$2436,0)),"") -> Baby 3/5 coach: Nabila | T19: =IFERROR(INDEX('Master Data'!$L$2:$L$2436,MATCH($B$3&"|1|"&B$14&"|"&$A19,'Master Data'!$A$2:$A$2436,0)),"") -> Belum terisi | U19: =IFERROR(INDEX('Master Data'!$L$2:$L$2436,MATCH($B$3&"|1|"&C$14&"|"&$A19,'Master Data'!$A$2:$A$2436,0)),"") -> Belum terisi | V19: =IFERROR(INDEX('Master Data'!$L$2:$L$2436,MATCH($B$3&"|1|"&D$14&"|"&$A19,'Master Data'!$A$2:$A$2436,0)),"") -> Sebagian | W19: =IFERROR(INDEX('Master Data'!$L$2:$L$2436,MATCH($B$3&"|1|"&E$14&"|"&$A19,'Master Data'!$A$2:$A$2436,0)),"") -> Belum terisi | X19: =IFERROR(INDEX('Master Data'!$L$2:$L$2436,MATCH($B$3&"|1|"&F$14&"|"&$A19,'Master Data'!$A$2:$A$2436,0)),"") -> Belum terisi | Y19: =IFERROR(INDEX('Master Data'!$L$2:$L$2436,MATCH($B$3&"|1|"&G$14&"|"&$A19,'Master Data'!$A$2:$A$2436,0)),"") -> Sebagian | Z19: =IFERROR(INDEX('Master Data'!$L$2:$L$2436,MATCH($B$3&"|1|"&H$14&"|"&$A19,'Master Data'!$A$2:$A$2436,0)),"") -> Sebagian
A20: 11:45 | B20: =IFERROR(INDEX('Master Data'!$M$2:$M$2436,MATCH($B$3&"|1|"&B$14&"|"&$A20,'Master Data'!$A$2:$A$2436,0)),"") -> Baby 0/5 coach: – | C20: =IFERROR(INDEX('Master Data'!$M$2:$M$2436,MATCH($B$3&"|1|"&C$14&"|"&$A20,'Master Data'!$A$2:$A$2436,0)),"") -> Baby 0/0 coach: – | D20: =IFERROR(INDEX('Master Data'!$M$2:$M$2436,MATCH($B$3&"|1|"&D$14&"|"&$A20,'Master Data'!$A$2:$A$2436,0)),"") -> Baby 0/0 coach: – | E20: =IFERROR(INDEX('Master Data'!$M$2:$M$2436,MATCH($B$3&"|1|"&E$14&"|"&$A20,'Master Data'!$A$2:$A$2436,0)),"") -> Baby 0/0 coach: – | F20: =IFERROR(INDEX('Master Data'!$M$2:$M$2436,MATCH($B$3&"|1|"&F$14&"|"&$A20,'Master Data'!$A$2:$A$2436,0)),"") -> Baby 0/0 coach: – | G20: =IFERROR(INDEX('Master Data'!$M$2:$M$2436,MATCH($B$3&"|1|"&G$14&"|"&$A20,'Master Data'!$A$2:$A$2436,0)),"") -> Baby 0/5 coach: – | H20: =IFERROR(INDEX('Master Data'!$M$2:$M$2436,MATCH($B$3&"|1|"&H$14&"|"&$A20,'Master Data'!$A$2:$A$2436,0)),"") -> Baby 0/5 coach: – | T20: =IFERROR(INDEX('Master Data'!$L$2:$L$2436,MATCH($B$3&"|1|"&B$14&"|"&$A20,'Master Data'!$A$2:$A$2436,0)),"") -> Belum terisi | U20: =IFERROR(INDEX('Master Data'!$L$2:$L$2436,MATCH($B$3&"|1|"&C$14&"|"&$A20,'Master Data'!$A$2:$A$2436,0)),"") -> Tutup | V20: =IFERROR(INDEX('Master Data'!$L$2:$L$2436,MATCH($B$3&"|1|"&D$14&"|"&$A20,'Master Data'!$A$2:$A$2436,0)),"") -> Tutup | W20: =IFERROR(INDEX('Master Data'!$L$2:$L$2436,MATCH($B$3&"|1|"&E$14&"|"&$A20,'Master Data'!$A$2:$A$2436,0)),"") -> Tutup | X20: =IFERROR(INDEX('Master Data'!$L$2:$L$2436,MATCH($B$3&"|1|"&F$14&"|"&$A20,'Master Data'!$A$2:$A$2436,0)),"") -> Tutup | Y20: =IFERROR(INDEX('Master Data'!$L$2:$L$2436,MATCH($B$3&"|1|"&G$14&"|"&$A20,'Master Data'!$A$2:$A$2436,0)),"") -> Belum terisi | Z20: =IFERROR(INDEX('Master Data'!$L$2:$L$2436,MATCH($B$3&"|1|"&H$14&"|"&$A20,'Master Data'!$A$2:$A$2436,0)),"") -> Belum terisi
A21: 13:15 | B21: =IFERROR(INDEX('Master Data'!$M$2:$M$2436,MATCH($B$3&"|1|"&B$14&"|"&$A21,'Master Data'!$A$2:$A$2436,0)),"") -> Baby 0/5 coach: – | C21: =IFERROR(INDEX('Master Data'!$M$2:$M$2436,MATCH($B$3&"|1|"&C$14&"|"&$A21,'Master Data'!$A$2:$A$2436,0)),"") -> Baby 0/5 coach: – | D21: =IFERROR(INDEX('Master Data'!$M$2:$M$2436,MATCH($B$3&"|1|"&D$14&"|"&$A21,'Master Data'!$A$2:$A$2436,0)),"") -> Baby 0/5 coach: – | E21: =IFERROR(INDEX('Master Data'!$M$2:$M$2436,MATCH($B$3&"|1|"&E$14&"|"&$A21,'Master Data'!$A$2:$A$2436,0)),"") -> Baby 0/5 coach: – | F21: =IFERROR(INDEX('Master Data'!$M$2:$M$2436,MATCH($B$3&"|1|"&F$14&"|"&$A21,'Master Data'!$A$2:$A$2436,0)),"") -> Baby 0/5 coach: – | G21: =IFERROR(INDEX('Master Data'!$M$2:$M$2436,MATCH($B$3&"|1|"&G$14&"|"&$A21,'Master Data'!$A$2:$A$2436,0)),"") -> Baby 0/5 coach: – | H21: =IFERROR(INDEX('Master Data'!$M$2:$M$2436,MATCH($B$3&"|1|"&H$14&"|"&$A21,'Master Data'!$A$2:$A$2436,0)),"") -> Baby 1/5 coach: Andreas | T21: =IFERROR(INDEX('Master Data'!$L$2:$L$2436,MATCH($B$3&"|1|"&B$14&"|"&$A21,'Master Data'!$A$2:$A$2436,0)),"") -> Belum terisi | U21: =IFERROR(INDEX('Master Data'!$L$2:$L$2436,MATCH($B$3&"|1|"&C$14&"|"&$A21,'Master Data'!$A$2:$A$2436,0)),"") -> Belum terisi | V21: =IFERROR(INDEX('Master Data'!$L$2:$L$2436,MATCH($B$3&"|1|"&D$14&"|"&$A21,'Master Data'!$A$2:$A$2436,0)),"") -> Belum terisi | W21: =IFERROR(INDEX('Master Data'!$L$2:$L$2436,MATCH($B$3&"|1|"&E$14&"|"&$A21,'Master Data'!$A$2:$A$2436,0)),"") -> Belum terisi | X21: =IFERROR(INDEX('Master Data'!$L$2:$L$2436,MATCH($B$3&"|1|"&F$14&"|"&$A21,'Master Data'!$A$2:$A$2436,0)),"") -> Belum terisi | Y21: =IFERROR(INDEX('Master Data'!$L$2:$L$2436,MATCH($B$3&"|1|"&G$14&"|"&$A21,'Master Data'!$A$2:$A$2436,0)),"") -> Belum terisi | Z21: =IFERROR(INDEX('Master Data'!$L$2:$L$2436,MATCH($B$3&"|1|"&H$14&"|"&$A21,'Master Data'!$A$2:$A$2436,0)),"") -> Sebagian
A22: 14:00 | B22: =IFERROR(INDEX('Master Data'!$M$2:$M$2436,MATCH($B$3&"|1|"&B$14&"|"&$A22,'Master Data'!$A$2:$A$2436,0)),"") -> Baby 0/5 coach: – | C22: =IFERROR(INDEX('Master Data'!$M$2:$M$2436,MATCH($B$3&"|1|"&C$14&"|"&$A22,'Master Data'!$A$2:$A$2436,0)),"") -> Baby 0/5 coach: – | D22: =IFERROR(INDEX('Master Data'!$M$2:$M$2436,MATCH($B$3&"|1|"&D$14&"|"&$A22,'Master Data'!$A$2:$A$2436,0)),"") -> Baby 0/5 coach: – | E22: =IFERROR(INDEX('Master Data'!$M$2:$M$2436,MATCH($B$3&"|1|"&E$14&"|"&$A22,'Master Data'!$A$2:$A$2436,0)),"") -> Baby 0/5 coach: – | F22: =IFERROR(INDEX('Master Data'!$M$2:$M$2436,MATCH($B$3&"|1|"&F$14&"|"&$A22,'Master Data'!$A$2:$A$2436,0)),"") -> Baby 0/5 coach: – | G22: =IFERROR(INDEX('Master Data'!$M$2:$M$2436,MATCH($B$3&"|1|"&G$14&"|"&$A22,'Master Data'!$A$2:$A$2436,0)),"") -> Baby 0/5 coach: – | H22: =IFERROR(INDEX('Master Data'!$M$2:$M$2436,MATCH($B$3&"|1|"&H$14&"|"&$A22,'Master Data'!$A$2:$A$2436,0)),"") -> Baby 0/5 coach: – | T22: =IFERROR(INDEX('Master Data'!$L$2:$L$2436,MATCH($B$3&"|1|"&B$14&"|"&$A22,'Master Data'!$A$2:$A$2436,0)),"") -> Belum terisi | U22: =IFERROR(INDEX('Master Data'!$L$2:$L$2436,MATCH($B$3&"|1|"&C$14&"|"&$A22,'Master Data'!$A$2:$A$2436,0)),"") -> Belum terisi | V22: =IFERROR(INDEX('Master Data'!$L$2:$L$2436,MATCH($B$3&"|1|"&D$14&"|"&$A22,'Master Data'!$A$2:$A$2436,0)),"") -> Belum terisi | W22: =IFERROR(INDEX('Master Data'!$L$2:$L$2436,MATCH($B$3&"|1|"&E$14&"|"&$A22,'Master Data'!$A$2:$A$2436,0)),"") -> Belum terisi | X22: =IFERROR(INDEX('Master Data'!$L$2:$L$2436,MATCH($B$3&"|1|"&F$14&"|"&$A22,'Master Data'!$A$2:$A$2436,0)),"") -> Belum terisi | Y22: =IFERROR(INDEX('Master Data'!$L$2:$L$2436,MATCH($B$3&"|1|"&G$14&"|"&$A22,'Master Data'!$A$2:$A$2436,0)),"") -> Belum terisi | Z22: =IFERROR(INDEX('Master Data'!$L$2:$L$2436,MATCH($B$3&"|1|"&H$14&"|"&$A22,'Master Data'!$A$2:$A$2436,0)),"") -> Belum terisi
A23: 14:45 | B23: =IFERROR(INDEX('Master Data'!$M$2:$M$2436,MATCH($B$3&"|1|"&B$14&"|"&$A23,'Master Data'!$A$2:$A$2436,0)),"") -> Baby 0/0 coach: – | C23: =IFERROR(INDEX('Master Data'!$M$2:$M$2436,MATCH($B$3&"|1|"&C$14&"|"&$A23,'Master Data'!$A$2:$A$2436,0)),"") -> Baby 1/5 coach: Eve | D23: =IFERROR(INDEX('Master Data'!$M$2:$M$2436,MATCH($B$3&"|1|"&D$14&"|"&$A23,'Master Data'!$A$2:$A$2436,0)),"") -> Baby 0/5 coach: – | E23: =IFERROR(INDEX('Master Data'!$M$2:$M$2436,MATCH($B$3&"|1|"&E$14&"|"&$A23,'Master Data'!$A$2:$A$2436,0)),"") -> Baby 0/5 coach: – | F23: =IFERROR(INDEX('Master Data'!$M$2:$M$2436,MATCH($B$3&"|1|"&F$14&"|"&$A23,'Master Data'!$A$2:$A$2436,0)),"") -> Baby 0/0 coach: – | G23: =IFERROR(INDEX('Master Data'!$M$2:$M$2436,MATCH($B$3&"|1|"&G$14&"|"&$A23,'Master Data'!$A$2:$A$2436,0)),"") -> Baby 0/5 coach: – | H23: =IFERROR(INDEX('Master Data'!$M$2:$M$2436,MATCH($B$3&"|1|"&H$14&"|"&$A23,'Master Data'!$A$2:$A$2436,0)),"") -> Baby 2/5 coach: Andreas | T23: =IFERROR(INDEX('Master Data'!$L$2:$L$2436,MATCH($B$3&"|1|"&B$14&"|"&$A23,'Master Data'!$A$2:$A$2436,0)),"") -> Tutup | U23: =IFERROR(INDEX('Master Data'!$L$2:$L$2436,MATCH($B$3&"|1|"&C$14&"|"&$A23,'Master Data'!$A$2:$A$2436,0)),"") -> Sebagian | V23: =IFERROR(INDEX('Master Data'!$L$2:$L$2436,MATCH($B$3&"|1|"&D$14&"|"&$A23,'Master Data'!$A$2:$A$2436,0)),"") -> Belum terisi | W23: =IFERROR(INDEX('Master Data'!$L$2:$L$2436,MATCH($B$3&"|1|"&E$14&"|"&$A23,'Master Data'!$A$2:$A$2436,0)),"") -> Belum terisi | X23: =IFERROR(INDEX('Master Data'!$L$2:$L$2436,MATCH($B$3&"|1|"&F$14&"|"&$A23,'Master Data'!$A$2:$A$2436,0)),"") -> Tutup | Y23: =IFERROR(INDEX('Master Data'!$L$2:$L$2436,MATCH($B$3&"|1|"&G$14&"|"&$A23,'Master Data'!$A$2:$A$2436,0)),"") -> Belum terisi | Z23: =IFERROR(INDEX('Master Data'!$L$2:$L$2436,MATCH($B$3&"|1|"&H$14&"|"&$A23,'Master Data'!$A$2:$A$2436,0)),"") -> Sebagian
A24: 15:30 | B24: =IFERROR(INDEX('Master Data'!$M$2:$M$2436,MATCH($B$3&"|1|"&B$14&"|"&$A24,'Master Data'!$A$2:$A$2436,0)),"") -> Baby 0/0 coach: – | C24: =IFERROR(INDEX('Master Data'!$M$2:$M$2436,MATCH($B$3&"|1|"&C$14&"|"&$A24,'Master Data'!$A$2:$A$2436,0)),"") -> Baby 0/0 coach: – | D24: =IFERROR(INDEX('Master Data'!$M$2:$M$2436,MATCH($B$3&"|1|"&D$14&"|"&$A24,'Master Data'!$A$2:$A$2436,0)),"") -> Baby 0/5 coach: – | E24: =IFERROR(INDEX('Master Data'!$M$2:$M$2436,MATCH($B$3&"|1|"&E$14&"|"&$A24,'Master Data'!$A$2:$A$2436,0)),"") -> Baby 0/5 coach: – | F24: =IFERROR(INDEX('Master Data'!$M$2:$M$2436,MATCH($B$3&"|1|"&F$14&"|"&$A24,'Master Data'!$A$2:$A$2436,0)),"") -> Baby 0/0 coach: – | G24: =IFERROR(INDEX('Master Data'!$M$2:$M$2436,MATCH($B$3&"|1|"&G$14&"|"&$A24,'Master Data'!$A$2:$A$2436,0)),"") -> Baby 4/5 coach: Nabila | H24: =IFERROR(INDEX('Master Data'!$M$2:$M$2436,MATCH($B$3&"|1|"&H$14&"|"&$A24,'Master Data'!$A$2:$A$2436,0)),"") -> Baby 2/5 coach: Deyon | T24: =IFERROR(INDEX('Master Data'!$L$2:$L$2436,MATCH($B$3&"|1|"&B$14&"|"&$A24,'Master Data'!$A$2:$A$2436,0)),"") -> Tutup | U24: =IFERROR(INDEX('Master Data'!$L$2:$L$2436,MATCH($B$3&"|1|"&C$14&"|"&$A24,'Master Data'!$A$2:$A$2436,0)),"") -> Tutup | V24: =IFERROR(INDEX('Master Data'!$L$2:$L$2436,MATCH($B$3&"|1|"&D$14&"|"&$A24,'Master Data'!$A$2:$A$2436,0)),"") -> Belum terisi | W24: =IFERROR(INDEX('Master Data'!$L$2:$L$2436,MATCH($B$3&"|1|"&E$14&"|"&$A24,'Master Data'!$A$2:$A$2436,0)),"") -> Belum terisi | X24: =IFERROR(INDEX('Master Data'!$L$2:$L$2436,MATCH($B$3&"|1|"&F$14&"|"&$A24,'Master Data'!$A$2:$A$2436,0)),"") -> Tutup | Y24: =IFERROR(INDEX('Master Data'!$L$2:$L$2436,MATCH($B$3&"|1|"&G$14&"|"&$A24,'Master Data'!$A$2:$A$2436,0)),"") -> Sebagian | Z24: =IFERROR(INDEX('Master Data'!$L$2:$L$2436,MATCH($B$3&"|1|"&H$14&"|"&$A24,'Master Data'!$A$2:$A$2436,0)),"") -> Sebagian
A25: 16:15 | B25: =IFERROR(INDEX('Master Data'!$M$2:$M$2436,MATCH($B$3&"|1|"&B$14&"|"&$A25,'Master Data'!$A$2:$A$2436,0)),"") -> Baby 0/5 coach: – | C25: =IFERROR(INDEX('Master Data'!$M$2:$M$2436,MATCH($B$3&"|1|"&C$14&"|"&$A25,'Master Data'!$A$2:$A$2436,0)),"") -> Baby 0/5 coach: – | D25: =IFERROR(INDEX('Master Data'!$M$2:$M$2436,MATCH($B$3&"|1|"&D$14&"|"&$A25,'Master Data'!$A$2:$A$2436,0)),"") -> Baby 2/5 coach: Sri | E25: =IFERROR(INDEX('Master Data'!$M$2:$M$2436,MATCH($B$3&"|1|"&E$14&"|"&$A25,'Master Data'!$A$2:$A$2436,0)),"") -> Baby 1/5 coach: Icis | F25: =IFERROR(INDEX('Master Data'!$M$2:$M$2436,MATCH($B$3&"|1|"&F$14&"|"&$A25,'Master Data'!$A$2:$A$2436,0)),"") -> Baby 2/5 coach: Deyon | G25: =IFERROR(INDEX('Master Data'!$M$2:$M$2436,MATCH($B$3&"|1|"&G$14&"|"&$A25,'Master Data'!$A$2:$A$2436,0)),"") -> Baby 4/5 coach: Andreas | H25: =IFERROR(INDEX('Master Data'!$M$2:$M$2436,MATCH($B$3&"|1|"&H$14&"|"&$A25,'Master Data'!$A$2:$A$2436,0)),"") -> Baby 3/5 coach: Eve | T25: =IFERROR(INDEX('Master Data'!$L$2:$L$2436,MATCH($B$3&"|1|"&B$14&"|"&$A25,'Master Data'!$A$2:$A$2436,0)),"") -> Belum terisi | U25: =IFERROR(INDEX('Master Data'!$L$2:$L$2436,MATCH($B$3&"|1|"&C$14&"|"&$A25,'Master Data'!$A$2:$A$2436,0)),"") -> Belum terisi | V25: =IFERROR(INDEX('Master Data'!$L$2:$L$2436,MATCH($B$3&"|1|"&D$14&"|"&$A25,'Master Data'!$A$2:$A$2436,0)),"") -> Sebagian | W25: =IFERROR(INDEX('Master Data'!$L$2:$L$2436,MATCH($B$3&"|1|"&E$14&"|"&$A25,'Master Data'!$A$2:$A$2436,0)),"") -> Sebagian | X25: =IFERROR(INDEX('Master Data'!$L$2:$L$2436,MATCH($B$3&"|1|"&F$14&"|"&$A25,'Master Data'!$A$2:$A$2436,0)),"") -> Sebagian | Y25: =IFERROR(INDEX('Master Data'!$L$2:$L$2436,MATCH($B$3&"|1|"&G$14&"|"&$A25,'Master Data'!$A$2:$A$2436,0)),"") -> Sebagian | Z25: =IFERROR(INDEX('Master Data'!$L$2:$L$2436,MATCH($B$3&"|1|"&H$14&"|"&$A25,'Master Data'!$A$2:$A$2436,0)),"") -> Sebagian
A26: 17:00 | B26: =IFERROR(INDEX('Master Data'!$M$2:$M$2436,MATCH($B$3&"|1|"&B$14&"|"&$A26,'Master Data'!$A$2:$A$2436,0)),"") -> Baby 0/5 coach: – | C26: =IFERROR(INDEX('Master Data'!$M$2:$M$2436,MATCH($B$3&"|1|"&C$14&"|"&$A26,'Master Data'!$A$2:$A$2436,0)),"") -> Baby 0/5 coach: – | D26: =IFERROR(INDEX('Master Data'!$M$2:$M$2436,MATCH($B$3&"|1|"&D$14&"|"&$A26,'Master Data'!$A$2:$A$2436,0)),"") -> Baby 0/5 coach: – | E26: =IFERROR(INDEX('Master Data'!$M$2:$M$2436,MATCH($B$3&"|1|"&E$14&"|"&$A26,'Master Data'!$A$2:$A$2436,0)),"") -> Baby 0/5 coach: – | F26: =IFERROR(INDEX('Master Data'!$M$2:$M$2436,MATCH($B$3&"|1|"&F$14&"|"&$A26,'Master Data'!$A$2:$A$2436,0)),"") -> Baby 0/5 coach: – | G26: =IFERROR(INDEX('Master Data'!$M$2:$M$2436,MATCH($B$3&"|1|"&G$14&"|"&$A26,'Master Data'!$A$2:$A$2436,0)),"") -> Baby 0/5 coach: – | H26: =IFERROR(INDEX('Master Data'!$M$2:$M$2436,MATCH($B$3&"|1|"&H$14&"|"&$A26,'Master Data'!$A$2:$A$2436,0)),"") -> Baby 0/5 coach: – | T26: =IFERROR(INDEX('Master Data'!$L$2:$L$2436,MATCH($B$3&"|1|"&B$14&"|"&$A26,'Master Data'!$A$2:$A$2436,0)),"") -> Belum terisi | U26: =IFERROR(INDEX('Master Data'!$L$2:$L$2436,MATCH($B$3&"|1|"&C$14&"|"&$A26,'Master Data'!$A$2:$A$2436,0)),"") -> Belum terisi | V26: =IFERROR(INDEX('Master Data'!$L$2:$L$2436,MATCH($B$3&"|1|"&D$14&"|"&$A26,'Master Data'!$A$2:$A$2436,0)),"") -> Belum terisi | W26: =IFERROR(INDEX('Master Data'!$L$2:$L$2436,MATCH($B$3&"|1|"&E$14&"|"&$A26,'Master Data'!$A$2:$A$2436,0)),"") -> Belum terisi | X26: =IFERROR(INDEX('Master Data'!$L$2:$L$2436,MATCH($B$3&"|1|"&F$14&"|"&$A26,'Master Data'!$A$2:$A$2436,0)),"") -> Belum terisi | Y26: =IFERROR(INDEX('Master Data'!$L$2:$L$2436,MATCH($B$3&"|1|"&G$14&"|"&$A26,'Master Data'!$A$2:$A$2436,0)),"") -> Belum terisi | Z26: =IFERROR(INDEX('Master Data'!$L$2:$L$2436,MATCH($B$3&"|1|"&H$14&"|"&$A26,'Master Data'!$A$2:$A$2436,0)),"") -> Belum terisi
A28: LANE 2 | C28: ="Utilisasi lane: "&IFERROR(TEXT(SUMIFS('Master Data'!$H$2:$H$2436,'Master Data'!$B$2:$B$2436,$B$3,'Master Data'!$C$2:$C$2436,2,'Master Data'!$G$2:$G$2436,">0")/SUMIFS('Master Data'!$G$2:$G$2436,'Master Data'!$B$2:$B$2436,$B$3,'Master Data'!$C$2:$C$2436,2,'Master Data'!$G$2:$G$2436,">0"),"0%"),"–")&" · Belum terisi: "&COUNTIFS('Master Data'!$B$2:$B$2436,$B$3,'Master Data'!$C$2:$C$2436,2,'Master Data'!$L$2:$L$2436,"Belum terisi")&" · Slot kosong: "&COUNTIFS('Master Data'!$B$2:$B$2436,$B$3,'Master Data'!$C$2:$C$2436,2,'Master Data'!$L$2:$L$2436,"Slot kosong") -> Utilisasi lane: 28% · Belum terisi: 32 · Slot kosong: 0
A29: Jam | B29: Senin | C29: Selasa | D29: Rabu | E29: Kamis | F29: Jumat | G29: Sabtu | H29: Minggu
A30: 08:00 | B30: =IFERROR(INDEX('Master Data'!$M$2:$M$2436,MATCH($B$3&"|2|"&B$29&"|"&$A30,'Master Data'!$A$2:$A$2436,0)),"") -> Tiny 0/0 coach: – | C30: =IFERROR(INDEX('Master Data'!$M$2:$M$2436,MATCH($B$3&"|2|"&C$29&"|"&$A30,'Master Data'!$A$2:$A$2436,0)),"") -> Tiny 0/0 coach: – | D30: =IFERROR(INDEX('Master Data'!$M$2:$M$2436,MATCH($B$3&"|2|"&D$29&"|"&$A30,'Master Data'!$A$2:$A$2436,0)),"") -> Tiny 0/0 coach: – | E30: =IFERROR(INDEX('Master Data'!$M$2:$M$2436,MATCH($B$3&"|2|"&E$29&"|"&$A30,'Master Data'!$A$2:$A$2436,0)),"") -> Tiny 0/0 coach: – | F30: =IFERROR(INDEX('Master Data'!$M$2:$M$2436,MATCH($B$3&"|2|"&F$29&"|"&$A30,'Master Data'!$A$2:$A$2436,0)),"") -> Tiny 0/0 coach: – | G30: =IFERROR(INDEX('Master Data'!$M$2:$M$2436,MATCH($B$3&"|2|"&G$29&"|"&$A30,'Master Data'!$A$2:$A$2436,0)),"") -> Tiny 0/0 coach: – | H30: =IFERROR(INDEX('Master Data'!$M$2:$M$2436,MATCH($B$3&"|2|"&H$29&"|"&$A30,'Master Data'!$A$2:$A$2436,0)),"") -> Tiny 0/0 coach: – | T30: =IFERROR(INDEX('Master Data'!$L$2:$L$2436,MATCH($B$3&"|2|"&B$29&"|"&$A30,'Master Data'!$A$2:$A$2436,0)),"") -> Tutup | U30: =IFERROR(INDEX('Master Data'!$L$2:$L$2436,MATCH($B$3&"|2|"&C$29&"|"&$A30,'Master Data'!$A$2:$A$2436,0)),"") -> Tutup | V30: =IFERROR(INDEX('Master Data'!$L$2:$L$2436,MATCH($B$3&"|2|"&D$29&"|"&$A30,'Master Data'!$A$2:$A$2436,0)),"") -> Tutup | W30: =IFERROR(INDEX('Master Data'!$L$2:$L$2436,MATCH($B$3&"|2|"&E$29&"|"&$A30,'Master Data'!$A$2:$A$2436,0)),"") -> Tutup | X30: =IFERROR(INDEX('Master Data'!$L$2:$L$2436,MATCH($B$3&"|2|"&F$29&"|"&$A30,'Master Data'!$A$2:$A$2436,0)),"") -> Tutup | Y30: =IFERROR(INDEX('Master Data'!$L$2:$L$2436,MATCH($B$3&"|2|"&G$29&"|"&$A30,'Master Data'!$A$2:$A$2436,0)),"") -> Tutup | Z30: =IFERROR(INDEX('Master Data'!$L$2:$L$2436,MATCH($B$3&"|2|"&H$29&"|"&$A30,'Master Data'!$A$2:$A$2436,0)),"") -> Tutup
A31: 08:45 | B31: =IFERROR(INDEX('Master Data'!$M$2:$M$2436,MATCH($B$3&"|2|"&B$29&"|"&$A31,'Master Data'!$A$2:$A$2436,0)),"") -> Tiny 2/5 coach: Eve | C31: =IFERROR(INDEX('Master Data'!$M$2:$M$2436,MATCH($B$3&"|2|"&C$29&"|"&$A31,'Master Data'!$A$2:$A$2436,0)),"") -> Tiny 0/5 coach: – | D31: =IFERROR(INDEX('Master Data'!$M$2:$M$2436,MATCH($B$3&"|2|"&D$29&"|"&$A31,'Master Data'!$A$2:$A$2436,0)),"") -> Tiny 0/5 coach: – | E31: =IFERROR(INDEX('Master Data'!$M$2:$M$2436,MATCH($B$3&"|2|"&E$29&"|"&$A31,'Master Data'!$A$2:$A$2436,0)),"") -> Tiny 0/5 coach: – | F31: =IFERROR(INDEX('Master Data'!$M$2:$M$2436,MATCH($B$3&"|2|"&F$29&"|"&$A31,'Master Data'!$A$2:$A$2436,0)),"") -> Tiny 0/5 coach: – | G31: =IFERROR(INDEX('Master Data'!$M$2:$M$2436,MATCH($B$3&"|2|"&G$29&"|"&$A31,'Master Data'!$A$2:$A$2436,0)),"") -> Tiny 4/5 coach: Icis | H31: =IFERROR(INDEX('Master Data'!$M$2:$M$2436,MATCH($B$3&"|2|"&H$29&"|"&$A31,'Master Data'!$A$2:$A$2436,0)),"") -> Tiny 5/5 coach: Icis | T31: =IFERROR(INDEX('Master Data'!$L$2:$L$2436,MATCH($B$3&"|2|"&B$29&"|"&$A31,'Master Data'!$A$2:$A$2436,0)),"") -> Sebagian | U31: =IFERROR(INDEX('Master Data'!$L$2:$L$2436,MATCH($B$3&"|2|"&C$29&"|"&$A31,'Master Data'!$A$2:$A$2436,0)),"") -> Belum terisi | V31: =IFERROR(INDEX('Master Data'!$L$2:$L$2436,MATCH($B$3&"|2|"&D$29&"|"&$A31,'Master Data'!$A$2:$A$2436,0)),"") -> Belum terisi | W31: =IFERROR(INDEX('Master Data'!$L$2:$L$2436,MATCH($B$3&"|2|"&E$29&"|"&$A31,'Master Data'!$A$2:$A$2436,0)),"") -> Belum terisi | X31: =IFERROR(INDEX('Master Data'!$L$2:$L$2436,MATCH($B$3&"|2|"&F$29&"|"&$A31,'Master Data'!$A$2:$A$2436,0)),"") -> Belum terisi | Y31: =IFERROR(INDEX('Master Data'!$L$2:$L$2436,MATCH($B$3&"|2|"&G$29&"|"&$A31,'Master Data'!$A$2:$A$2436,0)),"") -> Sebagian | Z31: =IFERROR(INDEX('Master Data'!$L$2:$L$2436,MATCH($B$3&"|2|"&H$29&"|"&$A31,'Master Data'!$A$2:$A$2436,0)),"") -> Penuh
A32: 09:30 | B32: =IFERROR(INDEX('Master Data'!$M$2:$M$2436,MATCH($B$3&"|2|"&B$29&"|"&$A32,'Master Data'!$A$2:$A$2436,0)),"") -> Tiny 0/5 coach: – | C32: =IFERROR(INDEX('Master Data'!$M$2:$M$2436,MATCH($B$3&"|2|"&C$29&"|"&$A32,'Master Data'!$A$2:$A$2436,0)),"") -> Tiny 3/5 coach: Deyon | D32: =IFERROR(INDEX('Master Data'!$M$2:$M$2436,MATCH($B$3&"|2|"&D$29&"|"&$A32,'Master Data'!$A$2:$A$2436,0)),"") -> Tiny 2/5 coach: Sri | E32: =IFERROR(INDEX('Master Data'!$M$2:$M$2436,MATCH($B$3&"|2|"&E$29&"|"&$A32,'Master Data'!$A$2:$A$2436,0)),"") -> Tiny 4/5 coach: Andreas | F32: =IFERROR(INDEX('Master Data'!$M$2:$M$2436,MATCH($B$3&"|2|"&F$29&"|"&$A32,'Master Data'!$A$2:$A$2436,0)),"") -> Tiny 1/5 coach: Nabila | G32: =IFERROR(INDEX('Master Data'!$M$2:$M$2436,MATCH($B$3&"|2|"&G$29&"|"&$A32,'Master Data'!$A$2:$A$2436,0)),"") -> Tiny 3/5 coach: Nabila | H32: =IFERROR(INDEX('Master Data'!$M$2:$M$2436,MATCH($B$3&"|2|"&H$29&"|"&$A32,'Master Data'!$A$2:$A$2436,0)),"") -> Tiny 3/5 coach: Icis | T32: =IFERROR(INDEX('Master Data'!$L$2:$L$2436,MATCH($B$3&"|2|"&B$29&"|"&$A32,'Master Data'!$A$2:$A$2436,0)),"") -> Belum terisi | U32: =IFERROR(INDEX('Master Data'!$L$2:$L$2436,MATCH($B$3&"|2|"&C$29&"|"&$A32,'Master Data'!$A$2:$A$2436,0)),"") -> Sebagian | V32: =IFERROR(INDEX('Master Data'!$L$2:$L$2436,MATCH($B$3&"|2|"&D$29&"|"&$A32,'Master Data'!$A$2:$A$2436,0)),"") -> Sebagian | W32: =IFERROR(INDEX('Master Data'!$L$2:$L$2436,MATCH($B$3&"|2|"&E$29&"|"&$A32,'Master Data'!$A$2:$A$2436,0)),"") -> Sebagian | X32: =IFERROR(INDEX('Master Data'!$L$2:$L$2436,MATCH($B$3&"|2|"&F$29&"|"&$A32,'Master Data'!$A$2:$A$2436,0)),"") -> Sebagian | Y32: =IFERROR(INDEX('Master Data'!$L$2:$L$2436,MATCH($B$3&"|2|"&G$29&"|"&$A32,'Master Data'!$A$2:$A$2436,0)),"") -> Sebagian | Z32: =IFERROR(INDEX('Master Data'!$L$2:$L$2436,MATCH($B$3&"|2|"&H$29&"|"&$A32,'Master Data'!$A$2:$A$2436,0)),"") -> Sebagian
A33: 10:15 | B33: =IFERROR(INDEX('Master Data'!$M$2:$M$2436,MATCH($B$3&"|2|"&B$29&"|"&$A33,'Master Data'!$A$2:$A$2436,0)),"") -> Tiny 0/5 coach: – | C33: =IFERROR(INDEX('Master Data'!$M$2:$M$2436,MATCH($B$3&"|2|"&C$29&"|"&$A33,'Master Data'!$A$2:$A$2436,0)),"") -> Tiny 0/5 coach: – | D33: =IFERROR(INDEX('Master Data'!$M$2:$M$2436,MATCH($B$3&"|2|"&D$29&"|"&$A33,'Master Data'!$A$2:$A$2436,0)),"") -> Tiny 4/5 coach: Icis | E33: =IFERROR(INDEX('Master Data'!$M$2:$M$2436,MATCH($B$3&"|2|"&E$29&"|"&$A33,'Master Data'!$A$2:$A$2436,0)),"") -> Tiny 0/5 coach: – | F33: =IFERROR(INDEX('Master Data'!$M$2:$M$2436,MATCH($B$3&"|2|"&F$29&"|"&$A33,'Master Data'!$A$2:$A$2436,0)),"") -> Tiny 3/5 coach: Nabila | G33: =IFERROR(INDEX('Master Data'!$M$2:$M$2436,MATCH($B$3&"|2|"&G$29&"|"&$A33,'Master Data'!$A$2:$A$2436,0)),"") -> Tiny 3/5 coach: Eve | H33: =IFERROR(INDEX('Master Data'!$M$2:$M$2436,MATCH($B$3&"|2|"&H$29&"|"&$A33,'Master Data'!$A$2:$A$2436,0)),"") -> Tiny 2/5 coach: Eve | T33: =IFERROR(INDEX('Master Data'!$L$2:$L$2436,MATCH($B$3&"|2|"&B$29&"|"&$A33,'Master Data'!$A$2:$A$2436,0)),"") -> Belum terisi | U33: =IFERROR(INDEX('Master Data'!$L$2:$L$2436,MATCH($B$3&"|2|"&C$29&"|"&$A33,'Master Data'!$A$2:$A$2436,0)),"") -> Belum terisi | V33: =IFERROR(INDEX('Master Data'!$L$2:$L$2436,MATCH($B$3&"|2|"&D$29&"|"&$A33,'Master Data'!$A$2:$A$2436,0)),"") -> Sebagian | W33: =IFERROR(INDEX('Master Data'!$L$2:$L$2436,MATCH($B$3&"|2|"&E$29&"|"&$A33,'Master Data'!$A$2:$A$2436,0)),"") -> Belum terisi | X33: =IFERROR(INDEX('Master Data'!$L$2:$L$2436,MATCH($B$3&"|2|"&F$29&"|"&$A33,'Master Data'!$A$2:$A$2436,0)),"") -> Sebagian | Y33: =IFERROR(INDEX('Master Data'!$L$2:$L$2436,MATCH($B$3&"|2|"&G$29&"|"&$A33,'Master Data'!$A$2:$A$2436,0)),"") -> Sebagian | Z33: =IFERROR(INDEX('Master Data'!$L$2:$L$2436,MATCH($B$3&"|2|"&H$29&"|"&$A33,'Master Data'!$A$2:$A$2436,0)),"") -> Sebagian
A34: 11:00 | B34: =IFERROR(INDEX('Master Data'!$M$2:$M$2436,MATCH($B$3&"|2|"&B$29&"|"&$A34,'Master Data'!$A$2:$A$2436,0)),"") -> Tiny 1/5 coach: Deyon | C34: =IFERROR(INDEX('Master Data'!$M$2:$M$2436,MATCH($B$3&"|2|"&C$29&"|"&$A34,'Master Data'!$A$2:$A$2436,0)),"") -> Tiny 2/5 coach: Eve | D34: =IFERROR(INDEX('Master Data'!$M$2:$M$2436,MATCH($B$3&"|2|"&D$29&"|"&$A34,'Master Data'!$A$2:$A$2436,0)),"") -> Tiny 0/5 coach: – | E34: =IFERROR(INDEX('Master Data'!$M$2:$M$2436,MATCH($B$3&"|2|"&E$29&"|"&$A34,'Master Data'!$A$2:$A$2436,0)),"") -> Tiny 4/5 coach: Nabila | F34: =IFERROR(INDEX('Master Data'!$M$2:$M$2436,MATCH($B$3&"|2|"&F$29&"|"&$A34,'Master Data'!$A$2:$A$2436,0)),"") -> Tiny 1/5 coach: Icis | G34: =IFERROR(INDEX('Master Data'!$M$2:$M$2436,MATCH($B$3&"|2|"&G$29&"|"&$A34,'Master Data'!$A$2:$A$2436,0)),"") -> Tiny 5/5 coach: Nabila | H34: =IFERROR(INDEX('Master Data'!$M$2:$M$2436,MATCH($B$3&"|2|"&H$29&"|"&$A34,'Master Data'!$A$2:$A$2436,0)),"") -> Tiny 3/5 coach: Eve | T34: =IFERROR(INDEX('Master Data'!$L$2:$L$2436,MATCH($B$3&"|2|"&B$29&"|"&$A34,'Master Data'!$A$2:$A$2436,0)),"") -> Sebagian | U34: =IFERROR(INDEX('Master Data'!$L$2:$L$2436,MATCH($B$3&"|2|"&C$29&"|"&$A34,'Master Data'!$A$2:$A$2436,0)),"") -> Sebagian | V34: =IFERROR(INDEX('Master Data'!$L$2:$L$2436,MATCH($B$3&"|2|"&D$29&"|"&$A34,'Master Data'!$A$2:$A$2436,0)),"") -> Belum terisi | W34: =IFERROR(INDEX('Master Data'!$L$2:$L$2436,MATCH($B$3&"|2|"&E$29&"|"&$A34,'Master Data'!$A$2:$A$2436,0)),"") -> Sebagian | X34: =IFERROR(INDEX('Master Data'!$L$2:$L$2436,MATCH($B$3&"|2|"&F$29&"|"&$A34,'Master Data'!$A$2:$A$2436,0)),"") -> Sebagian | Y34: =IFERROR(INDEX('Master Data'!$L$2:$L$2436,MATCH($B$3&"|2|"&G$29&"|"&$A34,'Master Data'!$A$2:$A$2436,0)),"") -> Penuh | Z34: =IFERROR(INDEX('Master Data'!$L$2:$L$2436,MATCH($B$3&"|2|"&H$29&"|"&$A34,'Master Data'!$A$2:$A$2436,0)),"") -> Sebagian
A35: 11:45 | B35: =IFERROR(INDEX('Master Data'!$M$2:$M$2436,MATCH($B$3&"|2|"&B$29&"|"&$A35,'Master Data'!$A$2:$A$2436,0)),"") -> Tiny 0/0 coach: – | C35: =IFERROR(INDEX('Master Data'!$M$2:$M$2436,MATCH($B$3&"|2|"&C$29&"|"&$A35,'Master Data'!$A$2:$A$2436,0)),"") -> Tiny 0/0 coach: – | D35: =IFERROR(INDEX('Master Data'!$M$2:$M$2436,MATCH($B$3&"|2|"&D$29&"|"&$A35,'Master Data'!$A$2:$A$2436,0)),"") -> Tiny 0/0 coach: – | E35: =IFERROR(INDEX('Master Data'!$M$2:$M$2436,MATCH($B$3&"|2|"&E$29&"|"&$A35,'Master Data'!$A$2:$A$2436,0)),"") -> Tiny 0/0 coach: – | F35: =IFERROR(INDEX('Master Data'!$M$2:$M$2436,MATCH($B$3&"|2|"&F$29&"|"&$A35,'Master Data'!$A$2:$A$2436,0)),"") -> Tiny 0/0 coach: – | G35: =IFERROR(INDEX('Master Data'!$M$2:$M$2436,MATCH($B$3&"|2|"&G$29&"|"&$A35,'Master Data'!$A$2:$A$2436,0)),"") -> Tiny 2/5 coach: Sri | H35: =IFERROR(INDEX('Master Data'!$M$2:$M$2436,MATCH($B$3&"|2|"&H$29&"|"&$A35,'Master Data'!$A$2:$A$2436,0)),"") -> Tiny 0/5 coach: – | T35: =IFERROR(INDEX('Master Data'!$L$2:$L$2436,MATCH($B$3&"|2|"&B$29&"|"&$A35,'Master Data'!$A$2:$A$2436,0)),"") -> Tutup | U35: =IFERROR(INDEX('Master Data'!$L$2:$L$2436,MATCH($B$3&"|2|"&C$29&"|"&$A35,'Master Data'!$A$2:$A$2436,0)),"") -> Tutup | V35: =IFERROR(INDEX('Master Data'!$L$2:$L$2436,MATCH($B$3&"|2|"&D$29&"|"&$A35,'Master Data'!$A$2:$A$2436,0)),"") -> Tutup | W35: =IFERROR(INDEX('Master Data'!$L$2:$L$2436,MATCH($B$3&"|2|"&E$29&"|"&$A35,'Master Data'!$A$2:$A$2436,0)),"") -> Tutup | X35: =IFERROR(INDEX('Master Data'!$L$2:$L$2436,MATCH($B$3&"|2|"&F$29&"|"&$A35,'Master Data'!$A$2:$A$2436,0)),"") -> Tutup | Y35: =IFERROR(INDEX('Master Data'!$L$2:$L$2436,MATCH($B$3&"|2|"&G$29&"|"&$A35,'Master Data'!$A$2:$A$2436,0)),"") -> Sebagian | Z35: =IFERROR(INDEX('Master Data'!$L$2:$L$2436,MATCH($B$3&"|2|"&H$29&"|"&$A35,'Master Data'!$A$2:$A$2436,0)),"") -> Belum terisi
A36: 13:15 | B36: =IFERROR(INDEX('Master Data'!$M$2:$M$2436,MATCH($B$3&"|2|"&B$29&"|"&$A36,'Master Data'!$A$2:$A$2436,0)),"") -> Tiny 0/5 coach: – | C36: =IFERROR(INDEX('Master Data'!$M$2:$M$2436,MATCH($B$3&"|2|"&C$29&"|"&$A36,'Master Data'!$A$2:$A$2436,0)),"") -> Tiny 0/5 coach: – | D36: =IFERROR(INDEX('Master Data'!$M$2:$M$2436,MATCH($B$3&"|2|"&D$29&"|"&$A36,'Master Data'!$A$2:$A$2436,0)),"") -> Tiny 0/5 coach: – | E36: =IFERROR(INDEX('Master Data'!$M$2:$M$2436,MATCH($B$3&"|2|"&E$29&"|"&$A36,'Master Data'!$A$2:$A$2436,0)),"") -> Tiny 0/5 coach: – | F36: =IFERROR(INDEX('Master Data'!$M$2:$M$2436,MATCH($B$3&"|2|"&F$29&"|"&$A36,'Master Data'!$A$2:$A$2436,0)),"") -> Tiny 2/5 coach: Deyon | G36: =IFERROR(INDEX('Master Data'!$M$2:$M$2436,MATCH($B$3&"|2|"&G$29&"|"&$A36,'Master Data'!$A$2:$A$2436,0)),"") -> Tiny 0/5 coach: – | H36: =IFERROR(INDEX('Master Data'!$M$2:$M$2436,MATCH($B$3&"|2|"&H$29&"|"&$A36,'Master Data'!$A$2:$A$2436,0)),"") -> Tiny 0/5 coach: – | T36: =IFERROR(INDEX('Master Data'!$L$2:$L$2436,MATCH($B$3&"|2|"&B$29&"|"&$A36,'Master Data'!$A$2:$A$2436,0)),"") -> Belum terisi | U36: =IFERROR(INDEX('Master Data'!$L$2:$L$2436,MATCH($B$3&"|2|"&C$29&"|"&$A36,'Master Data'!$A$2:$A$2436,0)),"") -> Belum terisi | V36: =IFERROR(INDEX('Master Data'!$L$2:$L$2436,MATCH($B$3&"|2|"&D$29&"|"&$A36,'Master Data'!$A$2:$A$2436,0)),"") -> Belum terisi | W36: =IFERROR(INDEX('Master Data'!$L$2:$L$2436,MATCH($B$3&"|2|"&E$29&"|"&$A36,'Master Data'!$A$2:$A$2436,0)),"") -> Belum terisi | X36: =IFERROR(INDEX('Master Data'!$L$2:$L$2436,MATCH($B$3&"|2|"&F$29&"|"&$A36,'Master Data'!$A$2:$A$2436,0)),"") -> Sebagian | Y36: =IFERROR(INDEX('Master Data'!$L$2:$L$2436,MATCH($B$3&"|2|"&G$29&"|"&$A36,'Master Data'!$A$2:$A$2436,0)),"") -> Belum terisi | Z36: =IFERROR(INDEX('Master Data'!$L$2:$L$2436,MATCH($B$3&"|2|"&H$29&"|"&$A36,'Master Data'!$A$2:$A$2436,0)),"") -> Belum terisi
A37: 14:00 | B37: =IFERROR(INDEX('Master Data'!$M$2:$M$2436,MATCH($B$3&"|2|"&B$29&"|"&$A37,'Master Data'!$A$2:$A$2436,0)),"") -> Tiny 0/5 coach: – | C37: =IFERROR(INDEX('Master Data'!$M$2:$M$2436,MATCH($B$3&"|2|"&C$29&"|"&$A37,'Master Data'!$A$2:$A$2436,0)),"") -> Tiny 0/5 coach: – | D37: =IFERROR(INDEX('Master Data'!$M$2:$M$2436,MATCH($B$3&"|2|"&D$29&"|"&$A37,'Master Data'!$A$2:$A$2436,0)),"") -> Tiny 0/5 coach: – | E37: =IFERROR(INDEX('Master Data'!$M$2:$M$2436,MATCH($B$3&"|2|"&E$29&"|"&$A37,'Master Data'!$A$2:$A$2436,0)),"") -> Tiny 1/5 coach: Andreas | F37: =IFERROR(INDEX('Master Data'!$M$2:$M$2436,MATCH($B$3&"|2|"&F$29&"|"&$A37,'Master Data'!$A$2:$A$2436,0)),"") -> Tiny 0/5 coach: – | G37: =IFERROR(INDEX('Master Data'!$M$2:$M$2436,MATCH($B$3&"|2|"&G$29&"|"&$A37,'Master Data'!$A$2:$A$2436,0)),"") -> Tiny 0/5 coach: Eve | H37: =IFERROR(INDEX('Master Data'!$M$2:$M$2436,MATCH($B$3&"|2|"&H$29&"|"&$A37,'Master Data'!$A$2:$A$2436,0)),"") -> Tiny 0/5 coach: – | T37: =IFERROR(INDEX('Master Data'!$L$2:$L$2436,MATCH($B$3&"|2|"&B$29&"|"&$A37,'Master Data'!$A$2:$A$2436,0)),"") -> Belum terisi | U37: =IFERROR(INDEX('Master Data'!$L$2:$L$2436,MATCH($B$3&"|2|"&C$29&"|"&$A37,'Master Data'!$A$2:$A$2436,0)),"") -> Belum terisi | V37: =IFERROR(INDEX('Master Data'!$L$2:$L$2436,MATCH($B$3&"|2|"&D$29&"|"&$A37,'Master Data'!$A$2:$A$2436,0)),"") -> Belum terisi | W37: =IFERROR(INDEX('Master Data'!$L$2:$L$2436,MATCH($B$3&"|2|"&E$29&"|"&$A37,'Master Data'!$A$2:$A$2436,0)),"") -> Sebagian | X37: =IFERROR(INDEX('Master Data'!$L$2:$L$2436,MATCH($B$3&"|2|"&F$29&"|"&$A37,'Master Data'!$A$2:$A$2436,0)),"") -> Belum terisi | Y37: =IFERROR(INDEX('Master Data'!$L$2:$L$2436,MATCH($B$3&"|2|"&G$29&"|"&$A37,'Master Data'!$A$2:$A$2436,0)),"") -> Belum terisi | Z37: =IFERROR(INDEX('Master Data'!$L$2:$L$2436,MATCH($B$3&"|2|"&H$29&"|"&$A37,'Master Data'!$A$2:$A$2436,0)),"") -> Belum terisi
A38: 14:45 | B38: =IFERROR(INDEX('Master Data'!$M$2:$M$2436,MATCH($B$3&"|2|"&B$29&"|"&$A38,'Master Data'!$A$2:$A$2436,0)),"") -> Tiny 1/5 coach: Eve | C38: =IFERROR(INDEX('Master Data'!$M$2:$M$2436,MATCH($B$3&"|2|"&C$29&"|"&$A38,'Master Data'!$A$2:$A$2436,0)),"") -> Tiny 0/0 coach: – | D38: =IFERROR(INDEX('Master Data'!$M$2:$M$2436,MATCH($B$3&"|2|"&D$29&"|"&$A38,'Master Data'!$A$2:$A$2436,0)),"") -> Tiny 0/0 coach: – | E38: =IFERROR(INDEX('Master Data'!$M$2:$M$2436,MATCH($B$3&"|2|"&E$29&"|"&$A38,'Master Data'!$A$2:$A$2436,0)),"") -> Tiny 0/5 coach: – | F38: =IFERROR(INDEX('Master Data'!$M$2:$M$2436,MATCH($B$3&"|2|"&F$29&"|"&$A38,'Master Data'!$A$2:$A$2436,0)),"") -> Tiny 0/0 coach: – | G38: =IFERROR(INDEX('Master Data'!$M$2:$M$2436,MATCH($B$3&"|2|"&G$29&"|"&$A38,'Master Data'!$A$2:$A$2436,0)),"") -> Tiny 3/5 coach: Deyon | H38: =IFERROR(INDEX('Master Data'!$M$2:$M$2436,MATCH($B$3&"|2|"&H$29&"|"&$A38,'Master Data'!$A$2:$A$2436,0)),"") -> Tiny 0/5 coach: – | T38: =IFERROR(INDEX('Master Data'!$L$2:$L$2436,MATCH($B$3&"|2|"&B$29&"|"&$A38,'Master Data'!$A$2:$A$2436,0)),"") -> Sebagian | U38: =IFERROR(INDEX('Master Data'!$L$2:$L$2436,MATCH($B$3&"|2|"&C$29&"|"&$A38,'Master Data'!$A$2:$A$2436,0)),"") -> Tutup | V38: =IFERROR(INDEX('Master Data'!$L$2:$L$2436,MATCH($B$3&"|2|"&D$29&"|"&$A38,'Master Data'!$A$2:$A$2436,0)),"") -> Tutup | W38: =IFERROR(INDEX('Master Data'!$L$2:$L$2436,MATCH($B$3&"|2|"&E$29&"|"&$A38,'Master Data'!$A$2:$A$2436,0)),"") -> Belum terisi | X38: =IFERROR(INDEX('Master Data'!$L$2:$L$2436,MATCH($B$3&"|2|"&F$29&"|"&$A38,'Master Data'!$A$2:$A$2436,0)),"") -> Tutup | Y38: =IFERROR(INDEX('Master Data'!$L$2:$L$2436,MATCH($B$3&"|2|"&G$29&"|"&$A38,'Master Data'!$A$2:$A$2436,0)),"") -> Sebagian | Z38: =IFERROR(INDEX('Master Data'!$L$2:$L$2436,MATCH($B$3&"|2|"&H$29&"|"&$A38,'Master Data'!$A$2:$A$2436,0)),"") -> Belum terisi
A39: 15:30 | B39: =IFERROR(INDEX('Master Data'!$M$2:$M$2436,MATCH($B$3&"|2|"&B$29&"|"&$A39,'Master Data'!$A$2:$A$2436,0)),"") -> Tiny 0/0 coach: – | C39: =IFERROR(INDEX('Master Data'!$M$2:$M$2436,MATCH($B$3&"|2|"&C$29&"|"&$A39,'Master Data'!$A$2:$A$2436,0)),"") -> Tiny 0/0 coach: – | D39: =IFERROR(INDEX('Master Data'!$M$2:$M$2436,MATCH($B$3&"|2|"&D$29&"|"&$A39,'Master Data'!$A$2:$A$2436,0)),"") -> Tiny 4/5 coach: Nabila | E39: =IFERROR(INDEX('Master Data'!$M$2:$M$2436,MATCH($B$3&"|2|"&E$29&"|"&$A39,'Master Data'!$A$2:$A$2436,0)),"") -> Tiny 0/5 coach: – | F39: =IFERROR(INDEX('Master Data'!$M$2:$M$2436,MATCH($B$3&"|2|"&F$29&"|"&$A39,'Master Data'!$A$2:$A$2436,0)),"") -> Tiny 0/0 coach: – | G39: =IFERROR(INDEX('Master Data'!$M$2:$M$2436,MATCH($B$3&"|2|"&G$29&"|"&$A39,'Master Data'!$A$2:$A$2436,0)),"") -> Tiny 2/5 coach: Andreas | H39: =IFERROR(INDEX('Master Data'!$M$2:$M$2436,MATCH($B$3&"|2|"&H$29&"|"&$A39,'Master Data'!$A$2:$A$2436,0)),"") -> Tiny 4/5 coach: Sri | T39: =IFERROR(INDEX('Master Data'!$L$2:$L$2436,MATCH($B$3&"|2|"&B$29&"|"&$A39,'Master Data'!$A$2:$A$2436,0)),"") -> Tutup | U39: =IFERROR(INDEX('Master Data'!$L$2:$L$2436,MATCH($B$3&"|2|"&C$29&"|"&$A39,'Master Data'!$A$2:$A$2436,0)),"") -> Tutup | V39: =IFERROR(INDEX('Master Data'!$L$2:$L$2436,MATCH($B$3&"|2|"&D$29&"|"&$A39,'Master Data'!$A$2:$A$2436,0)),"") -> Sebagian | W39: =IFERROR(INDEX('Master Data'!$L$2:$L$2436,MATCH($B$3&"|2|"&E$29&"|"&$A39,'Master Data'!$A$2:$A$2436,0)),"") -> Belum terisi | X39: =IFERROR(INDEX('Master Data'!$L$2:$L$2436,MATCH($B$3&"|2|"&F$29&"|"&$A39,'Master Data'!$A$2:$A$2436,0)),"") -> Tutup | Y39: =IFERROR(INDEX('Master Data'!$L$2:$L$2436,MATCH($B$3&"|2|"&G$29&"|"&$A39,'Master Data'!$A$2:$A$2436,0)),"") -> Sebagian | Z39: =IFERROR(INDEX('Master Data'!$L$2:$L$2436,MATCH($B$3&"|2|"&H$29&"|"&$A39,'Master Data'!$A$2:$A$2436,0)),"") -> Sebagian
A40: 16:15 | B40: =IFERROR(INDEX('Master Data'!$M$2:$M$2436,MATCH($B$3&"|2|"&B$29&"|"&$A40,'Master Data'!$A$2:$A$2436,0)),"") -> Tiny 0/5 coach: – | C40: =IFERROR(INDEX('Master Data'!$M$2:$M$2436,MATCH($B$3&"|2|"&C$29&"|"&$A40,'Master Data'!$A$2:$A$2436,0)),"") -> Tiny 0/5 coach: – | D40: =IFERROR(INDEX('Master Data'!$M$2:$M$2436,MATCH($B$3&"|2|"&D$29&"|"&$A40,'Master Data'!$A$2:$A$2436,0)),"") -> Tiny 0/5 coach: – | E40: =IFERROR(INDEX('Master Data'!$M$2:$M$2436,MATCH($B$3&"|2|"&E$29&"|"&$A40,'Master Data'!$A$2:$A$2436,0)),"") -> Tiny 0/5 coach: – | F40: =IFERROR(INDEX('Master Data'!$M$2:$M$2436,MATCH($B$3&"|2|"&F$29&"|"&$A40,'Master Data'!$A$2:$A$2436,0)),"") -> Tiny 2/5 coach: Andreas | G40: =IFERROR(INDEX('Master Data'!$M$2:$M$2436,MATCH($B$3&"|2|"&G$29&"|"&$A40,'Master Data'!$A$2:$A$2436,0)),"") -> Tiny 3/5 coach: Icis | H40: =IFERROR(INDEX('Master Data'!$M$2:$M$2436,MATCH($B$3&"|2|"&H$29&"|"&$A40,'Master Data'!$A$2:$A$2436,0)),"") -> Tiny 3/5 coach: Deyon | T40: =IFERROR(INDEX('Master Data'!$L$2:$L$2436,MATCH($B$3&"|2|"&B$29&"|"&$A40,'Master Data'!$A$2:$A$2436,0)),"") -> Belum terisi | U40: =IFERROR(INDEX('Master Data'!$L$2:$L$2436,MATCH($B$3&"|2|"&C$29&"|"&$A40,'Master Data'!$A$2:$A$2436,0)),"") -> Belum terisi | V40: =IFERROR(INDEX('Master Data'!$L$2:$L$2436,MATCH($B$3&"|2|"&D$29&"|"&$A40,'Master Data'!$A$2:$A$2436,0)),"") -> Belum terisi | W40: =IFERROR(INDEX('Master Data'!$L$2:$L$2436,MATCH($B$3&"|2|"&E$29&"|"&$A40,'Master Data'!$A$2:$A$2436,0)),"") -> Belum terisi | X40: =IFERROR(INDEX('Master Data'!$L$2:$L$2436,MATCH($B$3&"|2|"&F$29&"|"&$A40,'Master Data'!$A$2:$A$2436,0)),"") -> Sebagian | Y40: =IFERROR(INDEX('Master Data'!$L$2:$L$2436,MATCH($B$3&"|2|"&G$29&"|"&$A40,'Master Data'!$A$2:$A$2436,0)),"") -> Sebagian | Z40: =IFERROR(INDEX('Master Data'!$L$2:$L$2436,MATCH($B$3&"|2|"&H$29&"|"&$A40,'Master Data'!$A$2:$A$2436,0)),"") -> Sebagian
A41: 17:00 | B41: =IFERROR(INDEX('Master Data'!$M$2:$M$2436,MATCH($B$3&"|2|"&B$29&"|"&$A41,'Master Data'!$A$2:$A$2436,0)),"") -> Tiny 0/5 coach: – | C41: =IFERROR(INDEX('Master Data'!$M$2:$M$2436,MATCH($B$3&"|2|"&C$29&"|"&$A41,'Master Data'!$A$2:$A$2436,0)),"") -> Tiny 0/5 coach: – | D41: =IFERROR(INDEX('Master Data'!$M$2:$M$2436,MATCH($B$3&"|2|"&D$29&"|"&$A41,'Master Data'!$A$2:$A$2436,0)),"") -> Tiny 3/5 coach: Sri | E41: =IFERROR(INDEX('Master Data'!$M$2:$M$2436,MATCH($B$3&"|2|"&E$29&"|"&$A41,'Master Data'!$A$2:$A$2436,0)),"") -> Tiny 2/5 coach: Andreas | F41: =IFERROR(INDEX('Master Data'!$M$2:$M$2436,MATCH($B$3&"|2|"&F$29&"|"&$A41,'Master Data'!$A$2:$A$2436,0)),"") -> Tiny 4/5 coach: Andreas | G41: =IFERROR(INDEX('Master Data'!$M$2:$M$2436,MATCH($B$3&"|2|"&G$29&"|"&$A41,'Master Data'!$A$2:$A$2436,0)),"") -> Tiny 2/5 coach: Nabila | H41: =IFERROR(INDEX('Master Data'!$M$2:$M$2436,MATCH($B$3&"|2|"&H$29&"|"&$A41,'Master Data'!$A$2:$A$2436,0)),"") -> Tiny 0/5 coach: – | T41: =IFERROR(INDEX('Master Data'!$L$2:$L$2436,MATCH($B$3&"|2|"&B$29&"|"&$A41,'Master Data'!$A$2:$A$2436,0)),"") -> Belum terisi | U41: =IFERROR(INDEX('Master Data'!$L$2:$L$2436,MATCH($B$3&"|2|"&C$29&"|"&$A41,'Master Data'!$A$2:$A$2436,0)),"") -> Belum terisi | V41: =IFERROR(INDEX('Master Data'!$L$2:$L$2436,MATCH($B$3&"|2|"&D$29&"|"&$A41,'Master Data'!$A$2:$A$2436,0)),"") -> Sebagian | W41: =IFERROR(INDEX('Master Data'!$L$2:$L$2436,MATCH($B$3&"|2|"&E$29&"|"&$A41,'Master Data'!$A$2:$A$2436,0)),"") -> Sebagian | X41: =IFERROR(INDEX('Master Data'!$L$2:$L$2436,MATCH($B$3&"|2|"&F$29&"|"&$A41,'Master Data'!$A$2:$A$2436,0)),"") -> Sebagian | Y41: =IFERROR(INDEX('Master Data'!$L$2:$L$2436,MATCH($B$3&"|2|"&G$29&"|"&$A41,'Master Data'!$A$2:$A$2436,0)),"") -> Sebagian | Z41: =IFERROR(INDEX('Master Data'!$L$2:$L$2436,MATCH($B$3&"|2|"&H$29&"|"&$A41,'Master Data'!$A$2:$A$2436,0)),"") -> Belum terisi
A43: LANE 3 | C43: ="Utilisasi lane: "&IFERROR(TEXT(SUMIFS('Master Data'!$H$2:$H$2436,'Master Data'!$B$2:$B$2436,$B$3,'Master Data'!$C$2:$C$2436,3,'Master Data'!$G$2:$G$2436,">0")/SUMIFS('Master Data'!$G$2:$G$2436,'Master Data'!$B$2:$B$2436,$B$3,'Master Data'!$C$2:$C$2436,3,'Master Data'!$G$2:$G$2436,">0"),"0%"),"–")&" · Belum terisi: "&COUNTIFS('Master Data'!$B$2:$B$2436,$B$3,'Master Data'!$C$2:$C$2436,3,'Master Data'!$L$2:$L$2436,"Belum terisi")&" · Slot kosong: "&COUNTIFS('Master Data'!$B$2:$B$2436,$B$3,'Master Data'!$C$2:$C$2436,3,'Master Data'!$L$2:$L$2436,"Slot kosong") -> Utilisasi lane: 63% · Belum terisi: 15 · Slot kosong: 0
A44: Jam | B44: Senin | C44: Selasa | D44: Rabu | E44: Kamis | F44: Jumat | G44: Sabtu | H44: Minggu
A45: 08:15 | B45: =IFERROR(INDEX('Master Data'!$M$2:$M$2436,MATCH($B$3&"|3|"&B$44&"|"&$A45,'Master Data'!$A$2:$A$2436,0)),"") -> Little 0/0 coach: – | C45: =IFERROR(INDEX('Master Data'!$M$2:$M$2436,MATCH($B$3&"|3|"&C$44&"|"&$A45,'Master Data'!$A$2:$A$2436,0)),"") -> Little 0/0 coach: – | D45: =IFERROR(INDEX('Master Data'!$M$2:$M$2436,MATCH($B$3&"|3|"&D$44&"|"&$A45,'Master Data'!$A$2:$A$2436,0)),"") -> Little 0/0 coach: – | E45: =IFERROR(INDEX('Master Data'!$M$2:$M$2436,MATCH($B$3&"|3|"&E$44&"|"&$A45,'Master Data'!$A$2:$A$2436,0)),"") | F45: =IFERROR(INDEX('Master Data'!$M$2:$M$2436,MATCH($B$3&"|3|"&F$44&"|"&$A45,'Master Data'!$A$2:$A$2436,0)),"") -> Little 0/0 coach: – | G45: =IFERROR(INDEX('Master Data'!$M$2:$M$2436,MATCH($B$3&"|3|"&G$44&"|"&$A45,'Master Data'!$A$2:$A$2436,0)),"") -> Little 0/0 coach: – | H45: =IFERROR(INDEX('Master Data'!$M$2:$M$2436,MATCH($B$3&"|3|"&H$44&"|"&$A45,'Master Data'!$A$2:$A$2436,0)),"") -> Little 0/0 coach: – | T45: =IFERROR(INDEX('Master Data'!$L$2:$L$2436,MATCH($B$3&"|3|"&B$44&"|"&$A45,'Master Data'!$A$2:$A$2436,0)),"") -> Tutup | U45: =IFERROR(INDEX('Master Data'!$L$2:$L$2436,MATCH($B$3&"|3|"&C$44&"|"&$A45,'Master Data'!$A$2:$A$2436,0)),"") -> Tutup | V45: =IFERROR(INDEX('Master Data'!$L$2:$L$2436,MATCH($B$3&"|3|"&D$44&"|"&$A45,'Master Data'!$A$2:$A$2436,0)),"") -> Tutup | W45: =IFERROR(INDEX('Master Data'!$L$2:$L$2436,MATCH($B$3&"|3|"&E$44&"|"&$A45,'Master Data'!$A$2:$A$2436,0)),"") | X45: =IFERROR(INDEX('Master Data'!$L$2:$L$2436,MATCH($B$3&"|3|"&F$44&"|"&$A45,'Master Data'!$A$2:$A$2436,0)),"") -> Tutup | Y45: =IFERROR(INDEX('Master Data'!$L$2:$L$2436,MATCH($B$3&"|3|"&G$44&"|"&$A45,'Master Data'!$A$2:$A$2436,0)),"") -> Tutup | Z45: =IFERROR(INDEX('Master Data'!$L$2:$L$2436,MATCH($B$3&"|3|"&H$44&"|"&$A45,'Master Data'!$A$2:$A$2436,0)),"") -> Tutup
A46: 09:00 | B46: =IFERROR(INDEX('Master Data'!$M$2:$M$2436,MATCH($B$3&"|3|"&B$44&"|"&$A46,'Master Data'!$A$2:$A$2436,0)),"") -> Little 0/4 coach: – | C46: =IFERROR(INDEX('Master Data'!$M$2:$M$2436,MATCH($B$3&"|3|"&C$44&"|"&$A46,'Master Data'!$A$2:$A$2436,0)),"") -> Little 0/4 coach: – | D46: =IFERROR(INDEX('Master Data'!$M$2:$M$2436,MATCH($B$3&"|3|"&D$44&"|"&$A46,'Master Data'!$A$2:$A$2436,0)),"") -> Little 2/4 coach: Eriek | E46: =IFERROR(INDEX('Master Data'!$M$2:$M$2436,MATCH($B$3&"|3|"&E$44&"|"&$A46,'Master Data'!$A$2:$A$2436,0)),"") -> Little 0/4 coach: – | F46: =IFERROR(INDEX('Master Data'!$M$2:$M$2436,MATCH($B$3&"|3|"&F$44&"|"&$A46,'Master Data'!$A$2:$A$2436,0)),"") -> Little 0/4 coach: – | G46: =IFERROR(INDEX('Master Data'!$M$2:$M$2436,MATCH($B$3&"|3|"&G$44&"|"&$A46,'Master Data'!$A$2:$A$2436,0)),"") -> Little 4/4 coach: Deyon | H46: =IFERROR(INDEX('Master Data'!$M$2:$M$2436,MATCH($B$3&"|3|"&H$44&"|"&$A46,'Master Data'!$A$2:$A$2436,0)),"") -> Little 4/4 coach: Deyon | T46: =IFERROR(INDEX('Master Data'!$L$2:$L$2436,MATCH($B$3&"|3|"&B$44&"|"&$A46,'Master Data'!$A$2:$A$2436,0)),"") -> Belum terisi | U46: =IFERROR(INDEX('Master Data'!$L$2:$L$2436,MATCH($B$3&"|3|"&C$44&"|"&$A46,'Master Data'!$A$2:$A$2436,0)),"") -> Belum terisi | V46: =IFERROR(INDEX('Master Data'!$L$2:$L$2436,MATCH($B$3&"|3|"&D$44&"|"&$A46,'Master Data'!$A$2:$A$2436,0)),"") -> Sebagian | W46: =IFERROR(INDEX('Master Data'!$L$2:$L$2436,MATCH($B$3&"|3|"&E$44&"|"&$A46,'Master Data'!$A$2:$A$2436,0)),"") -> Belum terisi | X46: =IFERROR(INDEX('Master Data'!$L$2:$L$2436,MATCH($B$3&"|3|"&F$44&"|"&$A46,'Master Data'!$A$2:$A$2436,0)),"") -> Belum terisi | Y46: =IFERROR(INDEX('Master Data'!$L$2:$L$2436,MATCH($B$3&"|3|"&G$44&"|"&$A46,'Master Data'!$A$2:$A$2436,0)),"") -> Penuh | Z46: =IFERROR(INDEX('Master Data'!$L$2:$L$2436,MATCH($B$3&"|3|"&H$44&"|"&$A46,'Master Data'!$A$2:$A$2436,0)),"") -> Penuh
A47: 09:45 | B47: =IFERROR(INDEX('Master Data'!$M$2:$M$2436,MATCH($B$3&"|3|"&B$44&"|"&$A47,'Master Data'!$A$2:$A$2436,0)),"") -> Little 0/4 coach: – | C47: =IFERROR(INDEX('Master Data'!$M$2:$M$2436,MATCH($B$3&"|3|"&C$44&"|"&$A47,'Master Data'!$A$2:$A$2436,0)),"") -> Little 2/4 coach: Sri | D47: =IFERROR(INDEX('Master Data'!$M$2:$M$2436,MATCH($B$3&"|3|"&D$44&"|"&$A47,'Master Data'!$A$2:$A$2436,0)),"") -> Little 0/4 coach: – | E47: =IFERROR(INDEX('Master Data'!$M$2:$M$2436,MATCH($B$3&"|3|"&E$44&"|"&$A47,'Master Data'!$A$2:$A$2436,0)),"") -> Little 2/4 coach: Nabila | F47: =IFERROR(INDEX('Master Data'!$M$2:$M$2436,MATCH($B$3&"|3|"&F$44&"|"&$A47,'Master Data'!$A$2:$A$2436,0)),"") -> Little 3/4 coach: Deyon | G47: =IFERROR(INDEX('Master Data'!$M$2:$M$2436,MATCH($B$3&"|3|"&G$44&"|"&$A47,'Master Data'!$A$2:$A$2436,0)),"") -> Little 4/4 coach: Deyon | H47: =IFERROR(INDEX('Master Data'!$M$2:$M$2436,MATCH($B$3&"|3|"&H$44&"|"&$A47,'Master Data'!$A$2:$A$2436,0)),"") -> Little 4/4 coach: Sri | T47: =IFERROR(INDEX('Master Data'!$L$2:$L$2436,MATCH($B$3&"|3|"&B$44&"|"&$A47,'Master Data'!$A$2:$A$2436,0)),"") -> Belum terisi | U47: =IFERROR(INDEX('Master Data'!$L$2:$L$2436,MATCH($B$3&"|3|"&C$44&"|"&$A47,'Master Data'!$A$2:$A$2436,0)),"") -> Sebagian | V47: =IFERROR(INDEX('Master Data'!$L$2:$L$2436,MATCH($B$3&"|3|"&D$44&"|"&$A47,'Master Data'!$A$2:$A$2436,0)),"") -> Belum terisi | W47: =IFERROR(INDEX('Master Data'!$L$2:$L$2436,MATCH($B$3&"|3|"&E$44&"|"&$A47,'Master Data'!$A$2:$A$2436,0)),"") -> Sebagian | X47: =IFERROR(INDEX('Master Data'!$L$2:$L$2436,MATCH($B$3&"|3|"&F$44&"|"&$A47,'Master Data'!$A$2:$A$2436,0)),"") -> Sebagian | Y47: =IFERROR(INDEX('Master Data'!$L$2:$L$2436,MATCH($B$3&"|3|"&G$44&"|"&$A47,'Master Data'!$A$2:$A$2436,0)),"") -> Penuh | Z47: =IFERROR(INDEX('Master Data'!$L$2:$L$2436,MATCH($B$3&"|3|"&H$44&"|"&$A47,'Master Data'!$A$2:$A$2436,0)),"") -> Penuh
A48: 10:30 | B48: =IFERROR(INDEX('Master Data'!$M$2:$M$2436,MATCH($B$3&"|3|"&B$44&"|"&$A48,'Master Data'!$A$2:$A$2436,0)),"") -> Little 0/4 coach: – | C48: =IFERROR(INDEX('Master Data'!$M$2:$M$2436,MATCH($B$3&"|3|"&C$44&"|"&$A48,'Master Data'!$A$2:$A$2436,0)),"") -> Little 3/4 coach: Sri | D48: =IFERROR(INDEX('Master Data'!$M$2:$M$2436,MATCH($B$3&"|3|"&D$44&"|"&$A48,'Master Data'!$A$2:$A$2436,0)),"") -> Little 0/4 coach: – | E48: =IFERROR(INDEX('Master Data'!$M$2:$M$2436,MATCH($B$3&"|3|"&E$44&"|"&$A48,'Master Data'!$A$2:$A$2436,0)),"") -> Little 0/4 coach: – | F48: =IFERROR(INDEX('Master Data'!$M$2:$M$2436,MATCH($B$3&"|3|"&F$44&"|"&$A48,'Master Data'!$A$2:$A$2436,0)),"") -> Little 0/4 coach: – | G48: =IFERROR(INDEX('Master Data'!$M$2:$M$2436,MATCH($B$3&"|3|"&G$44&"|"&$A48,'Master Data'!$A$2:$A$2436,0)),"") -> Little 4/4 coach: Icis | H48: =IFERROR(INDEX('Master Data'!$M$2:$M$2436,MATCH($B$3&"|3|"&H$44&"|"&$A48,'Master Data'!$A$2:$A$2436,0)),"") -> Little 4/4 coach: Sri | T48: =IFERROR(INDEX('Master Data'!$L$2:$L$2436,MATCH($B$3&"|3|"&B$44&"|"&$A48,'Master Data'!$A$2:$A$2436,0)),"") -> Belum terisi | U48: =IFERROR(INDEX('Master Data'!$L$2:$L$2436,MATCH($B$3&"|3|"&C$44&"|"&$A48,'Master Data'!$A$2:$A$2436,0)),"") -> Sebagian | V48: =IFERROR(INDEX('Master Data'!$L$2:$L$2436,MATCH($B$3&"|3|"&D$44&"|"&$A48,'Master Data'!$A$2:$A$2436,0)),"") -> Belum terisi | W48: =IFERROR(INDEX('Master Data'!$L$2:$L$2436,MATCH($B$3&"|3|"&E$44&"|"&$A48,'Master Data'!$A$2:$A$2436,0)),"") -> Belum terisi | X48: =IFERROR(INDEX('Master Data'!$L$2:$L$2436,MATCH($B$3&"|3|"&F$44&"|"&$A48,'Master Data'!$A$2:$A$2436,0)),"") -> Belum terisi | Y48: =IFERROR(INDEX('Master Data'!$L$2:$L$2436,MATCH($B$3&"|3|"&G$44&"|"&$A48,'Master Data'!$A$2:$A$2436,0)),"") -> Penuh | Z48: =IFERROR(INDEX('Master Data'!$L$2:$L$2436,MATCH($B$3&"|3|"&H$44&"|"&$A48,'Master Data'!$A$2:$A$2436,0)),"") -> Penuh
A49: 11:15 | B49: =IFERROR(INDEX('Master Data'!$M$2:$M$2436,MATCH($B$3&"|3|"&B$44&"|"&$A49,'Master Data'!$A$2:$A$2436,0)),"") -> Little 4/4 coach: Sri | C49: =IFERROR(INDEX('Master Data'!$M$2:$M$2436,MATCH($B$3&"|3|"&C$44&"|"&$A49,'Master Data'!$A$2:$A$2436,0)),"") -> Little 3/4 coach: Frido | D49: =IFERROR(INDEX('Master Data'!$M$2:$M$2436,MATCH($B$3&"|3|"&D$44&"|"&$A49,'Master Data'!$A$2:$A$2436,0)),"") -> Little 4/4 coach: Icis | E49: =IFERROR(INDEX('Master Data'!$M$2:$M$2436,MATCH($B$3&"|3|"&E$44&"|"&$A49,'Master Data'!$A$2:$A$2436,0)),"") -> Little 2/4 coach: Icis | F49: =IFERROR(INDEX('Master Data'!$M$2:$M$2436,MATCH($B$3&"|3|"&F$44&"|"&$A49,'Master Data'!$A$2:$A$2436,0)),"") -> Little 0/4 coach: – | G49: =IFERROR(INDEX('Master Data'!$M$2:$M$2436,MATCH($B$3&"|3|"&G$44&"|"&$A49,'Master Data'!$A$2:$A$2436,0)),"") -> Little 2/2 coach: Faris | H49: =IFERROR(INDEX('Master Data'!$M$2:$M$2436,MATCH($B$3&"|3|"&H$44&"|"&$A49,'Master Data'!$A$2:$A$2436,0)),"") -> Little 3/4 coach: Deyon | T49: =IFERROR(INDEX('Master Data'!$L$2:$L$2436,MATCH($B$3&"|3|"&B$44&"|"&$A49,'Master Data'!$A$2:$A$2436,0)),"") -> Penuh | U49: =IFERROR(INDEX('Master Data'!$L$2:$L$2436,MATCH($B$3&"|3|"&C$44&"|"&$A49,'Master Data'!$A$2:$A$2436,0)),"") -> Sebagian | V49: =IFERROR(INDEX('Master Data'!$L$2:$L$2436,MATCH($B$3&"|3|"&D$44&"|"&$A49,'Master Data'!$A$2:$A$2436,0)),"") -> Penuh | W49: =IFERROR(INDEX('Master Data'!$L$2:$L$2436,MATCH($B$3&"|3|"&E$44&"|"&$A49,'Master Data'!$A$2:$A$2436,0)),"") -> Sebagian | X49: =IFERROR(INDEX('Master Data'!$L$2:$L$2436,MATCH($B$3&"|3|"&F$44&"|"&$A49,'Master Data'!$A$2:$A$2436,0)),"") -> Belum terisi | Y49: =IFERROR(INDEX('Master Data'!$L$2:$L$2436,MATCH($B$3&"|3|"&G$44&"|"&$A49,'Master Data'!$A$2:$A$2436,0)),"") -> Penuh | Z49: =IFERROR(INDEX('Master Data'!$L$2:$L$2436,MATCH($B$3&"|3|"&H$44&"|"&$A49,'Master Data'!$A$2:$A$2436,0)),"") -> Sebagian
A50: 12:00 | B50: =IFERROR(INDEX('Master Data'!$M$2:$M$2436,MATCH($B$3&"|3|"&B$44&"|"&$A50,'Master Data'!$A$2:$A$2436,0)),"") -> Little 0/0 coach: – | C50: =IFERROR(INDEX('Master Data'!$M$2:$M$2436,MATCH($B$3&"|3|"&C$44&"|"&$A50,'Master Data'!$A$2:$A$2436,0)),"") -> Little 0/0 coach: – | D50: =IFERROR(INDEX('Master Data'!$M$2:$M$2436,MATCH($B$3&"|3|"&D$44&"|"&$A50,'Master Data'!$A$2:$A$2436,0)),"") -> Little 0/0 coach: – | E50: =IFERROR(INDEX('Master Data'!$M$2:$M$2436,MATCH($B$3&"|3|"&E$44&"|"&$A50,'Master Data'!$A$2:$A$2436,0)),"") -> Little 0/0 coach: – | F50: =IFERROR(INDEX('Master Data'!$M$2:$M$2436,MATCH($B$3&"|3|"&F$44&"|"&$A50,'Master Data'!$A$2:$A$2436,0)),"") -> Little 0/0 coach: – | G50: =IFERROR(INDEX('Master Data'!$M$2:$M$2436,MATCH($B$3&"|3|"&G$44&"|"&$A50,'Master Data'!$A$2:$A$2436,0)),"") -> Little 4/4 coach: Deyon | H50: =IFERROR(INDEX('Master Data'!$M$2:$M$2436,MATCH($B$3&"|3|"&H$44&"|"&$A50,'Master Data'!$A$2:$A$2436,0)),"") -> Little 4/4 coach: Icis | T50: =IFERROR(INDEX('Master Data'!$L$2:$L$2436,MATCH($B$3&"|3|"&B$44&"|"&$A50,'Master Data'!$A$2:$A$2436,0)),"") -> Tutup | U50: =IFERROR(INDEX('Master Data'!$L$2:$L$2436,MATCH($B$3&"|3|"&C$44&"|"&$A50,'Master Data'!$A$2:$A$2436,0)),"") -> Tutup | V50: =IFERROR(INDEX('Master Data'!$L$2:$L$2436,MATCH($B$3&"|3|"&D$44&"|"&$A50,'Master Data'!$A$2:$A$2436,0)),"") -> Tutup | W50: =IFERROR(INDEX('Master Data'!$L$2:$L$2436,MATCH($B$3&"|3|"&E$44&"|"&$A50,'Master Data'!$A$2:$A$2436,0)),"") -> Tutup | X50: =IFERROR(INDEX('Master Data'!$L$2:$L$2436,MATCH($B$3&"|3|"&F$44&"|"&$A50,'Master Data'!$A$2:$A$2436,0)),"") -> Tutup | Y50: =IFERROR(INDEX('Master Data'!$L$2:$L$2436,MATCH($B$3&"|3|"&G$44&"|"&$A50,'Master Data'!$A$2:$A$2436,0)),"") -> Penuh | Z50: =IFERROR(INDEX('Master Data'!$L$2:$L$2436,MATCH($B$3&"|3|"&H$44&"|"&$A50,'Master Data'!$A$2:$A$2436,0)),"") -> Penuh
